date,open,high,low,close,volume,trading_value,market_cap,market_return_1d,market_return_5d,market_return_20d,market_volatility_20d,market_drawdown,volume_change_1d,trading_value_change_1d,trading_value_ma20,trading_value_ratio_20d
2018-02-05,1487.99,1498.1,1480.99,1489.41,143693847,8263559557872,1578528023269790,,,,,0.0,,,,
2018-02-06,1455.2,1473.56,1439.81,1468.49,199372022,10371473651627,1556773587022210,-0.014045830228076928,,,,-0.014045830228076928,0.3874777950652264,0.2550854845291175,,
2018-02-07,1488.41,1488.61,1429.82,1429.82,154698671,9298597786804,1516597823270820,-0.026333172170052266,,,,-0.04000913113246196,-0.2240703111292115,-0.10344488168802268,,
2018-02-08,1432.08,1451.05,1429.19,1441.13,158769041,10430958812463,1526579124029925,0.007910086584325349,,,,-0.03241552023955796,0.026311602896704978,0.12177761116476904,,
2018-02-09,1402.01,1419.65,1401.73,1411.9,138449265,8212915363740,1496439968175220,-0.020282694829751646,,,,-0.05204074096454303,-0.12798323824353142,-0.21264041864232675,,
2018-02-12,1423.66,1436.3,1416.36,1427.55,114108175,6398759342890,1510351800304895,0.011084354416035058,-0.04153322456543207,,,-0.04153322456543207,-0.1758123454104289,-0.22089062659278025,,
2018-02-13,1439.39,1452.19,1430.3,1434.38,114259384,6769068044401,1515320153497045,0.0047844208609155725,-0.023227941627113502,,,-0.036947516130548363,0.0013251373093996488,0.057871953243947116,,
2018-02-14,1446.41,1456.33,1444.98,1454.65,96314751,5830722402248,1535231010415090,0.014131541153669103,0.017365822271334874,,,-0.023338100321603883,-0.15705172189620764,-0.13862257492434982,,
2018-02-19,1474.29,1475.82,1457.56,1469.18,101195604,6191335945531,1551056857410610,0.00998865706527341,0.01946389291736339,,,-0.01358255953699783,0.050676069338537744,0.06184714661496615,,
2018-02-20,1461.87,1465.72,1446.54,1449.26,85297793,4854689713649,1531068494855360,-0.013558583699750937,0.026460797506905553,,,-0.02695698296640958,-0.15709981828854935,-0.2158897923875075,,
2018-02-21,1451.22,1460.38,1441.72,1458.37,90114430,5455577951884,1541151635002385,0.006285966631246254,0.021589436447059684,,,-0.0208404670305693,0.05646848330530663,0.12377479791254165,,
2018-02-22,1450.03,1453.18,1442.13,1447.7,88357039,4600298529931,1530782522943325,-0.007316387473686237,0.009286242139460832,,,-0.02800437757232732,-0.0195017712479566,-0.15677155188620162,,
2018-02-23,1455.37,1469.73,1455.37,1469.73,102436893,5558073827705,1554660381206070,0.015217241141120441,0.010366754889492347,,,-0.013213285797732066,0.15935180897132595,0.20819850962767106,,
2018-02-26,1478.17,1478.68,1467.37,1473.57,119778003,5575665036361,1559127559514130,0.0026127247861851277,0.0029880613675654644,,,-0.010635083690857527,0.1692857865183397,0.0031649829061848322,,
2018-02-27,1484.99,1489.77,1474.77,1474.77,101335927,5842864492049,1558541326119565,0.0008143488263196996,0.017602086582117815,,,-0.009829395532459206,-0.15396880510689426,0.04792243686546671,,
2018-02-28,1468.37,1477.2,1455.14,1456.18,128868284,7488615895023,1538924103849825,-0.012605355411352215,-0.0015016765292756862,,,-0.022310847919645993,0.27169393733379477,0.2816685899893019,,
2018-03-02,1443.65,1446.28,1431.67,1441.22,115655213,6222204435564,1524046834469985,-0.010273455204713677,-0.004476065483180247,,,-0.03235509362767808,-0.10253159730131889,-0.16911155241660458,,
2018-03-05,1444.05,1445.81,1423.89,1424.35,98358272,5936562463429,1506649309314910,-0.011705360736043113,-0.03087641947840769,,,-0.04368172632116085,-0.1495560861575691,-0.04590687674972038,,
2018-03-06,1441.03,1451.07,1436.17,1449.97,113425927,6552305819558,1530770447737685,0.017987152034261378,-0.01601552691762176,,,-0.026480284139357213,0.15319153837920219,0.10372052175348334,,
2018-03-07,1450.79,1461.83,1439.47,1443.03,141379683,9444647767927,1521986636790740,-0.004786305923570877,-0.021522000040684275,,,-0.031139847322094072,0.24644943831933586,0.44142352753677017,6964944842032.8,1.3560262115687438
2018-03-08,1456.02,1463.85,1447.22,1463.82,130866903,9146071011060,1542481631945685,0.014407184881811252,0.005246604128610333,-0.017181299977843678,0.20822429059173114,-0.017181299977843678,-0.07435849180677534,-0.031613328967220355,7009070414692.2,1.3048907301442263
2018-03-09,1469.9,1490.21,1464.94,1477.92,146488802,8458093581462,1559375705111545,0.00963233184407919,0.025464536989495024,0.006421562285068294,0.20516344764076513,-0.007714464116663655,0.11937242069524645,-0.07522108988286391,6913401411183.95,1.2234344685640806
2018-03-12,1494.55,1497.24,1487.61,1493.11,123126969,6556404556895,1575409194399020,0.010277958211540428,0.048274651595464624,0.04426431299044631,0.1817109691882923,0.0,-0.15947862690555692,-0.22483660250993454,6776291749688.5,0.9675505127411894
2018-03-13,1494.08,1502.83,1490.88,1502.83,122980642,8065153850059,1582666340599355,0.006509902150544811,0.03645592667434494,0.04281362541894196,0.18119774110301085,0.0,-0.0011884236344679167,0.23011839493298702,6658001501568.3,1.2113475564941287
2018-03-14,1492.2,1499.02,1490.85,1498.2,101171217,6136403363643,1577655560072790,-0.0030808541218899643,0.038232053387663445,0.06112330901621932,0.16223513853880825,-0.0030808541218899643,-0.17734030856661165,-0.23914614925813105,6554175901563.45,0.9362585709942888
2018-03-15,1498.61,1505.73,1488.69,1501.76,105314747,6330462351348,1581638566290755,0.0023761847550394233,0.025918487245699673,0.051984168680606624,0.15941449647179615,-0.0007119900454475303,0.04095562080665682,0.031624222888404274,6550761051986.35,0.9663705180375112
2018-03-16,1503.0,1505.11,1491.22,1502.9,114553221,6662639260500,1582724570361725,0.0007591093117409464,0.01690213272707597,0.04776976812281264,0.15931820554648973,0.0,0.08772251050463042,0.052472772242499355,6545439612791.3,1.0179055425826045
2018-03-19,1501.34,1503.0,1488.54,1490.43,101452879,5300866112054,1569537714385515,-0.008297291902322201,-0.0017949112925369493,0.02459698209191208,0.15726196003607928,-0.008297291902322201,-0.11436031117798073,-0.20438944616428256,6518946798281.6,0.8131476258482909
2018-03-20,1479.01,1498.76,1478.52,1498.76,92691599,5222987114410,1577850327151420,0.005588991096529217,-0.002708223817730504,0.02013368001197935,0.15477981730623858,-0.0027546742963604487,-0.08635812099526519,-0.014691749611805083,6470529356725.55,0.807196262695441
2018-03-21,1500.59,1503.87,1497.51,1497.6,106779713,6040504409806,1577097464114120,-0.000773973151138363,-0.00040048057669217485,0.03335495356250773,0.14513664518264818,-0.0035265154035531987,0.1519891139217482,0.15652293936175043,6529820091533.4,0.9250644466664787
2018-03-22,1504.27,1512.33,1496.32,1503.12,129776932,6612540029170,1582736790240220,0.003685897435897534,0.0009056040911996632,0.03068494277858158,0.14433383334871838,0.0,0.21537067626319617,0.09469997545823694,6587668195397.7,1.0037755140414746
2018-03-23,1471.49,1473.96,1447.82,1450.26,146239630,8013774691064,1529689148882130,-0.03516685294587252,-0.0350256171401957,0.0017683221661946025,0.19276088445599532,-0.03516685294587252,0.12685380788628908,0.21190566041380654,6758342003454.35,1.1857604552962795
2018-03-26,1448.89,1464.36,1439.77,1464.36,134713237,6571260426952,1545903322858800,0.009722394605105267,-0.017491596384936026,-0.003653732318181002,0.18799556358563785,-0.02578636436212678,-0.07881853229524716,-0.18000434498370899,6809001333416.7,0.9650843207655235
2018-03-27,1475.4,1476.12,1465.79,1470.46,126447895,6414934040022,1555761024627090,0.004165642328389341,-0.01888227601483894,-0.002110520708211938,0.18837492562804273,-0.021728138804619657,-0.06135508420750069,-0.02378940671546481,6850964783599.75,0.936354840909189
2018-03-28,1452.93,1455.7,1442.75,1449.75,122812518,7137091557790,1533643182221850,-0.014084028127252735,-0.031951121794871695,-0.01696535730995341,0.1947945977058038,-0.03550614721379519,-0.02875000014828244,0.11257442605996348,6915676136886.8,1.0320164531306224
2018-03-29,1451.29,1463.67,1446.09,1461.19,106704040,6763934681654,1546515867761875,0.007891015692360837,-0.027895311086273744,0.0034405087283164715,0.1918606165824139,-0.027895311086273744,-0.13116316041985232,-0.05228416549157289,6879442076218.35,0.9832097729314927
2018-03-30,1471.85,1475.02,1464.81,1464.88,130642085,5515014940080,1551133286280605,0.002525338936072652,0.010080951001889327,0.016416647007396534,0.18789496302526834,-0.025440417265421122,0.22434056854829487,-0.1846439683933493,6844082601444.15,0.8058077701920623
2018-04-02,1469.78,1476.38,1459.9,1461.58,116525303,5614422850621,1549758131780590,-0.0022527442520889895,-0.0018984402742494577,0.026138238494751942,0.1824122469395091,-0.02763585076374475,-0.10805692514781895,0.018024957614993786,6827975620803.75,0.822267559584535
2018-04-03,1447.47,1459.23,1442.51,1459.23,163872069,6680394403519,1548730825188005,-0.0016078490400798229,-0.007637065952151079,0.006386339027703913,0.1716587475568246,-0.029199265527702245,0.4063217582879832,0.1898630689671148,6834380050001.8,0.977468966408627
2018-04-04,1463.44,1463.44,1436.61,1437.77,183159084,7568069548522,1527065057713000,-0.014706386244800362,-0.008263493705811364,-0.0036451078633154,0.1790662565265889,-0.04347623609558782,0.11769556043135077,0.13287765532756612,6740551139031.55,1.1227671732506646
2018-04-05,1449.96,1464.53,1446.29,1457.73,207471995,6853346059937,1545713228799240,0.013882609875014884,-0.0023679329861278076,-0.004160347583719304,0.17851057556410516,-0.030197189845122097,0.13274204297724057,-0.09443933938537619,6625914891475.4,1.0343244928717998
2018-04-06,1446.3,1454.8,1443.66,1451.66,149498797,6460040579509,1540424745424520,-0.004164008424056509,-0.009024630003822809,-0.017768214788351222,0.1751718090845967,-0.034235456916280715,-0.279426618517839,-0.057388825398321686,6526012241377.75,0.9898909687219921
2018-04-09,1448.62,1461.53,1448.54,1460.21,134163229,6214371935272,1549969963035590,0.005889808908422056,-0.0009373417808125062,-0.022034545344951084,0.17214510545558379,-0.02854728830698805,-0.10257987560930004,-0.038028963009342664,6508910610296.6,0.9547483914499206
2018-04-10,1456.5,1465.94,1442.71,1462.4,122268253,6557946234063,1554136825817800,0.0014997842776038883,0.0021723785832254983,-0.026902577137799866,0.17013110159641723,-0.02709031880355517,-0.0886604779018847,0.05528705110824084,6433550229496.8,1.019335514627035
2018-04-11,1467.05,1469.21,1455.82,1458.14,137264812,6588876254200,1548909432749335,-0.0029130196936542063,0.014167773705112907,-0.02673875317047114,0.17010893864608495,-0.02992442386502725,0.12265292610339329,0.004716418682474854,6456173874024.65,1.0205543380281712
2018-04-12,1462.56,1465.54,1456.84,1457.69,134416801,7193376529928,1546596874152580,-0.00030861234175050267,-2.7439923717009762e-05,-0.029345567867036015,0.169605829058839,-0.03022380116025325,-0.02074829636600528,0.09174558033969271,6499319582953.65,1.106789170484048
2018-04-13,1462.94,1468.53,1458.99,1465.34,121550594,5893503470566,1556580239491715,0.005248029416405231,0.009423694253475112,-0.024991682746689836,0.1711171573318371,-0.025134387141412473,-0.09571874129038382,-0.18070415943804496,6460862793456.95,0.9121852079159571
2018-04-16,1472.39,1472.66,1462.42,1466.93,97873350,4901952617663,1557685390294195,0.0010850724064039863,0.004602077783332659,-0.01576726179693111,0.16919235764564564,-0.024076587364947444,-0.1947933220301663,-0.1682447219816049,6440917118737.4,0.7610643837354516
2018-04-17,1468.62,1472.98,1461.74,1464.89,102479083,5234708829369,1555950670765285,-0.001390659404334249,0.0017026805251640909,-0.02259868157677003,0.1675355423016943,-0.025433764436638362,0.04705809088991031,0.06788238027984872,6441503204485.35,0.812653298957294
2018-04-18,1473.82,1485.35,1473.74,1481.39,127995398,6243487884238,1571102289735395,0.011263644369201797,0.01594497099043979,-0.010823985042734963,0.1731889851155098,-0.014456596945020883,0.2489904695966103,0.19270967837013386,6451652378206.95,0.9677347008539844
2018-04-19,1483.73,1488.77,1479.51,1485.77,153279310,8105742021038,1572231240272415,0.0029566825751490278,0.019263355034335072,-0.011542657938155232,0.1729751763248644,-0.011542657938155232,0.19753766459634736,0.29827144239381886,6526312477800.35,1.24200948829989
2018-04-20,1479.64,1483.44,1473.79,1476.48,131559359,6589746211844,1565513436560465,-0.00625265014100429,0.007602331199585199,0.01807951677630215,0.11782685641982543,-0.01772313587737495,-0.14170177958134078,-0.18702739431619186,6455111053839.35,1.0208571404708169
2018-04-23,1473.82,1477.93,1469.84,1474.91,161414507,7321603853778,1562257112168615,-0.0010633398352838386,0.0054399323757778895,0.007204512551558517,0.11327511737789266,-0.018767629996274238,0.22693290866520566,0.11106006489576248,6492628225180.65,1.1276795158826893
2018-04-24,1476.67,1477.16,1460.62,1465.14,131140499,7073653796405,1554442651153600,-0.00662413299794562,0.0001706612783212158,-0.0036179154822300053,0.11495892922535059,-0.02526744371706835,-0.18755444329424498,-0.0338655385247395,6525564212999.8,1.0839911409213216
2018-04-25,1452.65,1459.51,1447.95,1457.28,112236551,6722772991814,1545777143553805,-0.005364675048118328,-0.016275254996996114,0.005193998965338897,0.10465234928355635,-0.030496567140347985,-0.14415034367072221,-0.04960389845051871,6504848284701.0,1.0335018892947196
2018-04-26,1464.72,1479.58,1461.81,1475.82,127522561,7012127405395,1563819678409435,0.0127223320158103,-0.006696864252205947,0.01001238716388686,0.11055162924702583,-0.0181622225770397,0.1361945806763074,0.04304093176035151,6517257920888.05,1.0759321620402462
2018-04-27,1491.02,1497.41,1482.58,1489.11,123264909,7290832847973,1576409815293655,0.009005163231288416,0.008554128738621491,0.01654060400851942,0.1144341981325286,-0.009320613124700672,-0.0333874411446301,0.039746203465095276,6606048816282.7,1.1036601531012658
2018-04-30,1493.66,1499.74,1491.65,1499.68,225790584,7502759447080,1588616778989510,0.007098199595731769,0.01679424507258065,0.02606768018172123,0.115881342880348,-0.0022885731012824984,0.8317507053041349,0.02906754324588845,6700465646105.65,1.1197370217755906
2018-05-02,1498.91,1500.86,1492.39,1494.67,205046793,9313017590934,1579968305223830,-0.0033407126853728375,0.020155070505207595,0.02428678138470297,0.1166214949290068,-0.005621640321464616,-0.09187181605411854,0.24127897963709,6832096805476.4,1.363127288165614
2018-05-03,1496.14,1496.66,1485.15,1485.15,144764962,6354253691793,1568657906874680,-0.006369298908789234,0.01912467061923584,0.03295381041473955,0.10465583852487631,-0.011955133322688716,-0.2939906063295513,-0.31770195538138857,6771406012639.95,0.9383950216442101
2018-05-04,1485.5,1487.34,1466.6,1466.6,203379087,9267652071828,1550726910151440,-0.012490320843012603,-0.006247374341044276,0.006084803084247303,0.10561251332095628,-0.024296130714779873,0.40489165465328547,0.45849576068986275,6892121313234.5,1.3446733814786342
2018-05-08,1471.88,1479.52,1454.76,1458.37,173219582,8343961431968,1541576947361490,-0.005611618709941424,-0.02064320298701905,0.004622294476668065,0.10654932985293707,-0.02977140880302309,-0.14829206603725187,-0.09966824743754177,6986317355857.45,1.1943290015264305
2018-05-09,1459.42,1460.69,1443.92,1455.59,164805409,8540325196813,1541692217570950,-0.001906237786021392,-0.029399605249119887,-0.003163928476041189,0.10465496816326746,-0.03162089520464095,-0.0485751836071282,0.023533637642747962,7102615018934.5,1.2024198374888377
2018-05-10,1464.75,1468.17,1458.22,1468.05,154222034,7603528189131,1553267818598550,0.0085601027761939,-0.01780995136050101,0.0038635120350107854,0.1090295628738774,-0.023331470541274157,-0.06421740077717963,-0.10969102301064426,7154894116687.9,1.062703104354363
2018-05-11,1471.07,1479.73,1470.41,1474.62,140125547,6158456608522,1561563625156050,0.004475324409931591,-0.007090192909807169,0.011302069760105171,0.10937167986639822,-0.018960562030975625,-0.09140384570469351,-0.19005276822339967,7133373134404.0,0.8633302215497444
2018-05-14,1476.71,1478.61,1466.92,1469.06,175799907,7550880977608,1556293471873090,-0.003770462898916249,0.0016773489704078326,0.007800012348304408,0.11043184807949641,-0.02265953483421146,0.25458855122256896,0.22609956643344375,7151248356788.0,1.0558829173427695
2018-05-15,1470.4,1473.15,1456.61,1458.16,166588443,7367008931129,1545852529149435,-0.007419710563217219,-0.000143996379519451,-0.004899886715710955,0.11221377598046156,-0.02991111820746173,-0.0523974338621237,-0.024351072017194997,7224923629816.15,1.0196659935236527
2018-05-16,1453.36,1466.57,1453.33,1463.26,167329092,7612648530092,1550958113516685,0.00349755856696099,0.005269340954527024,-0.002501823536228742,0.11291103257784506,-0.026518175528234544,0.004445980685466866,0.03334319277462261,7360458425437.6,1.0342628257749322
2018-05-17,1469.73,1471.29,1456.44,1456.64,152207236,6216641571335,1543483371335055,-0.004524144717958478,-0.007772214842818648,-0.005631822184600899,0.11392889684986093,-0.03092234818244699,-0.09037194799335913,-0.18337993055094182,7409555062535.9,0.83900335699879
2018-05-18,1461.93,1463.97,1457.68,1462.63,113857959,5293789487000,1551011725228500,0.0041122034270650865,-0.008130908301799633,-0.012663781988537792,0.10695111497438463,-0.02693730374155079,-0.25195436174926666,-0.14844865571634058,7362070142674.0,0.7190626256485553
2018-05-21,1464.64,1471.56,1454.63,1467.0,118775246,4913934541232,1554420958728770,0.0029877686086021704,-0.0014022572257089694,-0.012633180101900066,0.10696494179767223,-0.024030017563467898,0.04318790748743351,-0.07175482642458919,7202479768683.7,0.682255931158284
2018-05-23,1468.24,1479.11,1466.13,1475.72,161877839,7888852843918,1559522929936280,0.005944103612815388,0.012042574203105172,-0.0005147377546597109,0.10719870679260395,-0.018228750864867638,0.36289205412380277,0.6054045445098952,7267435100287.4,1.0855071610623706
2018-05-24,1478.8,1481.41,1469.28,1473.81,116124799,5588853264208,1557916012865905,-0.0012942834684086524,0.00720992851577984,-0.0007458082188066539,0.1072321023829652,-0.019499441162382225,-0.2826393055568279,-0.2915505746165883,7180797570808.9,0.7783053635890795
2018-05-25,1467.02,1481.18,1464.54,1477.6,165038463,7899908040445,1559834678757975,0.0025715662127410166,0.014389279437609703,0.008504306755668267,0.10465273439605015,-0.016978019053701665,0.4212163501785695,0.4135114426849247,7222110283010.9,1.093850374872914
2018-05-28,1478.13,1486.42,1476.45,1482.41,209606351,8265346130197,1566527937792595,0.0032552788305362235,0.01352358422841049,0.017244455423803373,0.10276284050977538,-0.013778008409175424,0.2700454620690451,0.046258524514598554,7299238939930.05,1.1323572496006287
2018-05-29,1481.5,1484.69,1467.74,1468.27,162616545,7590012615498,1552177541104755,-0.009538521731504823,0.0008657123381050624,-0.005115800029813933,0.09903700332176461,-0.023185108308052538,-0.22418121290609172,-0.08170662233148407,7328133200435.2,1.035736170167765
2018-05-30,1463.05,1465.22,1434.28,1440.61,168820480,8225530034340,1523813005655575,-0.018838497006681387,-0.02379177621771078,-0.03256979000879723,0.1129154088212698,-0.04158683272127306,0.03815069985652442,0.0837307460522978,7374868059753.55,1.1153460601185152
2018-05-31,1453.5,1454.32,1443.11,1448.62,250630290,12147313946155,1532036195080125,0.0055601446609421235,-0.01709175538230845,-0.03404726341619557,0.11146116626902496,-0.03625791686625157,0.484596477868088,0.47678190893988703,7607095784707.3,1.59683988343817
2018-06-01,1444.86,1462.4,1443.84,1458.64,155270872,7266788794067,1543262259047300,0.006916927834766939,-0.0128316188413643,-0.024105655428957595,0.11534652610874391,-0.029591782425887336,-0.38047842501399176,-0.40177813578555255,7504784344863.95,0.9682874897051735
2018-06-04,1460.93,1467.65,1458.9,1464.02,136863142,6925887503889,1547636756320970,0.003688367246201807,-0.012405474868626198,-0.014227519105814324,0.11488555379668085,-0.026012560540741858,-0.11855237085291825,-0.046912233152603844,7533366035468.75,0.9193616069205177
2018-06-05,1466.05,1469.17,1455.58,1467.9,140869396,6501055993134,1551531773866045,0.002650237018620105,-0.0002519972484623656,0.000886403927451429,0.1065282988093997,-0.02343126297301601,0.02927197155827388,-0.0613396493252959,7395036231534.05,0.8791107696554721
2018-06-07,1477.89,1482.99,1473.98,1477.38,138340355,6700386470972,1562866484904410,0.006458205599836564,0.025523910010343043,0.013035100831750634,0.1066120322341821,-0.017124381286923063,-0.017953090393033277,0.03066124611886445,7312857483484.25,0.9162473747238358
2018-06-08,1474.02,1475.12,1462.5,1464.18,124499353,6154137926057,1549807165209245,-0.008934735816106931,0.010741257196504428,0.005901387066413077,0.11166353804336034,-0.025906115280217024,-0.10005035768485626,-0.08152493102920344,7193548119946.45,0.8555079945865174
2018-06-11,1465.26,1474.5,1460.75,1474.04,124169910,5618427593523,1560067459698140,0.0067341447089837025,0.010557779849722948,0.004080242498552433,0.11005242142103001,-0.019346426100377845,-0.002646142265494311,-0.08704880179330554,7094293090166.05,0.7919644032343601
2018-06-12,1476.92,1480.39,1470.56,1473.75,152338994,6998911947222,1558440373571850,-0.00019673821605925568,0.006646084069889868,-0.0005899825039670237,0.10890368054770329,-0.01953935813507901,0.2268591802957738,0.24570653100352158,7136315857101.05,0.9807458200238818
2018-06-14,1464.1,1464.83,1447.72,1448.48,181125065,8662206857076,1534277063378360,-0.017146734520780305,-0.013229784045234783,-0.014008958109267056,0.12429728744875522,-0.03635105646921066,0.18896062159895854,0.23765049801979488,7191882151074.45,1.204442269091115
2018-06-15,1454.1,1454.67,1437.7,1437.82,166280798,7973138852110,1532403998401520,-0.007359438860046419,-0.026777132491302313,-0.013949086519997933,0.12425409223133815,-0.04344297195167379,-0.08195589605447484,-0.07954878200618276,7222188647123.5,1.103978204070534
2018-06-18,1437.8,1438.75,1412.25,1419.67,163247263,7336840300700,1513801194560465,-0.01262327690531495,-0.030399267849581357,-0.029789647772781258,0.13011616500408874,-0.055517856192452864,-0.018243447448454075,-0.07980527659337211,7208398235653.9,1.017818391943276
2018-06-19,1417.9,1422.08,1397.29,1399.24,156644091,7109810610761,1490579782070410,-0.014390668253890015,-0.05074489159045881,-0.03940575571177507,0.13767287848638596,-0.06910958539571022,-0.040448898674644296,-0.030943796053096495,7253056687625.2,0.9802502471670187
2018-06-20,1407.3,1421.56,1403.45,1415.11,147411847,6486505520841,1508390595040910,0.01134187130156361,-0.03978965224766762,-0.032489419743886194,0.14415007561761548,-0.05855154611740909,-0.05893770994527969,-0.08766831130165431,7312692489317.25,0.8870201407097064
2018-06-21,1415.34,1419.07,1399.66,1399.66,136986373,5885494654895,1491063908589840,-0.01091787917547038,-0.03370429691814869,-0.045903203817314164,0.14669508157207686,-0.06883016658683261,-0.07072344734951996,-0.09265556993900115,7361270495000.4,0.79952158515195
2018-06-22,1389.98,1412.55,1388.53,1412.51,127165723,5612101956802,1505971619622045,0.00918080105168384,-0.017603037932425458,-0.042833328815764515,0.1495318744322992,-0.06028128160093671,-0.07169070751292905,-0.046451949092438216,7247432950644.6,0.7743572096521224
2018-06-25,1409.13,1414.96,1399.31,1412.16,105682159,5079649364603,1505933152994905,-0.000247785856383298,-0.005289961751674732,-0.04183035805158053,0.14965685027188744,-0.06051413060833455,-0.16894146860628478,-0.09487578741395719,7221972755664.35,0.7033603610064745
2018-06-26,1397.37,1414.18,1393.37,1409.32,122950715,5600456813130,1502680088177000,-0.002011103557670646,0.007203910694376869,-0.046210070384407165,0.1486435137421442,-0.06240353398264942,0.1634008631485282,0.10252822806160444,7107000194298.6,0.7880197917572616
2018-06-27,1409.36,1416.5,1406.26,1406.51,127512148,6055549135378,1497807595025445,-0.0019938693838162935,-0.006077266078255317,-0.051200410142942965,0.14719248947064,-0.06427297887061567,0.0370996866508666,0.08125985744253184,6996510344557.65,0.8655099238277276
2018-06-28,1395.8,1400.19,1385.1,1386.96,111359499,5060743822065,1475556089393200,-0.01389965233094681,-0.009073632167812207,-0.055378098033740386,0.1506979506677664,-0.07727925914098666,-0.12667537370635462,-0.16427995068211132,6870046904886.0,0.7366389039448599
2018-06-29,1392.99,1397.74,1377.15,1395.0,117598216,5404132747858,1483650945618195,0.005796850666205167,-0.012396372415062529,-0.03166019949882337,0.14098535096482379,-0.07193038479961678,0.05602321361018325,0.06785344958498274,6728977040561.9,0.8031135661902526
2018-07-02,1392.64,1396.73,1362.47,1362.47,130370335,5274203637517,1449141338148010,-0.02331899641577062,-0.035187230908678924,-0.05947039251149355,0.15787161820455087,-0.0935720368300601,0.10860810167392332,-0.024042546029702794,6385321525130.0,0.8259887331843672
2018-07-03,1372.16,1373.29,1352.6,1365.21,127012655,5499623868350,1451085321641785,0.002011053454388012,-0.03129878239150785,-0.06405281632205351,0.15470741114066971,-0.09174916174357328,-0.025754938805672367,0.04274014549410232,6296963278844.15,0.8733771541636642
2018-07-04,1365.9,1371.22,1357.8,1360.51,91969641,4337385568454,1446003655562280,-0.003442693798023755,-0.032705064308110154,-0.07070258603024548,0.15251542688181827,-0.0948759912714886,-0.27590175167978337,-0.2113305069069561,6167538182072.4,0.7032604323491294
2018-07-05,1359.78,1366.37,1348.22,1357.95,90638421,4275196852299,1442122395207605,-0.0018816473234301023,-0.020916248485897238,-0.0749029225424076,0.15088572145044804,-0.09657911543988495,-0.014474559055851932,-0.014337834433558627,6056245225030.65,0.7059154135023262
2018-07-06,1359.85,1373.47,1349.89,1366.2,128486376,5723417002855,1452365787322100,0.0060753341433779084,-0.020645161290322567,-0.07525484303293672,0.15054479792869419,-0.09109053169407622,0.41757076725773934,0.33874934899833087,6007396751624.8,0.9527283180201154
2018-07-09,1369.16,1381.69,1363.51,1375.35,102004883,4807705117477,1461904980075645,0.006697408871321864,0.009453419157853027,-0.06066877023316819,0.15374959332849075,-0.0850031933578157,-0.20610350937129707,-0.15999391358714865,5940075111195.8,0.8093677314644525
2018-07-10,1384.63,1387.88,1377.95,1379.51,103901746,4252915791162,1465643857048670,0.0030246846257317994,0.01047457900249782,-0.06412987435890471,0.15115109567644036,-0.08223561658417156,0.01859580584980436,-0.11539587240869376,5871799521077.75,0.7242951289286169
2018-07-11,1368.42,1374.66,1358.89,1369.72,126780266,4908924027809,1455131888805460,-0.007096722749382001,0.006769520253434358,-0.07058863443596264,0.15127764803316726,-0.08874873596253119,0.22019379732078814,0.1542490537927539,5767300125107.1,0.8511650029168268
2018-07-12,1372.1,1380.95,1366.92,1371.63,122373516,5498672635422,1459167712399170,0.0013944455801186972,0.010074008615928554,-0.053055616922566995,0.14338338695166666,-0.0874780456650166,-0.034758958464403245,0.12013805963834034,5609123414024.4,0.9803087273269399
2018-07-13,1377.78,1392.13,1377.73,1390.89,116816345,5527769996635,1472107481846090,0.014041687627129651,0.01807202459376378,-0.032639690642778496,0.1538666755452677,-0.07466469742934678,-0.04541154966896599,0.005291706406661989,5486854971250.65,1.0074569175964612
2018-07-16,1391.52,1395.34,1383.13,1384.68,90163082,4283792745213,1467325279299560,-0.004464767163470884,0.0067837277783837635,-0.024646572795086197,0.14876436521791578,-0.07879610410346471,-0.22816381560303056,-0.22504142758820722,5334202593476.3,0.8030802486677305
2018-07-17,1385.29,1387.19,1377.21,1381.17,135163740,4477976615045,1465872558092980,-0.0025348817055204087,0.0012033258185877305,-0.012914153397558636,0.14055301106582482,-0.08113124700622698,0.4991029255188948,0.045329893713694336,5202610893690.5,0.8607171873021862
2018-07-18,1391.66,1396.43,1376.36,1378.38,118614001,4729050837739,1466242008682795,-0.0020200264992723538,0.006322460064830837,-0.025955579424920883,0.13329553581873613,-0.08298738623662771,-0.12244215053534324,0.056068676609530854,5114738159535.4,0.924592948892728
2018-07-19,1384.04,1385.06,1371.3,1373.49,153334396,5615149114018,1460699439244095,-0.003547642885126101,0.0013560508300343166,-0.01869739793949965,0.12871657588311902,-0.08624061951141615,0.29271750979886435,0.18737338774362833,5101220882491.55,1.1007461239897216
2018-07-20,1372.75,1379.48,1364.79,1376.79,122716991,4747753817929,1465361347235770,0.002402638533953727,-0.01013739404266345,-0.025288316542891764,0.12382319941587606,-0.08404518601309274,-0.19967734441005658,-0.15447413389674403,5058003475547.9,0.9386616361339505
2018-07-23,1376.21,1376.21,1357.54,1360.57,132473864,5592604427921,1450106247553520,-0.01178102688136895,-0.017411965219400916,-0.03653268751416283,0.1292336262824446,-0.09483607429879182,0.07950710753655943,0.17794743417436276,5083651228713.8,1.100115679913779
2018-07-24,1362.96,1368.18,1355.75,1364.89,141978445,5573558461734,1455655413239455,0.003175139831100404,-0.011787108031596327,-0.03152584225016308,0.130441434387521,-0.09196205226462284,0.0717468390595144,-0.00340556290588212,5082306311144.0,1.0966592960980783
2018-07-25,1367.47,1372.43,1357.65,1360.27,135994300,6361222461443,1449790317287915,-0.003384888159485455,-0.01313861199378985,-0.03287569942623947,0.13059501138195634,-0.09503565916227574,-0.04214826412558614,0.1413215641527421,5097589977447.25,1.2478882157227849
2018-07-26,1367.23,1376.72,1361.68,1371.73,135800292,6180321594345,1460528607090975,0.008424798018040525,-0.0012814072181086544,-0.010980850204764359,0.12678052079713611,-0.08741151737718866,-0.0014265892026357196,-0.028438066455698796,5153568866061.25,1.1992313976912998
2018-07-27,1373.07,1375.89,1368.9,1375.67,102143085,4840075019536,1463884725534395,0.0028722853622797917,-0.0008134864431030842,-0.013856630824372718,0.12526335275524608,-0.08479030283676603,-0.24784340669900773,-0.21685709300877265,5125365979645.15,0.9443374460980634
2018-07-30,1371.92,1375.27,1366.39,1372.54,93893306,4306508812376,1461460517471930,-0.0022752549666709143,0.008797783282006755,0.007390988425433065,0.0928785657110789,-0.08687263824578206,-0.08076688696058087,-0.11023924319486089,5076981238388.1,0.8482420182713304
2018-07-31,1370.93,1375.83,1367.02,1374.62,107109746,4620361459066,1463945059214765,0.0015154385300246709,0.007128779608613023,0.00689271247646861,0.09278005644594067,-0.08548884985895999,0.14076019434228892,0.07287867280987648,5033018117923.9,0.9180100986745267
2018-08-01,1379.05,1387.01,1378.8,1383.05,109604558,4889836965345,1473027929768990,0.006132603919628776,0.016746675292405255,0.016567316668014254,0.09379544036906952,-0.0798805151950609,0.023292110131602817,0.058323468556824576,5060640687768.45,0.9662485971714447
2018-08-02,1380.66,1381.5,1355.58,1359.14,107574519,4599412760261,1448228425756980,-0.017287878240121346,-0.009178191043426875,0.0008763209249236237,0.11357752979376955,-0.0957874288147319,-0.018521483385754767,-0.05939343318443524,5076851483166.55,0.9059577132621259
2018-08-03,1363.86,1369.86,1359.99,1369.05,108378351,4039724489087,1459673091103260,0.007291375428579716,-0.004812200600434746,0.0020860781730345224,0.11450878267255606,-0.0891944754909787,0.007472327159557146,-0.12168689794699783,4992666857478.15,0.8091315932758847
2018-08-06,1369.71,1376.71,1364.18,1366.15,131991797,4518269920384,1456149623332800,-0.002118257185639627,-0.004655602022527461,-0.006689206383829416,0.11205120280633683,-0.09112379583799024,0.21787973134966787,0.11845991789533006,4978195097623.5,0.9076120625607743
2018-08-07,1368.86,1375.41,1361.38,1374.6,119221861,4574173172206,1466041769986770,0.006185265161219311,-1.4549475491398844e-05,-0.0035592348007627006,0.11384666857305234,-0.08550215551652562,-0.09674795169278583,0.012372711858092966,4994257966675.7,0.9158864445383628
2018-08-08,1378.42,1381.01,1372.35,1374.42,102971515,4869371659732,1466705844361860,-0.00013094718463546595,-0.0062398322547990714,0.0034313582337996973,0.11085824480140118,-0.08562190643461587,-0.13630340831535925,0.06453592297723043,4992280348271.85,0.9753802511146241
2018-08-09,1374.2,1376.6,1367.3,1376.6,116833182,6103202690154,1469559128477370,0.0015861236012280067,0.012846358726841922,0.0036234261426184577,0.11088784640537044,-0.08417158975996597,0.13461651991815415,0.2533860868796176,5022506851008.45,1.215170605278231
2018-08-10,1370.3,1370.91,1356.98,1360.15,122754693,5845709664288,1455362177173515,-0.011949731221850834,-0.006500858259376852,-0.022100956941239036,0.10614928041343147,-0.0951154931076692,0.05068346935890178,-0.04218982048251507,5038403834391.1,1.1602304730689506
2018-08-13,1349.06,1352.41,1332.18,1339.63,127658598,5365896969945,1432423866199390,-0.015086571334044008,-0.019412216813673444,-0.032534592830112286,0.11678423240591528,-0.10876709776997162,0.03994881890177515,-0.08207946030474655,5092509045627.7,1.0536843276796972
2018-08-14,1340.72,1348.32,1338.88,1345.91,104611238,4525867524093,1439163081897085,0.004687861573718033,-0.020871526262185247,-0.025529080417327377,0.11883538363911074,-0.10458912129437425,-0.1805390342764065,-0.15654967856391966,5094903591080.1,0.8883126919254489
2018-08-16,1327.18,1337.16,1319.2,1333.95,126915282,5597541463360,1427128516439350,-0.00888618109680439,-0.029445147771423597,-0.03223349149001009,0.12187411724678344,-0.11254590451860125,0.21320887149810797,0.23678862307879145,5138328122361.15,1.0893701861896343
2018-08-17,1336.14,1340.24,1333.01,1337.15,104412315,4356149474293,1431121186545605,0.002398890513137797,-0.028657562109545176,-0.02645814676481073,0.12244595094223125,-0.11041699930810567,-0.1773069928647364,-0.2217745053239566,5075378140374.9,0.858290624621563
2018-08-20,1342.68,1347.95,1334.59,1336.32,100554349,4050786931075,1430279022429720,-0.0006207231798976975,-0.017520126456640917,-0.029394461028915075,0.12169766551026565,-0.11096918409707801,-0.03694933878249895,-0.07009918851959507,5040529796032.2,0.8036430881261122
2018-08-21,1336.59,1356.11,1334.1,1353.83,118077221,5082107396126,1446984854044290,0.013103148946360221,0.010599941774967592,-0.004953806125373883,0.12570388585797032,-0.09932008089839794,0.1742626964846643,0.2545975590913905,5015004944442.45,1.0133803360967593
2018-08-22,1356.33,1361.79,1353.79,1357.14,117240448,5003838912114,1448347162344905,0.002444915535924075,0.008343797133537834,-0.005678113254548034,0.12546893105003423,-0.09711799457129155,-0.007086658992423223,-0.015400793000097335,4986518966961.45,1.0034733539102738
2018-08-23,1362.74,1363.65,1353.91,1363.56,104760412,4517369785427,1454738002683670,0.004730536274813124,0.02219723377937699,0.0024186374763832674,0.12608920396747636,-0.0928468784927351,-0.10644821145685146,-0.09721918215817993,4894326333160.65,0.9229809125763341
2018-08-24,1359.05,1372.13,1355.44,1370.51,99266994,4330451959936,1462268038570875,0.005096952095984042,0.02494858467636374,-0.0008893878532947319,0.12372406009419083,-0.08822316248869011,-0.052437919010856926,-0.04137757907134265,4801832851440.2,0.9018331320377343
2018-08-27,1373.85,1379.48,1369.94,1377.18,117082967,5072852553010,1468323741252640,0.004866801409694199,0.030576508620689724,0.0010976469647516751,0.12454136643501101,-0.08378572569056353,0.1794752946785112,0.1714372079271309,4813471728113.9,1.0538864336485332
2018-08-28,1386.03,1386.82,1375.47,1378.07,118997142,5214245320796,1469529439864915,0.0006462481302369483,0.017904759090875633,0.004029026476459752,0.12423865659106631,-0.08319362392889451,0.016348876775560406,0.027872437905198666,4858858553534.9,1.0731420277716357
2018-08-29,1378.77,1382.56,1375.89,1382.27,108282511,4466002494356,1473747614547715,0.003047740680807154,0.018516881088170623,0.005565174375463888,0.12456750935369412,-0.08039943584011922,-0.0900410784655652,-0.1434997358976916,4851140605299.4,0.9206087511620104
2018-08-30,1384.03,1390.8,1379.18,1382.2,103842942,4697402691633,1469713866464395,-5.064133635246382e-05,0.013670098858869606,-0.0006145837099164053,0.12265101348864281,-0.08044600564159876,-0.04099987116109638,0.051813718771862805,4841518891613.8,0.9702332670372453
2018-08-31,1375.11,1393.26,1373.35,1393.26,148029461,5999386203026,1481554006835510,0.008001736362320822,0.016599659980591097,0.02510410995188117,0.10726551851364541,-0.07308797700782366,0.4255129732360625,0.2771709382531946,4911517563752.05,1.2214933826772059
2018-09-03,1389.28,1390.14,1378.32,1381.53,104270188,4246457267080,1470733256862665,-0.00841910339778651,0.0031586285017208837,0.00911581023337349,0.11001462934724723,-0.08089174517004627,-0.2956119187652787,-0.29218471300644877,4921854202651.7,0.8627759157904712
2018-09-04,1383.01,1391.25,1379.27,1389.4,102027815,4372502107179,1478193954959915,0.005696582774170844,0.008221643312749105,0.01701862899388784,0.11106209937642256,-0.07565596891798376,-0.021505408621685818,0.029682352175339988,4914565811991.45,0.8897026257152107
2018-09-05,1385.62,1387.68,1368.92,1371.45,145385904,5107199240949,1460772420524690,-0.012919245717575967,-0.00782770370477548,-0.002291575731121709,0.11932578751595226,-0.08759779658310707,0.42496341806398585,0.16802670776618633,4941217115428.6,1.0335913443273184
2018-09-06,1368.61,1375.27,1365.87,1367.98,151836108,5361493532069,1457916299639425,-0.0025301687994458977,-0.010287946751555532,-0.004685612840325426,0.11964079464915112,-0.08990632817073807,0.044366089301202116,0.049791339464709816,4965823209045.45,1.0796786970391576
2018-09-07,1359.12,1366.16,1351.75,1361.95,168500465,6210116332247,1453705818335015,-0.004407959180689702,-0.02247247462785118,-0.01064216184803124,0.12033868576727513,-0.09391798392676554,0.10975226656889814,0.15828104521661457,4971168891150.1,1.2492265839735461
2018-09-10,1359.67,1366.87,1359.14,1365.37,115713570,4943740486336,1457115892511605,0.0025111054003450484,-0.011697176319008684,0.003837812006028507,0.11281436454830295,-0.09164271648304856,-0.31327447672028674,-0.2039214369198119,4926070432252.5,1.0035870486073055
2018-09-11,1364.17,1370.46,1355.93,1360.78,138939231,5630226006228,1453611991928525,-0.0033617261255189934,-0.0205988196343746,0.01578794144651874,0.09848855029500213,-0.09469636489435307,0.20071683035965449,0.13885953799342365,4939286884066.65,1.1398864124273098
2018-09-12,1362.46,1364.92,1354.87,1361.83,156266226,6380674431774,1454687914413900,0.000771616278898879,-0.007014473732181337,0.011828428349592413,0.09741430360950995,-0.09399781787215922,0.12470916151824674,0.13328921871269017,5032027229450.7,1.2680126996193777
2018-09-13,1362.89,1366.4,1359.12,1363.04,132214275,6725438809434,1457329629365170,0.0008885103133284833,-0.0036111639059051015,0.02180741407099207,0.09073150884025534,-0.09319282558944064,-0.15391650272529134,0.05403259190645571,5088422096754.4,1.3217140169491353
2018-09-14,1375.23,1385.08,1374.41,1384.5,169352365,6390704108213,1478060113310400,0.01574421880502408,0.016557142332684682,0.03541113562427545,0.10458443400787,-0.07891585502155507,0.2808931940215986,-0.049771429152170144,5190149828450.4,1.2313139927447998
2018-09-17,1382.73,1382.84,1370.14,1375.02,131283857,5054357411744,1468446681283570,-0.006847237269772544,0.007067681287856065,0.028960129310344973,0.10871959233286563,-0.08522273670764802,-0.2247887592240002,-0.20910789700803023,5240328352483.85,0.9645115862536168
2018-09-18,1365.53,1380.83,1365.33,1379.07,124987179,5525201808904,1474149907964150,0.002945411703102474,0.013440820705771683,0.018643404267891794,0.09990141151439551,-0.08252834105061468,-0.04796231725580702,0.09315613416375634,5262483073122.75,1.0499229607260956
2018-09-19,1385.43,1385.81,1376.25,1381.55,147611934,6798952845500,1475311434556675,0.0017983133561023656,0.014480515189120524,0.01798635365548118,0.09979877763674902,-0.08087843951248064,0.18101660651129658,0.23053475341720886,5352238769792.05,1.2703007354367637
2018-09-20,1385.36,1398.94,1384.17,1391.06,177726245,7373613545698,1484474595640210,0.006883572798668247,0.02055699025707236,0.020167796063246257,0.10117497432131893,-0.0745515993400393,0.20401000233490607,0.08452194231327081,5495050957805.6,1.3418644526351378
2018-09-21,1395.13,1399.42,1390.96,1399.42,158434063,8064873129394,1494457072078495,0.006009805472086072,0.010776453593354995,0.021094337144566655,0.10171352941444713,-0.06898983447761975,-0.10854998933894089,0.09374773703719574,5681772016278.5,1.4194292038272254
2018-09-27,1393.95,1408.18,1393.95,1408.15,164153228,7264100069019,1505084411133015,0.00623829872375703,0.024094194993527385,0.022487982689263664,0.10250707103073234,-0.06318191495023673,0.03609807696467393,-0.09929146404751577,5791334392078.95,1.2543050663685407
2018-09-28,1408.28,1408.86,1394.93,1398.23,157894173,6914135697388,1496214514900410,-0.0070447040443135656,0.0138934209285968,0.014629155267874783,0.10654656600421544,-0.0697815211027728,-0.03812934461453299,-0.04817725090594216,5876328910908.55,1.1766080153466074
2018-10-01,1403.0,1404.77,1392.3,1396.43,113007235,5213593835734,1493581949995265,-0.0012873418536292203,0.010770511382143244,0.010244018896452989,0.10641655727346508,-0.07097903028367647,-0.284284955848244,-0.2459514733412631,5913708477977.45,0.8816115733721631
2018-10-02,1396.66,1399.0,1376.19,1376.51,126346443,5749779554599,1472396766609495,-0.014264947043532539,-0.010459649475939137,-0.004116625669222995,0.11869961578255529,-0.08423146521901104,0.1180385308958316,0.10284378410722761,5966327321125.75,0.9637050140108822
2018-10-04,1376.81,1376.81,1352.72,1355.38,139902136,7077786435468,1449822101588355,-0.015350415180419907,-0.031470180503351375,-0.02718803381996171,0.1260663663842717,-0.09828889243706407,0.10728986648243044,0.23096657328484604,6020247332747.85,1.1756637301207777
2018-10-05,1353.15,1359.23,1341.93,1350.9,136488269,6329088918029,1444114196915260,-0.003305346102200124,-0.040656180094450156,-0.02217107120366546,0.12354326031318776,-0.10126935973175777,-0.02440182185638684,-0.1057813094906549,6124378915295.3,1.0334254306542738
2018-10-08,1345.26,1356.55,1343.74,1343.74,98947529,4539306953101,1435888100828385,-0.005300170256865799,-0.03897069866903158,-0.03286310637685341,0.12168198984125485,-0.10603278514024161,-0.27504737421792635,-0.28278666773500993,6132719157591.4,0.7401785140416888
2018-10-10,1345.5,1346.21,1328.84,1333.26,153692005,8682731986128,1422024388194575,-0.007799127807462725,-0.04523678236646311,-0.02784643989937663,0.11664087258974264,-0.11300494970461439,0.5532677425426158,0.9127880259774996,6311495794850.35,1.3757011441269404
2018-10-11,1302.89,1308.88,1274.15,1274.19,191690199,8273607414273,1359780678950550,-0.04430493677152236,-0.07433291439945944,-0.06856094387344847,0.1919955314453622,-0.15230320932460473,0.24723598342021758,-0.04711933669133628,6457101488960.55,1.2813190916106953
2018-10-12,1277.38,1304.0,1275.73,1296.44,137969863,6430024809235,1382245077049510,0.017462073945015977,-0.04348595965707036,-0.04810015051947569,0.2057841416739868,-0.1375006652828782,-0.2802456060886034,-0.22282693784304908,6468096912809.95,0.9941138631519962
2018-10-15,1292.3,1294.17,1281.56,1284.34,108258342,4869023825974,1369832700734110,-0.0093332510567401,-0.049270856466059776,-0.059346550751810834,0.2063439472108868,-0.14555058811006438,-0.21534790536104254,-0.24276748995105624,6464361079791.85,0.7532103739060908
2018-10-16,1291.73,1295.69,1280.79,1284.58,89399732,3918978829798,1370348923369935,0.00018686640609177907,-0.04402637414976118,-0.05599729566866063,0.20663950887911753,-0.14539092021927724,-0.17420006303070856,-0.19512021919218125,6378798720970.35,0.6143756843924746
2018-10-17,1300.07,1308.09,1293.81,1298.98,105832861,5139054302310,1384728091715315,0.011209889613726043,-0.025711414127777,-0.046151134869991006,0.21227442151996262,-0.13581084677204736,0.18381631166411094,0.31132484391983506,6316717714497.15,0.8135640271712063
2018-10-18,1293.73,1298.94,1285.53,1286.4,90893506,3992995644403,1371462204335550,-0.009684521701642801,0.00958255833117505,-0.05622725672027229,0.21349973188728233,-0.14418010538080783,-0.14115988983799654,-0.22300964155834035,6180095556245.6,0.6461058098636812
2018-10-19,1275.29,1294.96,1269.1,1293.37,120237889,4890755419712,1378717891131005,0.005418221393034717,-0.0023680232019994696,-0.06582159624413153,0.20456189806367284,-0.13954308371919744,0.3228435593627559,0.2248336475316206,6105098121820.55,0.8010936633813789
2018-10-22,1284.81,1299.2,1281.09,1297.48,91672815,3828143155125,1383313559971970,0.0031777449608387798,0.010230935733528623,-0.05639190702680685,0.20536183931361576,-0.1368087710894672,-0.23757131996886605,-0.21726955723530617,6043787408989.6,0.6334013584645574
2018-10-23,1287.75,1288.99,1256.22,1264.22,119078521,6768445498729,1346173675036060,-0.025634306501834292,-0.015849538370517946,-0.08328076167272136,0.21930897641317454,-0.15893607962105483,0.2989512867036972,0.7680753369078201,6105949593480.85,1.1085000613099523
2018-10-24,1272.04,1273.01,1252.99,1256.61,142947363,6818586984439,1339977774287895,-0.006019521918653514,-0.03261790019861743,-0.09043465672614093,0.2182040710293181,-0.16399888232476445,0.20044624168618963,0.007408124320335663,6106931300427.8,1.1165324528804421
2018-10-25,1224.09,1237.68,1217.1,1235.43,166404011,8060289809523,1319160369165655,-0.016854871439826113,-0.03962220149253737,-0.11187871119865422,0.21785039265711023,-0.1780895736867315,0.16409290460293424,0.18210559283290584,6141265113619.05,1.3124803538684993
2018-10-26,1237.78,1237.78,1203.95,1215.64,148538219,6739768772142,1295951750030105,-0.016018714131921685,-0.06009881163162889,-0.13132583498878103,0.21600482969324877,-0.19125552184788963,-0.10736395049996716,-0.16383046622229913,6075009895756.45,1.1094251512001487
2018-10-29,1216.72,1228.6,1200.57,1202.05,150302862,6590257882802,1278418639189050,-0.011179296502254021,-0.07355026667077724,-0.14636224834002065,0.2107097612604955,-0.2002967161637128,0.011880060309596097,-0.022183385572214998,6041317786445.6,1.090864297453117
2018-10-30,1197.36,1222.7,1196.81,1213.17,166629701,7126196951850,1290463620863865,0.0092508631088557,-0.04038062995364722,-0.13235304635145861,0.21924729736617118,-0.1928987705572408,0.10862626820772059,0.08132292826455112,6051920849168.7,1.1775099393160213
2018-10-31,1218.12,1219.34,1205.48,1218.34,141923428,6139642252978,1296650058369250,0.0042615626828885755,-0.03045495420217892,-0.12753235035053678,0.2220258506535459,-0.1894592580765342,-0.14827052351249193,-0.13844056030697904,6098223270030.9,1.006791975484179
2018-11-01,1222.13,1233.08,1213.52,1214.26,149575550,6183458420447,1292180505966160,-0.003348818884711946,-0.017135734116866197,-0.1178705566977356,0.22047123747182917,-0.1921736122199158,0.05391725741010145,0.0071365994407486255,6119907213323.3,1.0103843416098444
2018-11-02,1229.46,1261.23,1227.96,1260.65,159366782,6868683187051,1340128807844245,0.0382043384448143,0.037025764206508605,-0.06989183845120928,0.2677449626179012,-0.16131113949651377,0.06546011029208976,0.11081577978080182,6109452050902.45,1.1242715598424904
2018-11-05,1250.13,1251.12,1234.17,1250.04,112700411,4823279696473,1328226625154645,-0.008416293182088697,0.03992346408219283,-0.07466133688652021,0.26831463629842267,-0.16836979083506298,-0.2928237014913183,-0.2977868442722823,6034161589824.65,0.7993288917894494
2018-11-06,1254.49,1258.44,1242.13,1256.16,116357418,5086412157715,1335691704621655,0.0048958433330135165,0.03543608892405836,-0.06517629898641097,0.26996222810535936,-0.16429825961999034,0.03244892336728045,0.054554676029759275,6061516850055.35,0.8391319010634367
2018-11-07,1255.72,1266.41,1246.82,1250.15,162827048,6108875488030,1328568161949570,-0.004784422366577501,0.02610929625556091,-0.06233592847606606,0.2694966335335294,-0.16829660971845217,0.3993697247561818,0.20101857627957687,5932824025150.45,1.0296741420499296
2018-11-08,1270.77,1277.1,1257.88,1258.22,139752310,6015658199596,1336885761902905,0.006455225372955287,0.03620311959547373,-0.012533452624804764,0.22266344398211493,-0.1629277768907339,-0.1417131753196189,-0.015259320412840949,5819926564416.6,1.0336312895039117
2018-11-09,1258.7,1263.65,1251.24,1253.6,113876780,5314893919203,1331736353020300,-0.0036718538888271812,-0.005592353151152363,-0.03304433679923491,0.21240530935854116,-0.1660013837883868,-0.18515278924548728,-0.11649004267563967,5764170019915.0,0.9220571046378286
2018-11-12,1240.36,1256.01,1240.0,1251.72,115226950,5827933224676,1325542702661450,-0.001499680918953361,0.0013439569933761941,-0.025398259027983205,0.21043071046338324,-0.1672521155995529,0.011856411816350887,0.0965286068305824,5812115489850.1,1.0027215107568876
2018-11-13,1230.67,1245.11,1220.15,1244.04,126470291,6073839968191,1319883202716890,-0.006135557472917275,-0.009648452426442633,-0.03155895312086443,0.21107277921109377,-0.17236148810474206,0.0975756192453241,0.042194502585206184,5919858546769.75,1.0260109967501287
2018-11-14,1243.47,1245.38,1235.64,1240.91,124205432,5677018563042,1317802207065160,-0.0025159962702162586,-0.007391113066432031,-0.044704306455834564,0.20564802621716397,-0.17444382351375798,-0.017908229530364528,-0.06533287133463728,5946756759806.35,0.9546411249594925
2018-11-15,1237.32,1254.59,1235.8,1254.45,107132580,4814024318278,1332453535962195,0.010911347317694275,-0.002996296355168404,-0.02483675373134331,0.208685404311453,-0.16543589334184883,-0.13745656470161471,-0.15201539948841902,5987808193500.1,0.8039710295837017
2018-11-16,1260.91,1264.6,1253.37,1256.55,116494473,4971849969426,1335421244500725,0.0016740404161186273,0.0023532227185705246,-0.028468265074959143,0.20753645679367977,-0.16403879929746124,0.08738605006992262,0.032784556270055276,5991862920985.8,0.8297669748105679
2018-11-19,1258.56,1267.92,1254.29,1261.54,114035900,5036550798039,1341349023345015,0.003971190959372928,0.007845204997922739,-0.027699848937941307,0.20778563721575957,-0.16071903773484486,-0.02110463214851399,0.01301343142107525,6052283303131.5,0.8321736683134195
2018-11-20,1243.85,1253.0,1243.42,1247.6,124132013,5468737753950,1328056012578680,-0.011049986524406696,0.0028616443201183728,-0.013146446029963288,0.19091765147062575,-0.16999308105806588,0.08853451413107627,0.085810105614198,5987297915892.55,0.9133899516564734
2018-11-21,1230.65,1244.01,1225.66,1243.31,118316043,5175279370715,1324805974655450,-0.003438602116062839,0.0019340645171688209,-0.010584031640684,0.19016309907440904,-0.17284714460588635,-0.04685310307503032,-0.05366108166789285,5905132535206.35,0.8764035929524069
2018-11-22,1244.61,1247.51,1237.98,1241.04,95817122,4090805432377,1320733127083895,-0.0018257715292243626,-0.010689943800071822,0.00454092906923087,0.1802046444172652,-0.17435733673958165,-0.19015951201140158,-0.20954886889288304,5706658316349.05,0.716847795260007
2018-11-23,1242.8,1244.74,1227.32,1233.51,84830480,3608790811322,1311763882432710,-0.006067491781086787,-0.018335919780350984,0.014700075680299962,0.17151458294806804,-0.17936691681302885,-0.11466261739733741,-0.1178287818922058,5550109418308.05,0.6502197595272166
2018-11-26,1234.28,1251.6,1234.19,1250.64,101686927,4374828020584,1329604174349675,0.013887199941630124,-0.008640233365568961,0.04042261137223924,0.1714035887717125,-0.16797062110809502,0.19870743393176604,0.21226977381417655,5439337925197.15,0.8042942138818178
2018-11-27,1255.98,1262.95,1247.91,1260.91,100544393,4467301682211,1339930260759500,0.008211795560672863,0.010668483488297742,0.03935145115688643,0.1708624725493759,-0.161138165948161,-0.011235800251884864,0.021137667856176767,5306393161715.2,0.8418715964059892
2018-11-28,1263.45,1266.44,1257.13,1266.26,113726774,4562904572064,1345309361135835,0.004242967380701179,0.018458791451850365,0.03933220611651933,0.17085920045421743,-0.1575789025493639,0.13111005603266213,0.02140058958491542,5227556277669.5,0.8728561357732894
2018-11-29,1283.4,1285.2,1265.06,1268.46,120466426,5238395428887,1348151037684835,0.0017373999020737774,0.022094372461806344,0.04463623935565697,0.16970325730730604,-0.15611528021714827,0.05926178825753037,0.1480396633667589,5180303128091.5,1.0112140736476365
2018-11-30,1270.15,1274.81,1254.16,1256.69,174391285,7080450391512,1337383529459400,-0.009278968197656945,0.018791902781493564,-0.003141236663625979,0.10912343972843849,-0.16394565969450203,0.447633924160745,0.35164488584940234,5190891488314.55,1.3640143330776846
2018-12-03,1276.56,1282.49,1267.44,1279.8,123200961,5292311080423,1360897507539100,0.018389578973334597,0.023316062176165664,0.023807238168378708,0.12277265846280978,-0.14857097237745487,-0.2935371684427923,-0.25254598397195327,5214343057512.05,1.014952607078398
2018-12-04,1275.04,1277.93,1261.17,1267.17,108597773,4902457015718,1347554636515545,-0.009868729488982542,0.004964668374427994,0.008764807030951394,0.12796279346546105,-0.15697349513012926,-0.11853144554611061,-0.07366423832248348,5205145300412.2,0.9418482545203436
2018-12-05,1248.99,1262.38,1248.75,1258.65,103367522,4278965014881,1338774792916545,-0.0067236440256635,-0.006009824206718917,0.006799184097908251,0.12919754101913797,-0.16264170525307353,-0.048161678232573,-0.12717949363716863,5113649776754.75,0.8367731858235583
2018-12-06,1252.63,1252.63,1234.54,1236.94,115203731,5024170612893,1316891318096625,-0.01724863941524657,-0.02484902953187329,-0.016912781548536815,0.1412285467853333,-0.1770849965405289,0.11450607280689185,0.17415557159742856,5064075397419.6,0.9921200255930366
2018-12-07,1245.61,1248.73,1236.53,1242.93,91346551,3988755726380,1322343984982045,0.004842595437127173,-0.010949398817528544,-0.008511486917677002,0.14217490275486774,-0.1730999520996327,-0.20708686943481025,-0.2060867287937881,4997768487778.45,0.7981073425337946
2018-12-10,1225.48,1233.39,1220.75,1228.17,103132946,4502884489739,1308113893434450,-0.011875165938548427,-0.040342240975152266,-0.018814111782187726,0.14790442483737934,-0.18291952738304318,0.12902944742817923,0.12889452215856756,4931516051031.6,0.9130832066940274
2018-12-11,1230.58,1230.85,1220.1,1223.47,96676829,5230616024970,1306583756199690,-0.0038268317903873417,-0.03448629623491717,-0.016534838108099414,0.1470467099930871,-0.1860463569109585,-0.06259994745035213,0.1616145243985998,4889354853870.55,1.0697967689600802
2018-12-12,1229.71,1243.39,1228.06,1241.89,111389666,4938997640638,1308026644221090,0.015055538754526143,-0.013315854288324824,0.0007897430111774018,0.15719351345938964,-0.17379184629304367,0.15218576314703092,-0.055752206420786266,4852453807750.35,1.0178350657865969
2018-12-13,1244.67,1252.9,1240.1,1246.29,172941844,7865721699441,1315014533582315,0.0035429868990006774,0.007558976183161592,-0.006504842759775253,0.1525713414354929,-0.1708646016286125,0.5525842765342344,0.5925745002836116,5005038676808.5,1.5715606226756744
2018-12-14,1246.93,1246.93,1221.79,1226.87,171171460,6148369568185,1306632770710060,-0.015582248112397612,-0.012921081637743193,-0.023620229994827158,0.1616615948986628,-0.18378439512480704,-0.010236874772770466,-0.21833370120100337,5063864656746.45,1.2141654615499435
2018-12-17,1227.83,1232.57,1224.37,1229.38,144618047,5273661776515,1307883285913010,0.0020458565292167386,0.0009852056311423496,-0.025492651838229352,0.16099649620365483,-0.1821145351003245,-0.15512757208473893,-0.1422666256427091,5075720205670.25,1.038997730927647
2018-12-18,1219.69,1232.04,1217.64,1224.46,152852862,5366602341302,1303438039284195,-0.004002017277001446,0.0008091739070021919,-0.01854761141391459,0.15720051586973074,-0.18538772686146143,0.0569418213758619,0.017623535358465503,5070613435037.85,1.0583733921065392
2018-12-19,1228.86,1237.69,1225.4,1236.36,125013653,4978529632558,1316234312445620,0.00971856981853203,-0.0044528903526078745,-0.005589917237052711,0.16125570145699736,-0.17747086060993134,-0.1821307670379113,-0.07231255160408423,5060775948130.0,0.9837482796284648
2018-12-20,1225.98,1233.46,1217.58,1225.54,123863288,5366274833738,1304495740839130,-0.008751496327930375,-0.01664941546510046,-0.012489524914587768,0.1640143418099114,-0.1846692213529192,-0.009201914930043631,0.07788347761239978,5124549418198.05,1.0471700818576453
2018-12-21,1220.41,1227.7,1218.31,1227.69,135494969,5632706023145,1306901425188310,0.0017543287040815425,0.0006683674716962962,-0.004718243062480143,0.16288801419271448,-0.18323886316461746,0.09390741347024467,0.04964918824729869,5225745178789.2,1.0778761364039744
2018-12-24,1220.8,1227.32,1217.91,1224.32,106831249,4195581460411,1303015245371815,-0.002744992628432308,-0.004115895817404014,-0.021045224844879584,0.15430125714982287,-0.18548086646442064,-0.21154822360968994,-0.2551392806279613,5216782850780.55,0.804246904734255
2018-12-26,1208.1,1215.64,1200.99,1210.44,147344789,6164915495275,1289407368611530,-0.01133690538421317,-0.011449945282001828,-0.040026647421306905,0.15439496040964754,-0.19471499281494486,0.3792293020930608,0.46938286229129345,5301663541433.75,1.1628266198137118
2018-12-27,1215.35,1215.56,1204.77,1208.44,127856000,5700806088265,1285460924831730,-0.0016522917286275751,-0.022582419360056782,-0.045662028335412885,0.15264382792965978,-0.19604555857150452,-0.1322665642420513,-0.07528236313469494,5358558617243.8,1.0638693155132894
2018-12-28,1213.25,1218.57,1211.5,1215.06,107769319,4141426092746,1292762819284815,0.005478137102379765,-0.008551332473848317,-0.04209829241757734,0.15451895474009222,-0.19164138591729196,-0.15710393724189708,-0.2735367545177434,5303710150436.75,0.7808545292402455
2019-01-02,1221.64,1223.47,1193.77,1197.02,111211575,4392187016841,1271537073075890,-0.014847003440159323,-0.0249818765323494,-0.04748187699432638,0.1591433315625374,-0.20364308904146033,0.03194096457081641,0.06054941425472382,5169296981703.2,0.8496681526302722
2019-01-03,1197.28,1198.39,1182.21,1183.92,140973765,5271465102896,1259769230098855,-0.010943843878966075,-0.032997909043387286,-0.07491795593061412,0.14144270438545603,-0.21235829474692625,0.2676177367328896,0.20019140411908154,5168254682826.85,1.0199700723751288
2019-01-04,1182.99,1195.02,1177.32,1194.23,131220775,5400552677598,1271921188776450,0.008708358672883332,-0.01339182446052678,-0.057561337468532314,0.14624513482236745,-0.20549922827186118,-0.06918301430056861,0.024487988098618407,5193159465920.85,1.039935845035788
2019-01-07,1209.54,1218.32,1207.02,1210.8,129402711,5006245974595,1288743714959950,0.013875049194878697,0.0019529310516035459,-0.03801692289357661,0.15701990066606636,-0.19447549097876415,-0.01385500123741834,-0.07301228717546282,5229523513906.55,0.9573044200455736
2019-01-08,1209.71,1214.66,1201.08,1202.29,156253219,5020631465141,1280259471913865,-0.007028410967955034,-0.010509769064902086,-0.0280126764434816,0.14767335060714992,-0.20013704827292567,0.2074957146763332,0.0028735085369360203,5229346556518.95,0.9600877300591669
2019-01-09,1208.47,1230.85,1208.17,1228.73,141194690,5469229150886,1305753928477990,0.02199136647564237,0.026490785450535626,-0.011424617637356915,0.16835309093587061,-0.18254696897120648,-0.0963726001702403,0.08935084936221305,5303370227744.25,1.0312742493959914
2019-01-10,1229.3,1234.35,1224.29,1229.01,138689430,5413585549430,1305390332608100,0.00022787756463982234,0.038085343604297606,0.000683944405090342,0.16292092652293588,-0.1823606897652882,-0.01774330181963646,-0.010173938579074893,5348905280728.8,1.0120922441708273
2019-01-11,1233.67,1237.97,1228.83,1235.8,116866678,4314073789013,1312569402777995,0.005524771970935927,0.03480904013464747,0.010077893205391097,0.16332473652945007,-0.17784341902176803,-0.15734978505571762,-0.2031023155314814,5303078168930.95,0.81350371455729
2019-01-14,1231.73,1233.44,1222.17,1225.33,106934837,4259534590933,1303192409806090,-0.008472244699789577,0.012000330360092404,-0.013334514328966485,0.15683700736187747,-0.18480893075735805,-0.08498436996728875,-0.012642156983707409,5269105016445.7,0.8083981202952545
2019-01-15,1228.31,1247.47,1227.12,1247.19,121070741,4641693969234,1323963728188520,0.01784009205683379,0.037345399196533346,0.0007221433213779882,0.1695699677234802,-0.1702658470381605,0.13219175711653253,0.08971857608915257,5107903629935.35,0.9087277884474789
2019-01-16,1247.61,1252.88,1242.8,1252.6,119049438,4528666029505,1328630131019775,0.004337751264843259,0.019426562385552515,0.02097206713017674,0.15960067234542702,-0.16666666666666663,-0.016695222836704993,-0.024350579869799716,5026918453001.35,0.9008831298628158
2019-01-17,1254.59,1260.63,1250.52,1253.46,144403288,5306273463275,1327955672658290,0.0006865719303847939,0.019894061073546965,0.01958710894922633,0.15956519363020005,-0.1660945233913459,0.21296908600274111,0.17170783376468046,5028549037339.35,1.0552295351747423
2019-01-18,1258.97,1263.53,1257.15,1263.47,123830469,4703403382027,1339174563446490,0.007985895042522229,0.022390354426282677,0.031858941900919646,0.16023544577109963,-0.15943504177976464,-0.14246780170268702,-0.11361458948930847,4995389089375.6,0.9415489560223433
2019-01-21,1268.3,1268.89,1255.84,1263.09,127368777,4796531294513,1337941966866340,-0.00030075902079207406,0.030816188292133617,0.021619916529166172,0.15743959380085792,-0.1596878492735111,0.028573807630495107,0.01980011173225482,4986289172473.35,0.961944068745972
2019-01-22,1263.81,1265.98,1252.18,1257.97,98356276,4051413483110,1334038577432870,-0.004053551211710915,0.00864343043161031,0.02646180459226133,0.15438769630087937,-0.1630940976103038,-0.22778346219026657,-0.15534513706923558,4920546104941.95,0.8233666338459796
2019-01-23,1251.48,1265.36,1250.11,1262.41,116194188,4752324226229,1339765402594340,0.003529495933925375,0.007831710043110451,0.028280754913699635,0.15457759966832463,-0.16014024163074125,0.1813601808185581,0.17300400120625503,4876527015096.15,0.9745304827631102
2019-01-24,1263.67,1276.16,1262.22,1276.05,147422120,5511301071798,1351618354129305,0.010804730634262905,0.01802211478627158,0.04225202561421848,0.15717266663249055,-0.15106578317100428,0.2687564028589795,0.1597064529772736,4942312995665.5,1.115125868521786
2019-01-25,1279.03,1298.62,1277.99,1298.19,150106024,6392506667623,1372933720899720,0.01735041730339737,0.02747987684709563,0.07249429959353626,0.15758805696491893,-0.13633642024588843,0.018205571863977976,0.15989066544272768,4953692554282.9,1.2904528485717426
2019-01-28,1302.22,1306.91,1293.33,1298.89,163760335,5819494357222,1373473073454440,0.0005392122878777883,0.028343190113135464,0.07484856509218507,0.156818251335944,-0.13587072223109253,0.0909644439053292,-0.08963812479120492,4959626967730.75,1.1733733998717806
2019-01-29,1296.16,1304.32,1289.05,1304.32,147369675,5508865992093,1377773414897370,0.0041804925744288735,0.03684507579672003,0.07346139285302788,0.15668648890135262,-0.13225823620203303,-0.100089316500238,-0.05337720875070695,5027998962698.1,1.0956378537391065
2019-01-30,1303.8,1320.38,1301.17,1320.33,167769684,6096303853044,1392621411083325,0.01227459519136409,0.04588049841176778,0.10301415181032891,0.14335211992301208,-0.12160705732077282,0.1384274546306763,0.10663498836133667,5113204804508.25,1.1922667067176662
2019-01-31,1330.57,1331.11,1318.09,1318.11,189638462,7203043002376,1391654534071755,-0.0016813978323600987,0.032961090866345355,0.11334380701398739,0.133135327052878,-0.12308398531055409,0.13034999815580517,0.18154264879356097,5209783699482.25,1.3825992436292203
2019-02-01,1323.32,1328.68,1316.39,1317.93,207357514,6517318128765,1390334620325845,-0.00013655916425781012,0.015205786518152298,0.10358138716997556,0.13393388687863786,-0.12320373622864433,0.09343596131885956,-0.09519933080849385,5265621972040.6,1.237710979514036
2019-02-07,1325.65,1326.67,1315.0,1319.08,179887654,6074282945387,1391780554004245,0.0008725804860651998,0.015544041450777035,0.08942847703997359,0.13037782041560284,-0.12243866091862254,-0.13247583591304046,-0.06797814294542548,5319023820580.2,1.1419920553625977
2019-02-08,1310.76,1311.93,1298.05,1300.75,148869139,5351083946076,1374413753566770,-0.013896048761257829,-0.002737058390578917,0.08189371948531554,0.14021657505349588,-0.13463329607749208,-0.1724327062489791,-0.11905915575767179,5335546444626.95,1.0029120731325836
2019-02-11,1302.22,1304.05,1294.6,1303.69,125460944,4902104445428,1377597678037240,0.0022602344801077034,-0.012602909878590918,0.061006079447885275,0.12304138451187784,-0.13267736441534927,-0.15724007781088867,-0.08390440239257335,5307190209354.05,0.9236722732846325
2019-02-12,1304.15,1312.82,1301.18,1309.84,143979818,5698898428908,1383055083703520,0.004717379131541799,-0.006274134935627562,0.06576838268199592,0.12273451271088108,-0.12858587471392835,0.14760668467471438,0.16254120905627345,5321455853327.95,1.0709284425133403
2019-02-13,1316.49,1318.67,1313.14,1316.72,133573224,5119260999544,1390652221291700,0.005252549929762429,-0.0009181064244686565,0.06547985110859367,0.12267044608189702,-0.12400872851136291,-0.07227814387152509,-0.10171043344512942,5361715213854.5,0.9547804751576499
2019-02-14,1313.82,1332.48,1307.6,1332.48,164278731,6141532845223,1406028488334175,0.011969135427425615,0.010158595384662128,0.08744583091901781,0.11824286770300753,-0.1135238703496726,0.22987771111970767,0.19969129250687923,5455815126569.0,1.1256856588330235
2019-02-15,1322.83,1322.83,1306.91,1312.4,127649917,5075299529867,1386939309842900,-0.015069644572526353,0.00895637132423599,0.05228553788917489,0.1254736050896672,-0.12688275054553189,-0.2229674759296747,-0.17361029277655604,5477495404600.65,0.9265730329237997
2019-02-18,1320.02,1326.45,1315.78,1321.23,111899889,4538534326355,1396676658662345,0.006728131667174564,0.013454118693861261,0.05479003672361493,0.12620223150676424,-0.12100830273032082,-0.1233845533953618,-0.10576030052083762,5477988819443.15,0.8285037585776511
2019-02-19,1319.18,1323.06,1309.37,1317.94,111396879,4609059544566,1393836928290070,-0.002490103918318498,0.006183961399865767,0.051441609624559126,0.1273729660708739,-0.12319708339986157,-0.0044951787217590855,0.015539205642108866,5443128123507.7,0.8467666826838895
2019-02-20,1325.06,1336.8,1323.39,1333.19,144894329,5626373314655,1409973976965200,0.011571088213423897,0.01250835409198614,0.05518136560424858,0.1300137238132223,-0.11305151950609393,0.30070366693127903,0.22072046591118455,5489276620139.1,1.0249753663375096
2019-02-21,1329.35,1337.25,1322.66,1333.02,131168284,5194084672743,1409054766355735,-0.00012751370772368098,0.00040525936599422607,0.05536422582713829,0.1299617614000072,-0.11316461759540153,-0.09473141629994364,-0.0768325558465911,5509154289050.6,0.9428098035058124
2019-02-22,1328.15,1333.92,1324.46,1333.92,108525813,4201954478649,1409859707232485,0.0006751586622857353,0.016397439804937575,0.060375048689555344,0.12775342543773266,-0.11256586300494964,-0.17262153860303608,-0.19101155576080653,5516681338827.55,0.7616815655228754
2019-02-25,1340.21,1340.73,1330.86,1336.02,112279250,4654840291985,1412012084261570,0.0015743073047858047,0.011194114575054925,0.058309107183878384,0.12782757760190094,-0.11116876896056194,0.034585661201174345,0.10777980000430909,5511807142115.35,0.8445216191288111
2019-02-26,1334.29,1337.36,1327.62,1331.42,129178172,4913838975827,1407928655967790,-0.003443062229607219,0.010228083220783946,0.04339171662552421,0.12608818473262312,-0.11422907020064921,0.15050797008351946,0.05564072397670872,5481934037316.8,0.8963695918953704
2019-02-27,1335.69,1338.13,1331.95,1335.69,114854117,4995290049908,1413220519678380,0.003207102191645106,0.0018752015841703162,0.028886372564878693,0.11277490132660616,-0.11138831231039426,-0.11088603266502328,0.016575853315846878,5412073206431.05,0.9229901110672717
2019-02-28,1333.15,1335.57,1312.51,1312.51,205985886,8170373811856,1390214405813090,-0.017354326228391392,-0.01538611573719828,0.0104858764021587,0.13108853725649086,-0.12680956942892108,0.7934567029930673,0.6356154958422238,5529617179162.75,1.4775659050403
2019-03-04,1323.62,1326.51,1308.45,1309.99,172329373,6681781834197,1387931310597215,-0.001919985371540034,-0.01793960657310789,0.0043470927379785085,0.13063807480151152,-0.12848608228218628,-0.16339232582177987,-0.1821938643124149,5588262971267.95,1.1956813536784823
2019-03-05,1305.17,1307.93,1297.14,1301.31,139934625,5303816897281,1380319908979420,-0.0066260047786624865,-0.025980149997754554,-0.014405489536706728,0.12465286689540465,-0.13426073766565538,-0.18798158106221396,-0.2062271668110518,5548638623479.8,0.9558771542333278
2019-03-06,1300.04,1300.81,1292.78,1298.15,119925295,4855224140079,1377250459467970,-0.0024283222291382467,-0.024988358294152135,-0.015142893992155293,0.12475934251864185,-0.1363630315610196,-0.14299055719769138,-0.0845792315024998,5431247680364.95,0.8939426860667042
2019-03-07,1295.67,1303.45,1286.14,1292.62,124914928,4927322712471,1370378522048070,-0.0042599083310866925,-0.0322455060680249,-0.01920435834983658,0.12535493782760296,-0.14004204587790725,0.041606176578510734,0.014849689800485066,5351747909550.25,0.9206940976569806
2019-03-08,1284.73,1288.81,1275.51,1275.51,112079617,4428099398215,1352822569726100,-0.013236682087543028,-0.028190261407532113,-0.033030597082815194,0.13245379808166846,-0.15142503592527534,-0.10275241883019781,-0.10131735698830346,5269438732191.65,0.8403360629592664
2019-03-11,1278.4,1281.93,1269.72,1277.42,107348930,4291317801336,1354250216601920,0.0014974402395904196,-0.024862785212100835,-0.017935806265615972,0.12460788594286909,-0.15015434562776087,-0.04220827235696212,-0.030889459467449587,5216450424954.65,0.8226509315236724
2019-03-12,1288.48,1294.49,1287.2,1291.3,119931137,4993562838260,1368102393361240,0.010865651077953897,-0.007692248580276839,-0.009503793079643219,0.13105689605120377,-0.14092021927723664,0.11720849942332912,0.16364321391097447,5221023344596.25,0.9564337312202078
2019-03-13,1287.94,1289.51,1275.53,1283.86,109494533,4585460066691,1361975399110085,-0.0057616355610625725,-0.011007972884489625,-0.019834483601050557,0.13086084718719213,-0.14586992389163878,-0.08702163809219954,-0.08172577071468334,5165351426485.4,0.8877343839915711
2019-03-14,1287.75,1290.75,1278.53,1285.46,147880004,5993703429167,1363969390409370,0.001246241802065784,-0.005539137565564345,-0.023740810498815268,0.12909545062197125,-0.14480547128639087,0.3505697494504132,0.30711059348342085,5209073547966.55,1.1506275298237523
2019-03-15,1284.62,1301.32,1284.15,1298.06,182275132,6994656010956,1376970657238495,0.009801938605635163,0.017679202828672524,-0.02583153218059564,0.12637058234920145,-0.13642290702006488,0.23258809216694365,0.16700068557247771,5251729706253.2,1.3318766201214638
2019-03-18,1300.11,1302.77,1293.73,1298.58,96336348,3960277837759,1378257866243660,0.00040059781520107585,0.016564638098667483,-0.01053032612008542,0.115434840528589,-0.13607695992335944,-0.4714783802762519,-0.43381378132736426,5195978621647.8,0.7621813186950869
2019-03-19,1300.87,1301.17,1293.84,1296.67,85748934,3600363413730,1376136550439670,-0.0014708373762107874,0.004158599860605738,-0.01858873928082161,0.11224664612402664,-0.1373476502208738,-0.1099005123175315,-0.09088110450166409,5149070076016.55,0.6992259496525112
2019-03-20,1293.12,1298.21,1281.35,1297.62,96701935,3906639566381,1376159736914720,0.0007326459315013523,0.010717679497764587,-0.015418000819460764,0.1122293735040689,-0.13671563148650812,0.12773337800327633,0.08506812159100785,5113949077107.3,0.7639183549693824
2019-03-21,1302.73,1315.99,1298.83,1306.58,141063069,6144073153551,1381270843048320,0.006904949060587917,0.016429916138969602,-0.019959645661908776,0.10650997324710691,-0.1307546968971206,0.4587409135091247,0.5727258809398419,5139834069052.1,1.195383561221482
2019-03-22,1313.73,1315.82,1304.98,1309.98,181461131,7015504215478,1382768577746940,0.002602213412114196,0.009182934533072507,-0.017284061754512248,0.10724007156763272,-0.12849273511096915,0.28638297951677205,0.1418327940030062,5230905046188.85,1.3411645123608924
2019-03-25,1291.22,1291.64,1282.03,1283.26,123215227,4178793011669,1355272428448310,-0.020397257973404193,-0.011797501886676165,-0.03797828955259697,0.12744845085290568,-0.14626909361860663,-0.3209828114650074,-0.40434887025660793,5229746972839.85,0.7990430576031937
2019-03-26,1288.14,1288.55,1281.18,1285.19,116212275,3988066336239,1358252985996985,0.0015039820457274367,-0.008853447677512394,-0.03804583763716107,0.12742324225609325,-0.1449850976635264,-0.05683511827641241,-0.045641570400210885,5196408275052.55,0.7674659351508846
2019-03-27,1283.08,1287.09,1272.77,1281.73,117259075,4170472553778,1354165933515970,-0.0026922089340876143,-0.01224549559963617,-0.037321055714951035,0.12733101452831733,-0.14728697642237476,0.009007654311904645,0.04573800989253862,5159239953950.1,0.8083501816163708
2019-03-28,1271.88,1277.02,1266.43,1271.42,123102653,4080051900002,1343507180312375,-0.008043815780234498,-0.026909948108802983,-0.0481174524028779,0.1276445451015243,-0.15414604289743983,0.04983476119012531,-0.02168115306120133,5113478046454.8,0.7979015188753418
2019-03-29,1277.52,1281.73,1268.09,1279.71,140646517,5005497280807,1352415727559825,0.006520268675968666,-0.02310722301103829,-0.02499028578829876,0.1184252951624307,-0.14863084783650005,0.14251410162541345,0.22682196292761536,4955234219902.35,1.0101434278732522
2019-04-01,1288.07,1299.2,1288.07,1296.45,114919240,4212591809073,1369716100454435,0.013081088684155029,0.010278509421317583,-0.010335956763028675,0.12879671285030947,-0.13749401245409543,-0.18292153654967513,-0.1584069328684493,4831774718646.15,0.8718518669374876
2019-04-02,1302.86,1305.84,1299.73,1302.64,109276291,4202589656439,1375563294377165,0.00477457672875925,0.013577758930586104,0.0010220470141628635,0.12794539370124933,-0.13337591143754313,-0.049103605279672946,-0.0023743465038453815,4776713356604.05,0.8798077972647669
2019-04-03,1303.58,1320.5,1300.45,1320.5,125966357,5382762409602,1393114572153305,0.013710618436405975,0.030248180193956697,0.017216808535223116,0.1362981381348419,-0.12149395923146511,0.15273272772407687,0.280820363071802,4803090270080.2,1.120687329807799
2019-04-04,1318.95,1329.37,1316.99,1322.53,115070433,4546156251994,1394673021681475,0.0015372964786066756,0.04019914740998254,0.023139050919837256,0.13494016345817889,-0.12014343498855706,-0.08649868313648224,-0.15542319982684472,4784031947056.35,0.9502771516380203
2019-04-05,1321.86,1328.46,1320.71,1323.86,100198028,3656361455702,1395660150039005,0.0010056482650675491,0.034500003907135035,0.037906406065024933,0.1237680981235808,-0.11925860876044492,-0.1292461026891243,-0.19572464010706303,4745445049930.7,0.7704991665124002
2019-04-08,1328.95,1329.17,1317.19,1323.05,106406659,4173639750820,1395640486839500,-0.0006118471741725084,0.02051756720274578,0.03572043650483003,0.12408311457914614,-0.11979748789185163,0.06196360471285911,0.1414735116823087,4739561147404.9,0.8805962453095969
2019-04-09,1323.83,1330.26,1317.96,1324.67,116267557,4597321582151,1397734113273930,0.0012244435206532067,0.01691180986304741,0.025842174552776376,0.11935500563836625,-0.1187197296290382,0.09267181295486404,0.10151375217464764,4719749084599.45,0.9740605908801526
2019-04-10,1319.12,1330.73,1317.42,1330.43,116380655,4654194925940,1403391216416290,0.004348252772388594,0.00751987883377514,0.03627342545137324,0.11678510811713919,-0.11488770025014627,0.0009727391107048344,0.012370973570743793,4723185827561.9,0.985393142649754
2019-04-11,1332.43,1334.62,1324.57,1329.56,166102621,5511531662884,1402942353104400,-0.0006539239193343871,0.005315569401072251,0.034306785119723626,0.11710088754229885,-0.11546649635424977,0.427235660428273,0.18420731202418317,4699077239247.75,1.1728965884728277
2019-04-12,1327.01,1334.56,1322.06,1334.0,183654612,5029454619155,1407585855116495,0.0033394506453263695,0.007659420180381682,0.02768747207371014,0.11336818970887934,-0.11251264037468722,0.10566956074702749,-0.08746698254052032,4600817169657.7,1.0931655037987937
2019-04-15,1339.56,1344.47,1337.58,1338.53,170140950,5988473066445,1413413763046475,0.0033958020989504067,0.0117002380862401,0.030764373392474953,0.11351964732524907,-0.10949890893607961,-0.07358193651025768,0.19068040571188716,4702226931092.0,1.2735397832138005
2019-04-16,1337.96,1344.62,1335.48,1344.02,254185289,5938278763742,1418228585407105,0.004101514347829349,0.014607411657242775,0.036516615638520156,0.11328206647107386,-0.10584650593432321,0.49396890636851376,-0.008381819897337772,4819122698592.6,1.2322323242519317
2019-04-17,1344.39,1346.5,1340.1,1341.78,126775793,4621762520145,1416358535277310,-0.0016666418654484039,0.008531076418902162,0.03403153465575448,0.11390571315362082,-0.10733673958167012,-0.5012465375209028,-0.22169997333830094,4854878846280.8,0.9519830806253003
2019-04-18,1343.87,1344.98,1317.97,1320.18,132069932,5247188190697,1394864520970750,-0.01609801904932251,-0.0070549655525135035,0.01040885364845634,0.12831671615948675,-0.12170684975251467,0.04175985710458141,0.13532189674954953,4810034598138.1,1.0908836690547126
2019-04-19,1326.58,1328.26,1321.39,1322.25,100054206,3711978209485,1397277654075270,0.0015679680043629851,-0.008808095952024031,0.009366555214583405,0.12814963928329773,-0.12032971419447547,-0.24241495028558047,-0.29257764833627464,4644858297838.45,0.7991585472504987
2019-04-22,1323.43,1330.27,1316.13,1322.24,113711416,3600461176697,1397372567157015,-7.5628663263049845e-06,-0.012170067163231324,0.0303757617318392,0.1017816974184059,-0.12033636702325823,0.136498109834583,-0.030042480449655407,4615941706089.85,0.7800057725917297
2019-04-23,1322.39,1326.67,1319.62,1324.86,113867243,3842947529572,1400125822341960,0.0019814859632139026,-0.014255740241960746,0.03086703133388835,0.10179500937330203,-0.11859332588216509,0.0013703725226674734,0.06734869256317122,4608685765756.5,0.8338488942175022
2019-04-24,1331.03,1331.04,1304.89,1312.59,146535604,5336484190312,1388482728633700,-0.009261355916851621,-0.021754684076376152,0.02407683365451385,0.10790537786997823,-0.12675634679865877,0.2868986737476378,0.3886435214759072,4666986347583.2,1.143453996405089
2019-04-25,1308.89,1314.36,1304.35,1307.94,127365030,4653960343790,1381329959388485,-0.003542614220739093,-0.009271462982320622,0.02872378914914031,0.10389262915145739,-0.12984991218265995,-0.13082536582713378,-0.12789766111573464,4695681769772.6,0.9911149375046725
2019-04-26,1299.27,1305.8,1293.5,1300.65,117162705,4366250763652,1373934852061790,-0.005573650167438826,-0.016335791264889377,0.016363082260824724,0.10490922414417449,-0.13469982436532002,-0.08010303142079112,-0.06182037638586768,4663719443914.85,0.9362164290026103
2019-04-29,1303.75,1325.01,1302.85,1325.01,101591916,3840594978603,1398085306895470,0.0187290969899665,0.002094929816069735,0.022029387944000778,0.11507806183748179,-0.11849353345042302,-0.1328988520707165,-0.12039065401945293,4645119602391.35,0.8268021724620023
2019-04-30,1322.68,1324.12,1306.69,1317.85,121507692,4450653893533,1390067537874680,-0.00540373280201667,-0.0052911251000105075,0.011676288153288583,0.11644845173009023,-0.12325695885890675,0.19603701538614549,0.1588448972955503,4657522814246.05,0.9555839168237038
2019-05-02,1310.91,1325.96,1309.95,1322.64,118113169,4348935561132,1395132816599055,0.003634708047198343,0.007656617831920176,0.0016205982582355727,0.10647494306063404,-0.12007025387194625,-0.0279366922713008,-0.022854693902125578,4605831471822.55,0.9442237710471645
2019-05-03,1320.64,1322.21,1309.98,1312.66,117337713,4014845880220,1384804073258775,-0.007545515030545014,0.0036087282291237255,-0.007462968703923489,0.10968430443993873,-0.1267097769971791,-0.006565364442977617,-0.0768210234931691,4579265953233.85,0.8767444217527354
2019-05-07,1299.34,1303.73,1290.81,1301.39,136955445,4545349319236,1372172103048540,-0.008585620038700004,0.0005689462960827285,-0.01697309383167389,0.11333305609903123,-0.13420751503539297,0.16719033888107226,0.13213544301404911,4623715346410.55,0.9830512863999324
2019-05-08,1285.66,1303.45,1285.64,1295.17,111611731,4209919661833,1365268191564310,-0.004779504990817585,-0.022520584750303718,-0.021072521824571977,0.11418828693654952,-0.13834557453829355,-0.1850507951691881,-0.07379623299433902,4625529341961.2,0.9101487312256495
2019-05-09,1289.73,1293.29,1254.07,1254.07,185866892,7051533140342,1322938795934930,-0.03173328597790259,-0.04839701028189858,-0.053296292661568656,0.15730782636211962,-0.16568870083559528,0.6652988922822101,0.6749804525418808,4748239919870.75,1.4850835803035722
2019-05-10,1264.2,1268.75,1246.78,1258.0,133413173,5252480258651,1326500877619820,0.0031337963590549744,-0.04887195306356995,-0.05444104537630701,0.1566450567414006,-0.1630741391239554,-0.28221120198211525,-0.25512932377762965,4778154186506.3,1.0992697291946367
2019-05-13,1248.21,1255.8,1240.91,1241.28,104612712,3882188570111,1307388416307680,-0.013290937996820351,-0.054378132951411695,-0.06639790607418994,0.16077229208366145,-0.1741976688487945,-0.21587419257317264,-0.2608846908625856,4696687031867.65,0.8265802136207566
2019-05-14,1228.4,1249.46,1226.46,1240.91,123956277,4794251600491,1308348623271365,-0.00029807940190762494,-0.04647338614865648,-0.06978260869565212,0.15926727372915248,-0.17444382351375798,0.18490644808061174,0.23493527269694736,4684926880934.45,1.0233354163970951
2019-05-15,1241.04,1253.09,1237.2,1247.64,110206836,4189268234516,1315828233625960,0.005423439250227702,-0.036697885219700854,-0.06790284864739671,0.16059920097477917,-0.1699664697429346,-0.11092170023789916,-0.12618932346250689,4594966639338.0,0.9117080848098499
2019-05-16,1248.94,1249.76,1227.98,1231.06,120548655,4404078468963,1299023394484435,-0.013289089801545417,-0.01834825807171847,-0.0840463683576137,0.16159899080953244,-0.1809968598648145,0.09384008629011009,0.05127631424437018,4518256624599.05,0.9747295992409059
2019-05-17,1239.95,1241.1,1221.9,1223.51,114358864,4351802261864,1291091162159395,-0.006132926096209745,-0.027416534181240015,-0.08814410708163778,0.16140014131208977,-0.18601974559582735,-0.051346827552742114,-0.01186995360491594,4504758611685.0,0.9660456057680332
2019-05-20,1230.7,1238.21,1221.92,1224.48,97737655,3766086635621,1290498832570540,0.000792801039631863,-0.013534416086620205,-0.07249011498432034,0.15643618047729757,-0.1853744212038958,-0.14534255079693692,-0.13459150737977732,4430703533931.2,0.8499974342177414
2019-05-21,1225.38,1239.66,1223.31,1228.96,122168905,4964444312718,1293688966797675,0.0036586959362341354,-0.009630029575069976,-0.07055397995840418,0.15754368783314227,-0.1823939539092021,0.24996763018306511,0.3181970552038029,4493326839092.85,1.1048482539766156
2019-05-22,1233.57,1235.46,1219.54,1231.04,93709302,3609190051326,1295552922439315,0.0016924879572972618,-0.01330512006668605,-0.06897386253630211,0.1581728080353443,-0.18101016552238003,-0.23295291874802349,-0.27299213688832924,4493763282824.3,0.8031553564738836
2019-05-23,1230.06,1231.86,1220.18,1227.9,100335764,3943721896391,1291568921464945,-0.0025506888484532197,-0.0025668935713936136,-0.0731850912549249,0.15689522325474844,-0.1830991537601787,0.07071295867725058,0.09268889703995908,4498802001165.25,0.8766160180798184
2019-05-24,1220.32,1226.62,1212.97,1218.75,119032225,4068094698143,1282442661509500,-0.007451746884925559,-0.0038904463388120814,-0.0714922405320777,0.15618139229419334,-0.18918649209643934,0.18633895088495067,0.031536909807412306,4435382526556.8,0.9171913975368149
2019-05-27,1217.78,1225.07,1212.29,1217.97,90797895,3318334331657,1282380461013010,-0.0006399999999999739,-0.005316542532340263,-0.06878755906234235,0.156548667380958,-0.18970541274149766,-0.23719904420840654,-0.18430258440843328,4368601225950.15,0.7595873736301665
2019-05-28,1218.17,1227.15,1213.52,1220.82,225422064,7568770260762,1285553661051025,0.002339959112293233,-0.006623486525192068,-0.061377003805789476,0.15768153385373074,-0.18780935653840014,1.482679405728514,1.2808944199973236,4528727200805.65,1.6712797934517964
2019-05-29,1217.74,1217.74,1200.03,1204.88,117992258,4276642228030,1269424339356445,-0.01305679788994274,-0.02125032492851564,-0.09066346669081737,0.13847680119093078,-0.1984139656181807,-0.4765718319392196,-0.43496207697028966,4550529563277.0,0.9398119863988393
2019-05-30,1205.92,1217.01,1205.92,1215.75,135277533,4147587302541,1279759378966315,0.009021645309076343,-0.00989494258490109,-0.07747467465948321,0.14673125956886418,-0.19118234073127893,0.1464949929172472,-0.03017669438026571,4535376233727.4,0.914496855122492
2019-05-31,1209.28,1222.39,1205.15,1217.07,124327790,4261003935558,1282553554038680,0.0010857495373226556,-0.0013784615384615506,-0.07981763745236814,0.1452476198015306,-0.19030416733194955,-0.08094280518850083,0.027345206922471776,4530979652448.7,0.9404155971557286
2019-06-03,1211.35,1236.65,1209.81,1234.97,111269719,4165166140581,1299687577056100,0.01470745314566968,0.013957650845259018,-0.05918516599881163,0.15908658372813417,-0.17839560381074027,-0.10502938240919424,-0.022491834418934764,4538495665466.75,0.9177415706868686
2019-06-04,1233.92,1236.66,1228.86,1233.37,109258574,3863266574464,1299016487389905,-0.0012955780302356112,0.010279975754001303,-0.052267191233988486,0.15778964126803383,-0.17946005641598806,-0.01807450416945877,-0.07248199853917181,4504391528228.15,0.8576666904405746
2019-06-05,1244.79,1246.43,1232.5,1234.85,104085236,4001340773130,1299686218753950,0.001199964325384828,0.024873846358143492,-0.046573036744211316,0.15813800437272182,-0.17847543775613395,-0.047349492223832224,0.035740272125838635,4493962583793.0,0.8903814169615946
2019-06-07,1235.29,1242.47,1227.39,1236.74,97136204,3598152587427,1301123691135745,0.0015305502692635198,0.01726506271848649,-0.013819005318682298,0.11405476632173764,-0.17721805311618488,-0.06676289805405256,-0.10076327125410289,4321293556147.25,0.8326563656635761
2019-06-10,1245.94,1253.68,1238.16,1253.15,95203390,3537447939180,1317809380969665,0.013268754952536543,0.02964496701093622,-0.003855325914149388,0.12379665868527623,-0.16630076108361258,-0.019897977483246065,-0.01687106001538674,4235541940173.7,0.8351818938747019
2019-06-11,1250.85,1261.26,1249.73,1259.3,94429463,3624810522988,1325185677857515,0.004907632765430936,0.01970088342226939,0.014517272492910571,0.11472477692944694,-0.16220927138219166,-0.008129195819602697,0.024696500219944184,4222673037817.55,0.8584161005421936
2019-06-12,1258.98,1263.27,1253.19,1256.29,105603127,3625256131597,1322443096350165,-0.002390216787103938,0.018583231309339476,0.012394130114190327,0.1152165442501229,-0.164211772845814,0.1183281535763896,0.0001229329384733191,4164223264372.85,0.8705719894062834
2019-06-13,1253.1,1255.24,1237.59,1249.49,146666485,5668230948887,1317771428080845,-0.005412762976701235,0.011855690974612365,0.0014827995255040083,0.11567078041824565,-0.16873569641811692,0.3888460424093314,0.5635394419400728,4238171400091.4,1.3374237173996217
2019-06-14,1246.15,1251.71,1240.7,1245.77,111898113,4050880386500,1313828325216090,-0.002977214703599129,0.0073014538221451986,0.011949052036456465,0.105153895470506,-0.17121054872531793,-0.2370573754460673,-0.2853360381698242,4220511495968.25,0.9598079262121915
2019-06-17,1243.27,1250.72,1239.96,1243.43,96128559,3372182555045,1310788600105875,-0.001878356357915112,-0.007756453736583846,0.016281027535533177,0.10258593320558701,-0.17276731066049278,-0.14092779205311534,-0.16754329101319165,4171530510627.3,0.8083801728056649
2019-06-18,1242.34,1251.26,1242.34,1247.85,141083093,4037451451280,1315321770197600,0.0035546834160344876,-0.009092352894465194,0.019085652685221444,0.10304094206964332,-0.16982676033849597,0.4676501392265746,0.19728140021355478,4185098751410.25,0.9647207129627473
2019-06-19,1261.96,1266.84,1260.11,1265.36,112050299,3965844300677,1332319740017810,0.014032135272668889,0.007219670617452989,0.029618539252701304,0.11275782016184718,-0.1581776571398159,-0.20578506880338954,-0.01773573043963128,4135168750808.2,0.9590525900307922
2019-06-20,1262.81,1269.84,1262.2,1269.55,87014085,3260873094749,1337004671038155,0.0033113106151609895,0.016054550256504596,0.031282492851572696,0.11294371046456876,-0.15539012187982326,-0.22343727971667438,-0.17776068662293576,4117752902979.35,0.7919059670602466
2019-06-21,1270.56,1270.8,1262.04,1265.8,120554736,4328249916160,1332834248346470,-0.0029538025284550073,0.016078409337197064,0.030865705676357935,0.1131474359499393,-0.15788493267337267,0.3854623191176463,0.3273285376023378,4136979303967.8,1.0462343652550428
2019-06-24,1267.8,1270.54,1263.66,1265.11,93018890,3085691183737,1332392915411575,-0.0005451098119766407,0.017435641732948204,0.03803897435897419,0.10842084366088207,-0.1583439778593858,-0.22840949193402071,-0.287081096630712,4087859128247.5,0.754842837517217
2019-06-25,1264.26,1271.48,1258.3,1263.3,93630565,3424123687067,1330002678924370,-0.001430705630340423,0.012381295828825634,0.03721766545974026,0.10870157792923449,-0.15954813986907235,0.006575814869431262,0.10967802128537474,4093148596018.0,0.8365500559637982
2019-06-26,1263.1,1268.59,1260.54,1264.33,93345059,3386652415424,1330277270593545,0.0008153249426106068,-0.000813997597521654,0.03563997968578492,0.10874532402178408,-0.15886289850444413,-0.0030492820373346774,-0.010943317200990732,3884042703751.1,0.8719400567231832
2019-06-27,1264.22,1277.34,1262.37,1271.08,123038992,4719103892625,1336859651514540,0.005338796042172467,0.0012051514316095968,0.05494323086116437,0.09408536631947129,-0.15437223907605513,0.3181093173876508,0.39344205243282415,3906165786980.85,1.2081166417343707
2019-06-28,1272.12,1273.71,1263.87,1267.97,124913226,3940231057692,1333413870102405,-0.002446738206879129,0.0017143308579554706,0.04295290972650623,0.09265232973893602,-0.15644126882750542,0.015232845860765787,-0.1650467657959851,3895797974738.4,1.0114053868403132
2019-07-01,1277.9,1278.31,1266.56,1269.04,202720568,5848779370888,1334533861678170,0.0008438685457856643,0.003106449241567999,0.04270091284806954,0.09269214838840113,-0.15572941614774594,0.6228911420476804,0.48437471946478605,3975186746504.9,1.471321913625924
2019-07-02,1263.81,1269.96,1257.57,1262.85,140212024,4144033743121,1328774779572060,-0.004877702830486053,-0.0003562099263832996,0.022575447176854446,0.08294424108409197,-0.15984751716429824,-0.3083483073113725,-0.2914703256293585,3974130126631.9,1.042752403941311
2019-07-03,1261.25,1266.18,1245.07,1247.3,171833123,4388750405446,1312937076331780,-0.012313418062319337,-0.013469584681214508,0.011294258819332548,0.09548888358360409,-0.1701926659215498,0.22552344726155593,0.059052767784824045,4000404318181.0,1.097076709346615
2019-07-04,1250.52,1256.12,1243.67,1255.74,131656617,3965169485463,1320740921892455,0.006766615890323235,-0.012068477200490868,0.0169170344576266,0.09798105058269231,-0.16457767842886784,-0.23381118435471837,-0.09651515371149344,3998595753797.65,0.9916404982166793
2019-07-05,1256.79,1258.88,1246.41,1255.98,113653734,3600158487726,1322236574693720,0.00019112236609486466,-0.009456059685954754,0.01555702896324207,0.09797431650106514,-0.1644180105380807,-0.13674119395001616,-0.09205432430447014,3998696048812.6,0.9003331195415705
2019-07-08,1243.01,1244.06,1227.94,1228.39,142635526,4012459974962,1293608538457940,-0.021966910301119413,-0.032032087247052754,-0.01975820931253236,0.11652970721627415,-0.18277316514982156,0.2550007903831826,0.1145231490895906,4022446650601.7,0.9975172633704896
2019-07-09,1233.2,1236.12,1222.38,1222.38,120034097,4108225849009,1284842777366310,-0.004892582974462489,-0.032046561349328706,-0.029317875009925998,0.11515620042463161,-0.1867715152482834,-0.15845581836323164,0.023867122574327215,4046617416902.75,1.015224674279538
2019-07-10,1229.91,1234.37,1226.63,1227.71,114779096,3892890106996,1289153569663805,0.004360346209852928,-0.01570592479756272,-0.022749524393253062,0.11691383840572094,-0.18322555750705194,-0.04377923549506102,-0.052415750722405896,4059999115672.7,0.9588401366809135
2019-07-11,1235.78,1246.51,1235.22,1241.53,153947629,4856974398325,1303079963781900,0.01125673000952987,-0.011316036759201786,-0.006370599204475469,0.12358661290198207,-0.1740313481292245,0.34125145052545114,0.24765258325592665,4019436288144.6,1.2083720328272733
2019-07-12,1243.44,1248.28,1239.06,1245.34,96577340,3363728917508,1307080931183420,0.00306879414915473,-0.008471472475676478,-0.00034516804867679163,0.12370673445578109,-0.1714966203629783,-0.372661075540176,-0.3074435560813267,3985078714695.0,0.8440809224430702
2019-07-15,1242.76,1247.48,1237.03,1244.3,139264003,3746603111385,1304988976005305,-0.0008351133023912771,0.012951912666172571,0.0006996775049659121,0.12355065603246555,-0.1721885145563894,0.4419946024605772,0.11382433105241141,4003799742512.0,0.9357618643120164
2019-07-16,1245.05,1253.4,1242.59,1250.91,197288200,5016510712379,1311254261476135,0.005312223740255639,0.023339714327786698,0.002452217814641333,0.12436410349381694,-0.1677909947309595,0.41664892398648057,0.33894905951875853,4052752705566.95,1.2378033097080439
2019-07-17,1242.65,1243.05,1234.07,1239.34,164650228,4109158890557,1299688520812995,-0.009249266533963407,0.009472921129582534,-0.020563317949042204,0.11714873957084546,-0.17548831763265738,-0.1654329655803033,-0.18087309563258225,4059918435060.95,1.0121284346677548
2019-07-18,1237.3,1239.45,1231.51,1235.39,129267092,3845853659626,1294956717248950,-0.0031871802733711707,-0.00494551078105232,-0.02690717183253899,0.11623519143916111,-0.17811618500186266,-0.2148987974678055,-0.0640776465315287,4089167463304.8,0.9404979605598843
2019-07-19,1244.42,1255.03,1242.63,1253.54,155389643,4060874948007,1313231489022700,0.014691716785792286,0.006584547191931467,-0.009685574340338121,0.12914001316924695,-0.1660413007610836,0.202081988507949,0.05590989866263141,4075798714897.15,0.9963384435949687
2019-07-22,1250.97,1257.26,1249.27,1253.64,90709607,3047184423655,1312760761243840,7.977407980619411e-05,0.00750622840151105,-0.009066405292820212,0.12915327610081023,-0.16597477247325554,-0.41624418945347597,-0.24962367404332408,4073873376893.05,0.7479821147457811
2019-07-23,1255.7,1262.47,1255.17,1258.69,146124299,4479511754885,1318244278726225,0.0040282696786955174,0.006219472224220812,-0.003649172801393097,0.1300393600361826,-0.16261509393794227,0.6109021285915173,0.4700494397749544,4126642780283.95,1.085509939529287
2019-07-24,1255.59,1261.62,1244.94,1246.24,139716106,4021238910250,1305936479540360,-0.009891236126448932,0.005567479464876568,-0.014307973393022366,0.13446264696178184,-0.1708978657725264,-0.04385439686523318,-0.10230419512466826,4158372105025.25,0.9670223848872185
2019-07-25,1250.02,1252.42,1236.4,1244.36,136974080,4699430754889,1301541160673950,-0.001508537681345623,0.007260864990003002,-0.02102149353305849,0.13257691561010473,-0.1721485975836926,-0.019625697269289755,0.16865246253096577,4157388448138.45,1.1303804812834508
2019-07-26,1237.09,1241.27,1232.24,1240.08,137934451,4388606999451,1296588842648555,-0.003439519110225331,-0.010737591141886216,-0.021995788543893058,0.13276448077832542,-0.17499600830273032,0.007011333823158328,-0.0661407246217296,4179807245226.4,1.0499543978883386
2019-07-29,1235.4,1238.07,1215.88,1218.12,121062062,3648217963941,1274135814407600,-0.017708534933230102,-0.028333492868766297,-0.040124818760638004,0.14497368682003658,-0.1896056203097557,-0.12232179036983304,-0.1687070716522624,4069779174879.05,0.8964166867971213
2019-07-30,1222.58,1228.01,1220.99,1223.26,103703297,3136860593334,1279349170913700,0.0042196171148984885,-0.028148312928520935,-0.031349724828760306,0.14617489262136732,-0.18618606631539725,-0.14338732310705227,-0.14016634303686293,4019420517389.7,0.780426078774944
2019-07-31,1221.3,1224.26,1204.64,1212.99,141512620,5005413543218,1270590102760825,-0.008395598646240399,-0.02668025420464759,-0.027507416018600184,0.14297551438406605,-0.19301852147533127,0.36459133020621315,0.595676120849864,4050253674278.3,1.2358271717659504
2019-08-01,1206.94,1218.34,1204.25,1210.07,124777210,3995588725879,1266444016932015,-0.0024072745859405886,-0.027556334179819286,-0.03636899358147394,0.1397355883822823,-0.19496114747990845,-0.11826090139522538,-0.20174653075513516,4051774636299.1,0.9861330119605516
2019-08-02,1195.18,1201.49,1190.59,1196.25,150274603,4980053320003,1252426317304700,-0.011420826894311897,-0.035344493903619045,-0.047556489753021514,0.14355301646853147,-0.2041553568577359,0.2043433492382143,0.24638786963926695,4120769377912.95,1.2085251231713559
2019-08-05,1188.23,1189.47,1164.13,1165.01,209588981,6210701012911,1218986761221130,-0.026114942528735585,-0.04359997373001012,-0.05159599150107064,0.15158458002615557,-0.22493879397519823,0.3947066025521291,0.24711536480241114,4230681429810.4,1.4680143414129236
2019-08-06,1136.38,1165.55,1132.32,1146.7,263673548,7242051350126,1199822078360515,-0.015716603290958808,-0.06258685806778608,-0.061912007722639495,0.15846724375841248,-0.23712012347650213,0.25805062242275034,0.16606021366525248,4387372704866.25,1.6506578850922526
2019-08-07,1153.08,1155.45,1136.55,1141.53,227869727,5532836066535,1194382148567830,-0.0045085898665737645,-0.058912274627160977,-0.07019573026203263,0.15600561895293064,-0.24055963595720897,-0.13578844473242346,-0.23601258827877025,4469370002843.2,1.2379454068504674
2019-08-08,1151.42,1157.8,1143.9,1146.11,267978687,6889791905627,1201075087214990,0.004012159119777703,-0.052856446321287276,-0.07685678155179498,0.14881746116678043,-0.23751264037468733,0.17601706259120586,0.24525502342269978,4571010878208.3,1.5072797000928586
2019-08-09,1158.24,1162.26,1155.32,1156.54,200318432,4853176664423,1211647005617015,0.009100348134123415,-0.03319540229885065,-0.07130582812725839,0.15403816710242604,-0.23057373995422847,-0.25248371710993567,-0.2955989482847319,4645483265554.05,1.04470867442554
2019-08-12,1159.67,1163.59,1154.14,1158.95,145985452,3682568476649,1214063684821775,0.0020838016843343077,-0.005201672088651521,-0.06859278309089445,0.15508973288929,-0.22897040821757397,-0.2712330535814098,-0.2412045282330918,4642281533817.25,0.7932669420893355
2019-08-13,1150.53,1155.24,1146.45,1147.34,134056959,3825633188542,1201964187952035,-0.010017688424867499,0.0005581233103688632,-0.08279572471240948,0.15306873097552487,-0.23669434243440313,-0.08171014876194649,0.038849165412718545,4582737657625.4,0.8347920990363427
2019-08-14,1161.4,1165.69,1155.5,1156.76,139608345,4467699525573,1210466102930305,0.008210295117402122,0.01334174309917402,-0.06663223974050703,0.15799915086515912,-0.23042737772100697,0.041410651423176015,0.16783269733073913,4600664689376.2,0.9710987057782668
2019-08-16,1146.98,1152.59,1141.39,1152.22,135328630,3836304579842,1204455416120055,-0.00392475535115322,0.0053310764237290975,-0.06732286970106616,0.15800800456985187,-0.23344776198839734,-0.030655151738959496,-0.1413243979629586,4600187235387.0,0.8339453121236408
2019-08-19,1158.44,1161.01,1154.23,1158.03,119303963,3037784965585,1212023692822240,0.005042439811841382,0.0012883255226796564,-0.0761922236227005,0.14663187514848827,-0.2295824684655915,-0.11841298474683448,-0.20814812735486388,4549032736265.9,0.667787009173863
2019-08-20,1160.08,1174.24,1156.53,1171.85,130359774,3494205935220,1225338167708380,0.011934060430213389,0.011130764916519098,-0.06524201525158757,0.15661198588759678,-0.22038825908776416,0.09266926866461267,0.15024795198007213,4571383811844.15,0.7643650323490112
2019-08-21,1167.81,1179.39,1167.64,1174.78,109835926,3440797890336,1228645133179660,0.0025003200068267617,0.02391618874962953,-0.06666454806187394,0.1557525338938228,-0.2184389802544041,-0.15744003974723064,-0.015284744481048218,4519448118616.7,0.7613314280924083
2019-08-22,1175.78,1176.55,1165.39,1165.67,124978598,3814446844053,1219783818233325,-0.00775464342259824,0.007702548497527717,-0.06465046860957757,0.1547524980111162,-0.22449970727553348,0.13786629340203316,0.10859369414473585,4509108515306.85,0.8459425696020143
2019-08-23,1159.59,1167.97,1158.91,1164.21,105787412,3164026334391,1218378566146970,-0.001252498563058202,0.010405998854385423,-0.0644106207206917,0.15479426944171543,-0.22547102027782207,-0.1535557792062926,-0.17051502780175132,4432338294281.95,0.7138503706887247
2019-08-26,1143.86,1149.37,1140.58,1143.75,121496126,3640948971279,1196585967782030,-0.017574148993738326,-0.01233128675422912,-0.07768047222759822,0.16290850476922322,-0.2390827079674277,0.14849322526199993,0.15073282788583242,4394955392873.35,0.8284382083110534
2019-08-27,1151.79,1157.62,1145.98,1150.08,149314402,4494960491895,1202722359980495,0.00553442622950806,-0.018577462985877036,-0.05585656585558074,0.15774880019584692,-0.2348714673479163,0.22896430459025496,0.23455739900578743,4437292519271.05,1.0129962071180791
2019-08-28,1153.34,1162.69,1150.85,1161.26,147757205,3544855742118,1215062044220855,0.009721062882582121,-0.011508537768773697,-0.05068423720223014,0.16215336264993904,-0.22743360476874763,-0.01042898058822217,-0.21137110136789028,4457692276710.25,0.7952221737329258
2019-08-29,1161.95,1165.0,1152.04,1155.83,119369054,3692301290394,1209843131942780,-0.0046759554277251425,-0.008441497164720868,-0.04712322442889061,0.1609068490577139,-0.23104609079780725,-0.19212701675021537,0.04159423090878822,4392036664069.05,0.8406808897112502
2019-08-30,1167.74,1179.46,1167.06,1177.09,145633035,4189185681113,1231993657614875,0.018393708417327792,0.011063296140730428,-0.027254621633459264,0.17696753637785143,-0.21690217680557777,0.22002336551984403,0.1345730891494985,4401716511830.75,0.9517163747037052
2019-09-02,1173.52,1181.35,1171.65,1178.74,115710646,3257996316045,1233798400687965,0.001401761972321669,0.030592349726775936,-0.014637408568443089,0.17307225966722858,-0.21580446005641596,-0.20546429592708826,-0.22228409909502933,4315613661632.85,0.7549323390575023
2019-09-03,1176.5,1181.87,1171.04,1174.68,126157341,3632001142556,1230782266652490,-0.0034443558375892858,0.02138981636060122,0.008300357936841696,0.14537630936284113,-0.21850550854223205,0.09028292003486005,0.11479596360164646,4186678668115.1,0.8675137096659908
2019-09-04,1173.35,1190.29,1172.65,1190.29,118685726,3857858509401,1246047129202440,0.01328872544011972,0.024998708299605488,0.03801342984215572,0.13890141221224733,-0.2081204428122837,-0.05922457576210327,0.06218537879810637,4017469026078.85,0.96027087809719
2019-09-05,1194.52,1209.72,1193.4,1202.82,136102615,5001787541868,1257796189805060,0.010526846398776657,0.04065476756962538,0.053691098788468006,0.13994513021952462,-0.19978444834743736,0.14674796697961812,0.2965191775902156,3990916599845.5,1.2532929257558612
2019-09-06,1210.86,1211.46,1203.46,1206.78,92466135,3248694670225,1260477873819580,0.003292263181523536,0.025223219974683353,0.052935582099449485,0.13987586819188297,-0.1971499281494491,-0.32061455983046316,-0.3504932700496668,3808861738075.4,0.8529305849433512
2019-09-09,1209.64,1220.8,1208.96,1214.33,108586815,3632640488163,1267457458394495,0.006256318467326327,0.030193257206847957,0.04996800802393353,0.13848549701908858,-0.19212704241843626,0.17434144943984076,0.11818464242175408,3747834929262.4,0.969263736724373
2019-09-10,1217.07,1221.48,1213.56,1219.79,130828229,3900969828303,1274127373138025,0.004496306605288547,0.03840194776449746,0.05249579360628154,0.1386592879331458,-0.18849459790302836,0.20482610158516934,0.0738661976086965,3758754996845.1,1.0378356215228892
2019-09-11,1226.9,1232.02,1224.49,1229.75,170028532,5762059595063,1285207249798455,0.008165339935562788,0.03315158490787962,0.07182700855892765,0.1315578410297114,-0.18186838043536102,0.2996318401589002,0.4770838659804788,3855576317171.15,1.494474268192062
2019-09-16,1233.16,1236.66,1224.72,1236.65,162087559,5259105337902,1293736120056995,0.00561089652368385,0.028125571573469177,0.06906359141049156,0.1306456649549342,-0.17727792857523006,-0.04670376734182469,-0.08728723625002721,3895146607787.6,1.3501687785993537
2019-09-17,1234.04,1238.65,1231.65,1235.5,126150961,4013420718733,1293728966978395,-0.0009299316702382487,0.02379886971941869,0.07227786360243704,0.12884581033784281,-0.17804300388525196,-0.22171101978283236,-0.23686245837128206,3904002414732.15,1.0280272121728073
2019-09-18,1236.65,1244.74,1232.82,1241.2,115001950,3741643501346,1298686269016600,0.004613516794820027,0.022127428293791773,0.07182024645302798,0.12878786674092693,-0.1742508914790568,-0.08837832793045464,-0.06771710130424546,3939195341520.2,0.9498496969439546
2019-09-19,1241.71,1254.9,1241.36,1248.66,108013096,4019047298365,1304793538999345,0.006010312600708945,0.023668008427680354,0.06554593164654188,0.1253155536576437,-0.16928788120708915,-0.06077161300308387,0.0741395584371436,3965437409677.45,1.0135192875713326
2019-09-20,1249.23,1256.11,1246.41,1255.28,123574755,4415673487491,1312248423778115,0.0053016834046095695,0.020760317137629603,0.06852346822383759,0.1254998219134093,-0.1648837085528766,0.1440719651254141,0.098686618912734,4014181189535.2,1.1000184792361822
2019-09-23,1252.77,1257.62,1251.18,1255.45,103442093,3434555867040,1311559204247850,0.0001354279523293478,0.015202361217806049,0.0770200828707952,0.1192084186112395,-0.164770610463569,-0.16291889067471754,-0.22218980258172893,3995186640684.55,0.8596734460574564
2019-09-24,1253.95,1260.25,1249.55,1259.36,117429443,3693199553679,1316325765842950,0.003114421123899591,0.019312019425333782,0.08172924128808368,0.11778026615067665,-0.16216935440949487,0.1352191317319924,0.07530629771409325,4021645301648.95,0.9183305032307844
2019-09-25,1253.68,1254.37,1240.66,1242.0,124032454,4370740384004,1298566130352885,-0.013784779570575445,0.0006445375443118184,0.0859016393442622,0.1090337314820155,-0.17371866517643297,0.05622960333721405,0.18345632844292536,4058134872285.2,1.077031819187115
2019-09-26,1247.98,1251.33,1238.01,1244.5,140208009,4514194220953,1300486421197850,0.0020128824476650653,-0.0033315714445886213,0.08209863661658323,0.10915776268543603,-0.1720554579807333,0.13041389151261984,0.03282140423485491,4059096558738.1,1.1121179690183034
2019-09-27,1237.78,1237.96,1225.21,1229.06,100484391,3272297374597,1284909136051500,-0.012406588991562884,-0.020887770059269672,0.05838485782684333,0.12129403838597709,-0.18232742562137416,-0.28331917900638615,-0.27510930756847696,4045468640362.05,0.808879678845847
2019-09-30,1225.92,1239.73,1223.47,1238.29,129734831,3626085817574,1293750430355635,0.007509804240639184,-0.013668405750925983,0.07134267150013418,0.11893029594863157,-0.17618686465485123,0.2910943650939777,0.10811622614847805,4042157866721.05,0.8970668482365429
2019-10-01,1238.29,1247.48,1235.94,1244.73,137875396,4357823228562,1301792457277700,0.005200720348222276,-0.011617011815525213,0.05746374533807952,0.10544034108546389,-0.17190244291872903,0.06274772115747385,0.20179815034757298,4050589744093.5,1.0758490747962077
2019-10-02,1235.42,1235.55,1218.78,1218.78,557483788,4731818732039,1275376730499845,-0.020847894724157046,-0.018695652173913113,0.033968474812087424,0.13487574913942013,-0.18916653361009095,3.0433884810020784,0.08582163246681573,4124280864893.2,1.147307588170655
2019-10-04,1216.65,1226.58,1213.53,1214.14,298538950,4858650815598,1269459052390960,-0.0038070857742987796,-0.024395339493772483,0.03359212721762517,0.1350654752271635,-0.19225344616530937,-0.4644885529837147,0.026804087548879307,4185613348545.3,1.1607978116962507
2019-10-07,1222.33,1225.48,1212.86,1218.31,230409736,4787450411450,1273774974105970,0.0034345297906335226,-0.008746521732055368,0.02354048173134271,0.12819446016345007,-0.18947921656288247,-0.2282087948657956,-0.014654357114823213,4232092943647.75,1.131225253130564
2019-10-08,1223.97,1235.88,1220.21,1235.13,296014305,6923416725590,1290315849335470,0.013806009964623334,-0.0025519062578232,0.026861874594702684,0.1318370477321431,-0.17828915855021543,0.2847300211307042,0.4461594649693863,4328174402833.85,1.5996159306928408
2019-10-10,1224.12,1232.15,1212.63,1224.06,263565739,6275568506189,1278656275942780,-0.008962619319423992,-0.0166060109421321,0.014319097101377132,0.13654636762013905,-0.1856538400127734,-0.10961823618625455,-0.09357348330723103,4479518094632.05,1.4009472388802748
2019-10-11,1236.57,1240.31,1231.89,1233.99,164171236,4241005033898,1288312198457810,0.008112347433949285,0.012479692807561671,0.016189997776551834,0.137693811014073,-0.17904758103145446,-0.3771146560137697,-0.3242038502622515,4509936321918.8,0.9403691607099277
2019-10-14,1249.28,1254.58,1247.27,1248.44,200241066,4623274212149,1303344004836735,0.011709981442313167,0.028250448877394696,0.023487649513440845,0.14253082521518562,-0.16943424344031077,0.21970858524814907,0.09013645944665338,4546051541111.1,1.0169867566039577
2019-10-15,1246.55,1252.47,1246.55,1249.35,240429025,4367986278677,1304130267487340,0.0007289096792795213,0.025477916129720724,0.01593819882089842,0.14013501223496186,-0.16882883602107612,0.20069788781488018,-0.055217995246995444,4476347875291.8,0.9757924094298109
2019-10-16,1258.05,1263.96,1253.78,1258.39,170705427,4702603866844,1313679489997450,0.007235762596550455,0.018832025778662942,0.017579751748675765,0.14098664328489252,-0.1628146788014262,-0.28999659254950605,0.07660683134479784,4448522801738.9,1.0571158284286597
2019-10-17,1256.71,1259.93,1249.82,1254.2,129504973,4047733806087,1310179291937395,-0.0033296513799379035,0.024622975997908636,0.015135572642654749,0.14165759683893905,-0.16560221406141884,-0.2413540959069802,-0.13925690517421674,4450238456106.6,0.9095543634370234
2019-10-18,1256.29,1260.41,1239.79,1242.13,274830067,5594431464937,1297816124944445,-0.009623664487322547,0.006596487815946794,0.0007492748952626638,0.1455219551726424,-0.17363217840225653,1.1221584054536655,0.3821144702065311,4542877854286.15,1.2314730099244737
2019-10-21,1246.61,1248.74,1241.69,1248.51,193136035,4501261948888,1303433597785125,0.005136338386481087,5.606997532914271e-05,-0.00012012877805012145,0.14508177703428768,-0.16938767363883123,-0.29725289118384557,-0.19540314737975084,4566988586812.3,0.9856083200833712
2019-10-22,1256.35,1270.33,1254.63,1266.0,247611717,6855164782312,1320626191863310,0.014008698368455308,0.013326930003601856,0.008539927346886689,0.15238321848425995,-0.15775187609771668,0.2820586122108182,0.5229428680562598,4688963151553.35,1.4619788129580493
2019-10-23,1263.85,1267.1,1258.46,1263.38,274990464,7040332861029,1318033462215200,-0.00206951026856228,0.003965384340307798,0.006316460233382504,0.15264803960821863,-0.15949491723880982,0.11057129013002243,0.02701147012465377,4869252001252.8,1.4458756415189864
2019-10-24,1269.25,1271.18,1252.79,1265.05,282918104,8588557289566,1320925577392890,0.0013218509078818386,0.008650932865571503,0.004518167958328156,0.15235119730145572,-0.1583838948320826,0.028828781495492173,0.21990784513996897,5114019888047.15,1.6794141355687302
2019-10-25,1267.96,1268.45,1258.52,1264.36,182153011,6107243840376,1321085717886620,-0.0005454329868385122,0.017896677481422874,0.018003220611916282,0.14312145489821823,-0.15884294001809574,-0.3561634677150247,-0.288909227188189,5200845060865.75,1.1742791351987263
2019-10-28,1269.36,1274.88,1265.04,1266.55,205577975,5833111435249,1323978477281620,0.0017321016166282899,0.014449223474381379,0.017717959019686536,0.14309677937573162,-0.15738597051466285,0.12860047644230277,-0.044886435238538414,5266790921580.55,1.1075266746109032
2019-10-29,1273.67,1274.63,1263.3,1267.43,183448893,5837748205842,1324830253150510,0.000694800836919196,0.0011295418641390498,0.031218980358973525,0.13419755884321177,-0.1568005215817765,-0.10764325312572998,0.0007949051967326426,5395063463142.8,1.0820536673430199
2019-10-30,1267.77,1267.77,1256.4,1258.68,173403705,5841397711464,1316917586271810,-0.006903734328523092,-0.00372017920182377,0.016466255885132064,0.13548616894474363,-0.16262174676672514,-0.05475741955008695,0.0006251563947803351,5505829057837.3,1.0609478881566499
2019-10-31,1264.96,1274.52,1260.34,1260.41,212307166,5800872485690,1318842099322865,0.0013744557790702494,-0.003667839215841129,0.0125971094132864,0.13453457070223027,-0.16147080738730102,0.22435195949244569,-0.006937590586319375,5577981520693.7,1.039959071963469
2019-11-01,1261.74,1272.4,1258.9,1271.86,137517160,4132609422151,1329601823560430,0.00908434557009219,0.0059318548514664116,0.04355174846978116,0.11095512040731408,-0.1538533184309968,-0.35227264067007513,-0.2875883011830356,5548021055199.3,0.7448799096171681
2019-11-04,1279.1,1291.46,1279.1,1290.75,255070930,5599086340905,1348921871205635,0.014852263613919892,0.01910702301527767,0.06309816001449575,0.11724346296068167,-0.14128612486029057,0.8548298263285832,0.35485495215047624,5585042831464.65,1.002514485540063
2019-11-05,1292.82,1299.68,1289.41,1299.47,256897211,5970565769611,1357355635608700,0.006755762153786593,0.025279502615529026,0.06661687091134438,0.11796345972469555,-0.1354848581616903,0.0071598947006623614,0.0663464369163409,5644198599372.7,1.0578234738718393
2019-11-06,1299.13,1307.95,1295.78,1298.81,227919394,6210976976816,1356677968766870,-0.0005078993743603544,0.031882607175771405,0.051557325949495025,0.11176385358479306,-0.13592394486135506,-0.11279926662964046,0.0402660679878355,5608576611934.0,1.1074069958499282
2019-11-07,1296.35,1300.12,1292.17,1297.71,177569522,5751369179857,1356193321975415,-0.0008469291120332123,0.029593544957593032,0.060168619185334116,0.1041379817909475,-0.13665575602746283,-0.22091087167422008,-0.07399927558491992,5582366645617.4,1.0302743522538564
2019-11-08,1304.24,1305.68,1289.76,1292.4,194214090,5198566274375,1350879042226045,-0.0040918232887162675,0.016149576211218264,0.047334257165779325,0.10511369197863184,-0.14018840811112876,0.09373550039741607,-0.09611674858537678,5630244707641.25,0.923328655203852
2019-11-11,1293.34,1293.34,1279.82,1281.94,135907385,4096852643965,1341464299941450,-0.008093469514082408,-0.006825489056749956,0.026833488193265254,0.10519484373092446,-0.1471472670179359,-0.30021871739583883,-0.21192643745653772,5603923629232.05,0.7310686074653776
2019-11-12,1286.24,1294.29,1281.79,1294.29,258564617,4677382649735,1352801975637895,0.00963383621698366,-0.0039862405442219195,0.03597070476647857,0.10917610115765147,-0.13893102347117992,0.9025060117226154,0.1417014611509566,5619393447784.95,0.8323643277867878
2019-11-13,1288.43,1289.24,1280.25,1283.04,242503193,4370308505541,1340049034596730,-0.008692024198595383,-0.012141883724332225,0.019588521841400475,0.11320551284771278,-0.14641545585182814,-0.06211764079073512,-0.06565084945774058,5602778679719.8,0.7800251902435602
2019-11-14,1285.95,1294.53,1282.63,1294.53,311929720,5936905789653,1351572799755680,0.008955293677515908,-0.0024504704440899694,0.03215595598788057,0.1153600602364153,-0.13877135558039277,0.28629118710201884,0.35846377484009473,5697237278898.1,1.0420674967571746
2019-11-15,1294.19,1311.53,1291.4,1309.99,251610638,5618595208954,1366945636543555,0.011942558303013495,0.013610337356855462,0.05463196283802807,0.11288253238839667,-0.12848608228218628,-0.1933739497473982,-0.05361556877890172,5698445466098.95,0.9859873613567081
2019-11-18,1309.38,1311.84,1303.28,1308.94,258726287,4818423679644,1365557913939685,-0.0008015328361284935,0.021061828166684782,0.048401694820225716,0.11314122874742094,-0.12918462930438013,0.028280398064886247,-0.1424148741014155,5714303552636.75,0.843221511643468
2019-11-19,1302.74,1305.07,1293.49,1303.65,187276898,4916316589685,1360301712600045,-0.004041438110226614,0.007231764133231344,0.029739336492891066,0.10650409771903381,-0.13270397573048043,-0.276158212713809,0.02031637658899954,5617361143005.4,0.8752003769255029
2019-11-20,1295.15,1299.69,1284.9,1285.1,174925658,4920824254742,1342298771069235,-0.014229279331108957,0.00160556179074689,0.01719197707736364,0.11980626905748877,-0.1450449731225717,-0.06595175449777047,0.0009168785156061787,5511385712691.05,0.8928470100379355
2019-11-21,1283.87,1285.72,1260.61,1266.1,152831256,4927741152269,1323287418663160,-0.014784841646564462,-0.021961638586977528,0.0008300067191020499,0.13203555646889467,-0.15768534780988874,-0.12630738253389906,0.0014056379925242446,5328344905826.2,0.9248164747895419
2019-11-22,1267.51,1273.67,1265.1,1270.6,164583048,4371782755623,1326557327161155,0.003554221625464038,-0.03006893182390713,0.004935303236420108,0.13258113667755766,-0.1546915748576294,0.0768939044772361,-0.11282215917327687,5241571851588.55,0.8340594919629033
2019-11-25,1281.55,1289.56,1280.33,1284.46,143033306,4254767274414,1341350473427755,0.01090823233118221,-0.01870215594297675,0.014140776124116794,0.13781259704312868,-0.1454707541646707,-0.13093536826465868,-0.026766078680029226,5162654643546.8,0.8241433076939132
2019-11-26,1289.19,1296.92,1283.17,1283.39,204362029,7059010723749,1339641446131955,-0.0008330348940410737,-0.015540981091550665,0.012592411415226046,0.1379256332128283,-0.14618260684443007,0.4287723238390364,0.6590826873653677,5223717769442.15,1.351338459562842
2019-11-27,1290.97,1292.9,1280.36,1287.19,133510112,3790946750281,1344231885861345,0.002960908219637126,0.001626332581122103,0.022650713445832027,0.13516627326888722,-0.14365453190696675,-0.3466980502527698,-0.462963452155283,5121195221383.0,0.7402464827843918
2019-11-28,1280.04,1286.46,1278.45,1278.79,118221765,3863648062983,1336956536378930,-0.006525843115623986,0.010022904983808534,0.014582556469720176,0.13787803438717475,-0.14924290808451746,-0.11451077952807054,0.019177613797031423,5024334000247.65,0.7689871061104935
2019-11-29,1282.52,1282.6,1256.79,1258.92,125500857,4422610298981,1317059431760330,-0.01553812588462522,-0.009192507476782463,-0.010174075763055512,0.14564439833487974,-0.1624620788759379,0.06157150504393161,0.14467214065207656,5038834044089.15,0.8777050921470578
2019-12-02,1265.57,1270.98,1259.91,1261.86,123697288,4114934585030,1320163872469405,0.0023353350490895597,-0.01759494262180228,-0.02238233585124938,0.13453093235545466,-0.1605061472137953,-0.014370969594255434,-0.06956880510631713,4964626456295.4,0.8288507949700934
2019-12-03,1250.59,1257.84,1246.02,1255.43,147326249,4677684431508,1314642040369595,-0.005095652449558452,-0.021786051005540097,-0.03389074007095194,0.13190757792949337,-0.16478391612113463,0.19102246607055773,0.13675790826062362,4899982389390.25,0.9546329067705256
2019-12-04,1247.01,1249.03,1238.92,1246.62,143562560,5265802654502,1305516032693725,-0.007017515910883287,-0.031518268476293465,-0.04018293668819928,0.13315212430445475,-0.17064505827878018,-0.02554662882919123,0.12572849485795712,4852723673274.55,1.0851231203421707
2019-12-05,1253.46,1257.31,1237.88,1241.5,122074978,4312477030639,1299534485914830,-0.004107105613579076,-0.029160378169988843,-0.043314762157955156,0.13327561773311775,-0.1740513066155729,-0.14967399578274443,-0.18104089469588347,4780779065813.65,0.9020448281069126
2019-12-06,1249.64,1258.12,1248.21,1256.16,121934482,3743533620587,1313356249312080,0.011808296415626307,-0.002192355352206632,-0.028040854224698264,0.14191784731271775,-0.16429825961999034,-0.001150899244888648,-0.1319296093659882,4708027433124.25,0.7951384467831761
2019-12-09,1263.84,1265.08,1258.13,1262.17,113676829,3543038564847,1317647350468100,0.00478442236657739,0.00024566909165857354,-0.015421938624272546,0.14120185594810136,-0.1602999095215284,-0.06772204928873193,-0.05355770137535498,4680336729168.35,0.75700505537698
2019-12-10,1257.02,1269.59,1256.2,1267.79,104405106,3263881415997,1323535766188720,0.0044526490092458015,0.009845232310841556,-0.02047454589002462,0.1372973593135052,-0.15656101974559578,-0.08156211852109285,-0.07879032184964518,4609661667481.45,0.7080522718232952
2019-12-11,1267.22,1275.12,1263.98,1271.87,127008165,3813615395813,1328223923052300,0.003218198597559452,0.020254768895092257,-0.008705886020700881,0.13493399177803275,-0.15384666560221405,0.2164938082625958,0.16842951987214771,4581827011995.05,0.8323350894368337
2019-12-12,1282.31,1295.61,1282.2,1294.01,207600608,7813929473006,1349581047833710,0.017407439439565353,0.042295610149013285,-0.0004016901887171631,0.14562079442517292,-0.1391173026770982,0.6345453695831287,1.0489558232812302,4675678196162.7,1.6711863274548797
2019-12-13,1313.0,1315.82,1308.55,1315.82,158129962,5642230549120,1375545249182355,0.016854583813108004,0.047493949815309966,0.0044504156520277505,0.15186483141910023,-0.12460748310181491,-0.23829721153803174,-0.27792660931844226,4676859963171.0,1.2064142594713185
2019-12-16,1313.56,1318.92,1312.67,1313.89,114154061,4069306722202,1373584921471255,-0.001466765971029349,0.040977047465872385,0.00378168594435202,0.1519451609934648,-0.1258914790568949,-0.27809973798640386,-0.27877695057379814,4639404115298.9,0.8771184016462487
2019-12-17,1322.7,1334.99,1317.6,1334.91,155809572,5860863816164,1392755359900515,0.015998295138862417,0.052942522026518724,0.023978828673340224,0.16085887424619602,-0.11190723295545257,0.36490608073943154,0.44026101158394493,4686631476622.85,1.2505493221300372
2019-12-18,1334.59,1340.83,1328.51,1333.66,126282589,4670626258789,1391690306639230,-0.000936392715613743,0.04858200916760369,0.03778694265037763,0.15049718571826531,-0.1127388365533023,-0.1895068616195159,-0.2030822750210265,4674121576825.2,0.9992521978774513
2019-12-19,1337.49,1340.93,1327.53,1334.35,125850519,4434321902712,1393163495283185,0.0005173732435552747,0.031174411326033047,0.053905694652871095,0.137214009503498,-0.11227979136728938,-0.0034214534515125683,-0.05059371976773608,4649450614347.35,0.9537302942907917
2019-12-20,1340.01,1341.52,1333.17,1339.21,131774637,4832621555289,1398441957932695,0.0036422228051111727,0.01777598759708776,0.053998111128600756,0.13722193747164388,-0.10904651657884923,0.04707265450371323,0.08982199788729872,4672492554330.65,1.0342705738096758
2019-12-23,1341.73,1343.11,1333.54,1338.56,126063510,4971504943520,1399228056136300,-0.0004853607723956932,0.018776305474583088,0.042118867072544086,0.13407156255446692,-0.10947895044973122,-0.04334010800576138,0.02873872630870533,4708329437785.95,1.0558957288803916
2019-12-24,1340.39,1340.64,1326.86,1328.57,121570306,4477688564738,1389666372153725,-0.007463244083193876,-0.0047493838535932476,0.03520364035873724,0.13800251473766098,-0.11612512640374684,-0.035642383747684026,-0.09932935487183903,4579263329835.4,0.9778185359126199
2019-12-26,1329.87,1335.24,1323.87,1335.23,156466120,5161321996425,1395479593026370,0.0050129086160308756,0.0011772115831620855,0.03732160753268743,0.1384294971160753,-0.11169434243440302,0.2870422486227846,0.15267552037241816,4647782092142.6,1.110491390108537
2019-12-27,1328.24,1348.7,1323.6,1341.38,145325685,5587920808554,1398541485597980,0.004605948038914676,0.005268482781878969,0.048944705541957845,0.13507394379966212,-0.10760285273298198,-0.07120030202065475,0.08265301262437896,4733995729421.15,1.18038146376555
2019-12-30,1339.14,1343.1,1334.89,1336.59,110746538,4175161071440,1394948857017105,-0.003570949320848782,-0.0019563772671948865,0.061695739205032796,0.1197777736200749,-0.11078955771994248,-0.23794243254384106,-0.25282386517563826,4721623268044.1,0.8842639140012397
2020-01-02,1338.83,1340.45,1320.03,1322.39,118900852,4942579091165,1379913645857925,-0.010624050756028236,-0.012080145828352706,0.04796887134864414,0.12922779031624917,-0.12023657459151615,0.07363041903847134,0.1838056081176096,4763005493350.85,1.037701740647756
2020-01-03,1334.48,1342.07,1315.75,1322.79,145416219,5762646517226,1379499978255290,0.0003024826261539548,-0.004350542312411054,0.053654923014425204,0.1264792034530902,-0.11997046144020429,0.22300401177949514,0.1659189283438871,4817253597636.75,1.1962514325700107
2020-01-06,1308.27,1315.58,1306.71,1310.38,126338892,4668318231614,1365151926578955,-0.009381685679510587,-0.018611025815777005,0.05114629959410255,0.12912583593173882,-0.12822662195965706,-0.13119119126594814,-0.18990029708412226,4787379376492.35,0.9751302047498095
2020-01-07,1318.05,1327.91,1316.48,1324.2,137002740,4888163075337,1379941036109135,0.010546559013415946,-0.012807705497323685,0.06661296818364892,0.12961396966214955,-0.11903241258182973,0.08440669243798649,0.04709294285770915,4816163678727.25,1.014949532742786
2020-01-08,1313.54,1321.43,1304.81,1313.42,233310881,8213033525733,1364837666339480,-0.008140764235009756,-0.01733515887444903,0.045583365176410595,0.13149601373289332,-0.12620416200968643,0.7029650720854197,0.6801881195763455,5039638673984.55,1.6296869789753063
2020-01-09,1334.69,1338.54,1327.54,1338.54,176751924,7033126066917,1389439874545635,0.019125641455132403,0.012212736030974058,0.06050690477510945,0.14436615149290136,-0.10949225610729674,-0.24241885658131823,-0.14366280803787357,5214143049088.05,1.3488556030596608
2020-01-10,1340.64,1351.17,1337.65,1350.93,169661144,6260271370157,1402341514820245,0.009256353937872719,0.021273217971106595,0.06557868416693635,0.14601333360059032,-0.10124940124540949,-0.040117130493018016,-0.10988779234250012,5363962546796.05,1.1670982628125033
2020-01-13,1349.36,1365.24,1349.0,1364.63,136788251,5602547139407,1417052846480725,0.01014116201431614,0.041400204520825934,0.07293198204219009,0.14806510642852241,-0.0921350258129755,-0.19375616729308387,-0.10506321401423613,5453409133975.75,1.0273476648766535
2020-01-14,1373.66,1380.33,1366.82,1370.45,170581226,6412681978603,1423031640318615,0.00426489231513294,0.034926748225343696,0.05907218645914636,0.13883285054746064,-0.0882630794613869,0.24704588846596187,0.14460116426289438,5383346759255.6,1.1912073038166568
2020-01-15,1363.46,1368.67,1358.46,1362.57,116424268,4663990759938,1416658901578645,-0.005749936152358748,0.037421388436295944,0.03552917572312331,0.1317243737031142,-0.09350550854223216,-0.31748486788340935,-0.2726926463061484,5334434769796.5,0.8743177039759591
2020-01-16,1363.1,1376.72,1359.34,1376.28,139338922,6038371343952,1428604364176580,0.010061868381074035,0.028194898919718492,0.04748494927277003,0.13428756370040026,-0.08438448028101542,0.19682025400408798,0.29467909666962333,5432888000884.0,1.111447786696409
2020-01-17,1386.35,1390.37,1374.73,1378.26,124108874,5153768932201,1430186885106565,0.0014386607376406513,0.020230507872354586,0.03247409937748613,0.12423912895393562,-0.08306722018202128,-0.10930218047761275,-0.14649685508941301,5397533256685.85,0.9548378281536474
2020-01-20,1385.68,1396.68,1383.93,1386.96,131550276,5532840360448,1437774019746260,0.006312306821644631,0.01636340986201379,0.0399652085239115,0.12491713602269947,-0.07727925914098666,0.05995866177949538,0.07355227470105286,5440643961768.8,1.0169458614324078
2020-01-21,1384.5,1388.92,1370.25,1371.26,126276641,4977927708312,1422088858639530,-0.011319720828286362,0.0005910467364733663,0.02766140817626561,0.13353783621808132,-0.0877242003299803,-0.04008836135015026,-0.1002943544337267,5467824252048.8,0.9104037508972175
2020-01-22,1369.81,1391.4,1367.36,1389.67,122782654,5319933736046,1439280953144560,0.013425608564386016,0.019888886442531506,0.03767893011551582,0.14007345942756544,-0.07547634254084823,-0.027669305837807356,0.06870449869388984,5492189861086.65,0.9686361671031947
2020-01-23,1379.49,1383.43,1370.12,1372.95,124282198,5776703456644,1425293527050895,-0.012031633409370635,-0.002419565786031863,0.02569178819029405,0.1484158136261093,-0.08659987226568733,0.012212995493646739,0.08586003947814036,5532449786742.85,1.0441492791288307
2020-01-28,1337.59,1343.44,1321.62,1328.55,202376042,8200584306845,1379352975186930,-0.032339123784551616,-0.036067215184362955,-1.505377962773835e-05,0.18871624734986095,-0.11613843206131247,0.6283590510686012,0.4195958591942617,5718594573848.2,1.4340209296086888
2020-01-29,1336.68,1342.25,1327.52,1334.95,121603704,5625717998496,1385698651165410,0.004817281999172085,-0.037499278998673335,-0.00020970169933265392,0.18864951030685273,-0.11188062164032142,-0.3991200598734903,-0.31398571272534415,5741814373951.75,0.9797805418471152
2020-01-30,1332.08,1336.06,1303.69,1309.53,153086164,6395450181006,1361612503914835,-0.019041911682085577,-0.04501699167189299,-0.02374420373048658,0.19945260513530783,-0.12879211240619504,0.25889392316536664,0.1368238121277645,5782190842574.35,1.106060030726799
2020-01-31,1318.19,1323.91,1291.81,1291.81,148102287,6308871496068,1342886511270630,-0.013531572396203284,-0.0704195960191989,-0.03350316851091206,0.2041509532477899,-0.14058092500931396,-0.032556025115372256,-0.013537543486013215,5888876363805.75,1.0713200798107474
2020-02-03,1271.94,1300.41,1270.19,1295.19,179592815,7107808915725,1344251945474980,0.002616483848244089,-0.05663716814159292,-0.020568818578482917,0.20180510525923082,-0.13833226888072803,0.21262688536335705,0.12663713631747564,5997137855033.75,1.185200188413044
2020-02-04,1296.57,1323.65,1296.03,1321.1,150659416,6862456546734,1369937608406670,0.02000478694245622,-0.005607617327161196,-0.0012776026428987786,0.21512065455457846,-0.12109478950449726,-0.16110554868244586,-0.034518706383368514,6052128356509.15,1.1338914415708534
2020-02-05,1334.2,1337.17,1318.68,1326.48,147444989,6719474277175,1374421775422010,0.004072363939141788,-0.006344806921607549,0.012286512309406472,0.2126051831730297,-0.11751556761935167,-0.02133571923576283,-0.020835435326297058,6154686158787.2,1.0917655431676947
2020-02-06,1338.42,1365.86,1336.8,1364.58,160277547,6936754562106,1414920610100330,0.028722634340510256,0.04203798309317075,0.030493883099229624,0.23262155736763915,-0.09216828995688964,0.08703285263902738,0.03233590545454823,6257115733125.65,1.1086185485402307
2020-02-07,1360.12,1361.92,1344.79,1354.17,164627926,7484996525372,1404711187974145,-0.007628720925119681,0.04827335289245327,0.031025871389197768,0.2323439601814703,-0.09909388471978275,0.02714278500905687,0.07903436086104709,6220713883107.6,1.2032375489407365
2020-02-10,1336.18,1348.55,1333.21,1346.45,120740628,4727512210282,1398453873883540,-0.00570090904391618,0.039577204888858075,0.0059094237004497785,0.22411720102540314,-0.10422986854010319,-0.2665847712860089,-0.36840154911801437,6105433190275.85,0.7743123318115297
2020-02-11,1354.03,1367.75,1352.26,1360.39,128883985,6046224636930,1413271913677815,0.010353150878235295,0.02974036787525569,0.007002583405505858,0.2247257171553666,-0.09495582521688206,0.06744504426463638,0.2789442666652231,6094730853614.5,0.9920412865064036
2020-02-12,1362.79,1373.34,1355.11,1370.69,156527451,6242520215392,1423515039331380,0.007571358213453561,0.03332881008383093,0.004440764163179622,0.22343646199917575,-0.08810341157059975,0.21448332777730306,0.03246580969933488,6126729507413.75,1.018899268824931
2020-02-13,1376.36,1383.26,1366.44,1368.46,180199336,8001095649393,1420697284763920,-0.0016269178297062536,0.002843365724252145,-0.00145207778466927,0.2230337654405781,-0.08958699238916379,0.1512315242391573,0.2817092093134006,6206150190953.25,1.289220435086514
2020-02-14,1368.33,1382.07,1360.66,1376.79,132935050,5754067559253,1427405677750565,0.006087134443096609,0.016703958882562597,0.01043616107796308,0.22292911753412148,-0.08404518601309274,-0.2622889021078302,-0.28084004848891786,6260654030919.0,0.9190840974179117
2020-02-17,1376.21,1381.5,1368.0,1375.82,124511658,5073447319342,1426794799395075,-0.0007045373659018139,0.021812915444316516,-0.00033423431278523097,0.2201350492877859,-0.08469051040502418,-0.06336471833425417,-0.11828506233238578,6212407829688.5,0.8166635962140931
2020-02-18,1365.08,1369.53,1351.05,1353.48,146827554,5989142499219,1405345872923640,-0.0162375892195199,-0.005079425752909206,-0.017979191154063767,0.22750127385788904,-0.0995529299057959,0.17922736198726064,0.18048776743694672,6254176508039.4,0.9576228767320983
2020-02-19,1362.14,1365.22,1342.68,1355.87,146186478,6288458958205,1406415698480450,0.0017658184827258339,-0.010812072751679946,-0.022415931245313603,0.22618231711977146,-0.09796290382670714,-0.004366183202915708,0.04997651316946161,6291957437927.25,0.9994439759396397
2020-02-20,1364.9,1369.04,1340.61,1347.98,138873656,6099822502555,1396865358647620,-0.005819141953137041,-0.014965727898513692,-0.016977086766915117,0.22369447029447526,-0.10321198573633505,-0.050023929025774905,-0.02999724684596572,6348052177639.4,0.9608967179005281
2020-02-21,1327.8,1341.34,1325.98,1327.9,207957560,6037229279597,1375207583481185,-0.014896363447528871,-0.03551013589581553,-0.04444940165650835,0.22245858183262526,-0.11657086593219423,0.4974586684748905,-0.010261482679501222,6383916954816.95,0.9456935800271714
2020-02-24,1296.37,1301.31,1276.15,1276.15,197848053,7787373672874,1321520761256480,-0.0389713080804277,-0.07244406971842232,-0.07050511671947268,0.25626973904504585,-0.15099925488317623,-0.04861331802508162,0.2898919872385277,6484450465628.45,1.2009303971326235
2020-02-25,1274.13,1293.57,1271.17,1292.84,174396751,7176460292654,1338887752846850,0.01307839987462267,-0.0448030262730148,-0.026878928154755233,0.2386419448636489,-0.13989568364468574,-0.11853188163544881,-0.07844921868177634,6433244264918.9,1.1155274068774177
2020-02-26,1266.38,1283.96,1263.03,1275.26,167895796,7199496471830,1322089244423950,-0.013597970359827904,-0.059452602388134435,-0.044713285141765646,0.24136571992443012,-0.15159135664484535,-0.03727681257089477,0.0032099639984883854,6511933188585.6,1.105585125542994
2020-02-27,1273.19,1281.43,1257.0,1262.01,178045150,7636447791145,1308318685991660,-0.010390038109875599,-0.06377691063665636,-0.036287828457538196,0.23522205013207248,-0.16040635478205323,0.0604503164570005,0.06069192769587306,6573983069092.55,1.16161658934712
2020-02-28,1240.42,1248.1,1216.81,1220.65,269132929,10127910436148,1265094546607140,-0.03277311590240961,-0.08076662399277057,-0.0550855001896563,0.25692812728521575,-0.18792245462770762,0.5115993274739581,0.32625936995104277,6764935016096.55,1.497118658501457
2020-03-02,1228.45,1242.21,1210.44,1232.87,222143606,8293726330603,1276498720956400,0.010011059681317214,-0.03391450848254529,-0.048116492560937085,0.2602779106763169,-0.17979269785512797,-0.17459522019321538,-0.18110192789605717,6824230886840.45,1.215334953950087
2020-03-03,1264.78,1265.2,1235.05,1238.17,191872966,8283752417134,1282334164940225,0.004298912294078194,-0.04228674855357184,-0.0627734463704488,0.24808451900042996,-0.1762666986002447,-0.13626608726248912,-0.0012025853122494823,6895295680360.45,1.2013629003217696
2020-03-04,1231.47,1270.74,1231.47,1267.59,169614534,7473637319976,1311481946137165,0.023760872901136265,-0.00601445979643378,-0.044395693866473795,0.2649265902491666,-0.15669407632125176,-0.1160060870690871,-0.09779566751444302,6933003832500.5,1.0779796896896439
2020-03-05,1279.25,1285.56,1267.3,1282.5,208407082,7889110670872,1327983752444280,0.011762478403900323,0.01623600446906126,-0.06015037593984962,0.24480186956884462,-0.1467747086060992,0.22871004674634787,0.05559185348551732,6980621637938.8,1.1301444312632096
2020-03-06,1261.63,1268.98,1249.23,1254.66,201543061,7316511916502,1299317023750585,-0.02170760233918123,0.02786220456314248,-0.07348412680830319,0.2532992421194417,-0.16529618393741008,-0.03293564179359321,-0.07258090021276242,6972197407495.3,1.0493839300414174
2020-03-09,1216.17,1222.67,1194.98,1200.0,267010218,9587968906980,1244646361502540,-0.043565587489837965,-0.026661367378555623,-0.10876749972148991,0.29025597234596057,-0.20166054606418649,0.3248296253672558,0.3104562688341763,7215220242330.2,1.328853255335073
2020-03-10,1194.22,1211.31,1188.9,1207.85,269045968,10432108288759,1251557295962310,0.006541666666666668,-0.02448775208573961,-0.11212960989128129,0.2877857788322033,-0.19643807546968972,0.007624240058109022,0.08804152265913912,7434514424921.65,1.4031996835985614
2020-03-11,1207.75,1209.53,1165.95,1171.68,265987045,9327867452160,1215419579607520,-0.029945771412012934,-0.07566326651362021,-0.1451896490088933,0.2954281172635638,-0.22050135717707164,-0.0113695180891914,-0.10585020841749337,7588781786760.05,1.2291653277518255
2020-03-12,1157.65,1165.39,1111.96,1128.75,329233891,11860693761370,1169709491813855,-0.036639696845555125,-0.11988304093567248,-0.17516770676526905,0.3116621838227135,-0.24906195114162533,0.23778167842723308,0.2715332654757534,7781761692358.9,1.5241656363001068
2020-03-13,1057.42,1120.92,1037.27,1094.72,415746405,13816591357700,1131503954922180,-0.030148394241417464,-0.12747676661406282,-0.20487510804116815,0.31431496822801736,-0.2717015274894885,0.26276916309323695,0.16490583398252068,8184887882281.25,1.688061163013648
2020-03-16,1116.57,1116.57,1059.76,1060.04,268853265,9495240796963,1094914667841155,-0.031679333528208176,-0.11663333333333337,-0.22952130365890888,0.319768574714728,-0.29477353770823356,-0.35332389705209843,-0.3127653159061339,8405977556162.3,1.129581983002343
2020-03-17,1015.28,1069.29,1013.36,1036.45,316023824,11042892937820,1071027170934110,-0.02225387721218064,-0.14190503787721975,-0.23423323580695687,0.32134618896657435,-0.310467560806855,0.17545094347282708,0.16299240576942586,8658665078092.35,1.275357441155691
2020-03-18,1044.5,1050.65,984.31,984.4,303764724,10107878568443,1017068449686085,-0.05021949925225533,-0.159838863853612,-0.273971693451437,0.3418657375237322,-0.3450955346213209,-0.0387916956539327,-0.08467114320874536,8849636058604.25,1.1421801418167243
2020-03-19,1007.88,1008.44,895.67,907.07,445936270,13186125866089,934146841292220,-0.07855546525802515,-0.19639424141749717,-0.32708942269173136,0.40564836068032156,-0.39654185959870125,0.4680317850205675,0.3045394022892549,9203951226780.95,1.4326592504880975
2020-03-20,933.28,976.56,913.65,975.37,376413260,11356184337223,1006778986115645,0.0752973860892765,-0.10902331189710612,-0.2654793282626704,0.5268521060348743,-0.351103039012188,-0.1559034657575622,-0.13877779929069944,9469898979662.25,1.199187484640731
2020-03-23,917.3,945.28,907.83,922.74,317601776,11027160757410,953430926610755,-0.05395901042681239,-0.1295234142107845,-0.2769345296399327,0.5385343738360688,-0.3861168768960561,-0.15624179658283022,-0.02897307493807888,9631888333889.05,1.1448596967857063
2020-03-24,949.47,1005.26,939.91,1005.26,344678917,11731248618853,1037612878631350,0.0894293083642197,-0.030093106276231407,-0.22244051854831215,0.649168605937003,-0.3312177337804034,0.08525500499720118,0.06385033073630209,9859627750199.0,1.189826727344369
2020-03-25,1041.86,1063.74,1025.09,1061.98,445921974,14268473281691,1096366142155395,0.05642321389491278,0.07880942706216998,-0.16724432664711508,0.6926059085300502,-0.2934828889243706,0.2937315049066376,0.21627916560906302,10213076590692.05,1.397078848375125
2020-03-26,1057.64,1081.02,1045.87,1048.39,468972050,14564516827141,1082975322364365,-0.012796851164805334,0.15579833970917356,-0.16926965713425401,0.6927588008576212,-0.30252408324019364,0.051690827866670785,0.02074808843283016,10559480042491.85,1.3792835223451052
2020-03-27,1092.92,1094.91,1036.41,1068.63,451821425,15070569456195,1102200593362375,0.019305792691651114,0.09561499738560753,-0.12454020398967758,0.6930581879812163,-0.2890587577838095,-0.03657067622686683,0.034745583053669815,10806612993494.2,1.3945691832647091
2020-03-30,1039.18,1075.46,1031.75,1066.38,291545642,9341916457030,1101322686105800,-0.002105499564863389,0.155666818388712,-0.13504262412095336,0.69073839041319,-0.2905556442599392,-0.3547325871056247,-0.3801218670479731,10859022499815.55,0.8602907358547862
2020-03-31,1079.52,1090.97,1069.0,1089.34,403275668,15429131048956,1126564065508950,0.021530786398844537,0.08364005331953916,-0.1202015878271967,0.6969382896130019,-0.2752807493746341,0.383233394378778,0.6516023366217576,11216291431406.65,1.3756000495629963
2020-04-01,1078.98,1093.83,1041.8,1041.83,451173329,14619989279590,1078642143683205,-0.043613564176473774,-0.018973991977250138,-0.17810175214383195,0.7004754677875468,-0.3068883389217095,0.11877151239384975,-0.052442471763226695,11573609029387.35,1.2632178296733003
2020-04-02,1047.03,1068.6,1028.58,1066.99,331226531,11752665039964,1105439801292290,0.024149813309273238,0.017741489331260185,-0.16803898635477588,0.7066616674340368,-0.29014982170418857,-0.2658552496129486,-0.19612355281469884,11766786747841.95,0.9987998671021603
2020-04-03,1070.04,1079.16,1055.02,1066.56,288620318,9650331939305,1104893912282420,-0.0004030028397642438,-0.0019370595996744955,-0.149921094160968,0.705315930919957,-0.29043589334184894,-0.12863164333898125,-0.17888139358266264,11883477748982.1,0.8120797752267106
2020-04-06,1078.94,1109.69,1075.85,1108.13,280327869,9414794645999,1147823439839620,0.03897577257725793,0.03915114687072152,-0.07655833333333328,0.7096516443026775,-0.2627800840917557,-0.028731341776153108,-0.024407170114706278,11874819035933.05,0.7928368943989759
2020-04-07,1129.69,1137.11,1106.74,1126.2,351744825,12324420483874,1166620667080475,0.016306751012967746,0.033837002221528856,-0.06759945357453312,0.7122409534544589,-0.2507584224812389,0.25476224056766905,0.30904825301861494,11969434645688.8,1.0296576946775895
2020-04-08,1120.92,1135.32,1111.78,1112.85,277380762,9548521907781,1154423445341260,-0.0118540223761322,0.06816851117744727,-0.0502099549365016,0.705876400167839,-0.25963994890627495,-0.21141480333079532,-0.2252356270808149,11980467368469.85,0.7970074634075432
2020-04-09,1132.26,1133.49,1118.72,1129.83,277043844,9358338512903,1172452173306725,0.01525812104057156,0.058894647559958324,0.0009568106312292102,0.6957127004561106,-0.2483434456330832,-0.0012146408336710657,-0.019917574333994215,11855349606046.5,0.789376848754425
2020-04-10,1127.88,1140.67,1120.46,1139.89,394788111,11079787255689,1187393484298735,0.008903994406238347,0.06875375037503773,0.04126169248757683,0.6863034166382597,-0.2416506998775878,0.4250022859197695,0.18394811647521814,11718509400945.95,0.9454945912143579
2020-04-13,1133.91,1135.38,1118.64,1118.64,297456885,9604575623423,1164464959411675,-0.018642149681109554,0.009484446770685828,0.055280932794989024,0.6791119393372392,-0.2557879610410345,-0.24654041823463113,-0.13314440053968923,11723976142268.95,0.8192251081776954
2020-04-14,1131.89,1142.77,1124.74,1137.98,337526678,9398617470879,1184884176524815,0.017288850747335882,0.010459953827028912,0.09795938057793419,0.6736609813780043,-0.2429213901751024,0.13470790228977214,-0.021443753541980914,11641762368921.9,0.8073191303035823
2020-04-16,1126.97,1142.15,1121.26,1138.77,358998969,10365230406627,1186262482169490,0.0006942125520659204,0.023291548726243505,0.15681633482324253,0.6412332627539507,-0.2423958167012613,0.06361657433194057,0.10284628975942334,11654629960831.1,0.8893658950530805
2020-04-17,1163.1,1183.65,1162.28,1175.32,576405258,14420854470057,1223257961927475,0.032096033439588334,0.04026269438765118,0.2957324131544421,0.557813549144479,-0.21807972750013305,0.6055902879208548,0.39127196447432966,11716366391029.5,1.2308299338520312
2020-04-20,1170.59,1180.42,1158.38,1161.69,469943487,12540593783879,1211185721064330,-0.011596841711193462,0.019124652378738283,0.19102494438008155,0.513921282494488,-0.22714753313108726,-0.18469951396591877,-0.1303848319170069,11775586863362.3,1.0649655027297948
2020-04-21,1153.12,1161.12,1127.69,1149.15,464263468,14124069569755,1199379735673435,-0.010794618185574478,0.027274190087964056,0.24536705897652644,0.4638908332688415,-0.23549018042471648,-0.012086600106450684,0.1262680071745539,11930432303979.55,1.1838690510019267
2020-04-22,1134.01,1161.82,1127.42,1160.58,319937415,10088826894207,1210294095071725,0.009946482182482619,0.01985975148948138,0.15450729164594224,0.36102372859346726,-0.227885997125978,-0.3108710095621825,-0.2856997167579086,11848311217747.25,0.8514991469075552
2020-04-23,1167.94,1175.59,1159.57,1168.98,240515544,8893537440660,1221527829823565,0.007237760430129914,0.02652862298796066,0.10075519312981407,0.31133447832272604,-0.2222976209484272,-0.24824189755987125,-0.11847655491376652,11579564425695.7,0.7680373037974334
2020-04-24,1163.11,1165.28,1148.49,1153.1,256654568,9016945622105,1206161186213580,-0.01358449246351534,-0.01890548956879834,0.09987695418689602,0.31194340918774016,-0.2328623130555112,0.06710179197399402,0.0138761637052085,11302185865443.9,0.7978054625410156
2020-04-27,1158.08,1178.36,1155.55,1174.23,232010911,7914804558312,1228118572820055,0.018324516520683565,0.010794618185574478,0.09881811291092313,0.31136357744000454,-0.21880488583745805,-0.09601877415250215,-0.1222299778642455,10944397620549.75,0.7231832059400661
2020-04-28,1179.0,1185.66,1166.38,1180.15,251482115,8311019981813,1234734109238205,0.005041601730495726,0.026976460862376594,0.10668804741274207,0.310260576041019,-0.21486641119804128,0.08392365650424094,0.050060038827478115,10892852796788.9,0.7629791879922404
2020-04-29,1181.13,1194.22,1178.76,1187.44,247817229,8490188267386,1242529172409880,0.006177180866838938,0.023143600613486415,0.09005452843005868,0.3043132098124701,-0.21001649901538122,-0.014573147676923304,0.021557917796500847,10545905657710.4,0.8050696206616064
2020-05-04,1161.66,1169.12,1153.71,1154.69,246367892,8795240616158,1207872532417825,-0.02758034090143502,-0.012224332323906295,0.10832861407331351,0.2745625437439487,-0.23180451327904616,-0.005848410967423057,0.035929986375428324,10254668224538.8,0.857681635678034
2020-05-06,1169.31,1175.51,1157.99,1175.48,207778271,7334655974491,1229986526157340,0.0180048324658566,0.019408550862891394,0.10167855368841328,0.26979129680518305,-0.2179732822396082,-0.1566341323405892,-0.16606534208782375,10033767771265.15,0.7309971828823958
2020-05-07,1170.69,1181.75,1168.73,1174.5,201955045,6867281908439,1229721332997530,-0.0008337019770646714,0.00022993791676251263,0.10120387038703882,0.26990979202326315,-0.21862525946032252,-0.028026154861977792,-0.06372133439897765,9894615269721.85,0.6940423372956519
2020-05-08,1184.66,1192.78,1182.94,1186.03,237755972,8729677930658,1242420192169830,0.009816943380161813,0.00498241748930206,0.07029861117377911,0.23929158801634537,-0.2109545478737559,0.17727176362442454,0.27119842276030015,9860359433954.8,0.8853305996733523
2020-05-11,1191.18,1196.28,1178.05,1179.85,228268626,8162140230572,1236021958440165,-0.005210660775865739,-0.0063919019066227545,0.04763807494228356,0.2362000617886588,-0.21506599606152532,-0.03990371270253523,-0.06501244428420994,9652245421289.7,0.8456208762128018
2020-05-12,1181.83,1182.3,1161.91,1172.66,256194538,10040490688228,1228146881371080,-0.0060939949993641385,0.015562618538309092,0.053744889248326544,0.23243344503794874,-0.21984937995635734,0.12233793355377709,0.23012964793479984,9676843860312.05,1.037579073628271
2020-05-13,1157.28,1183.44,1157.04,1183.44,227092891,9431179326670,1240461141540845,0.009192775399519126,0.006771701772892769,0.04744961631395883,0.22906767209024087,-0.21267763052850064,-0.11359198844434382,-0.060685416726932395,9680485901000.4,0.9742464813357523
2020-05-14,1171.76,1177.42,1166.58,1174.01,256981292,11475190376174,1231506443185800,-0.007968295815588555,-0.00041719880800339393,0.029932712805621486,0.2305572781198816,-0.21895124807067956,0.13161310716679364,0.21672910446351445,9700256057024.65,1.1829780893117756
2020-05-15,1181.95,1182.6,1166.22,1174.27,270580204,10631967805313,1232409694180705,0.00022146319026239425,-0.009915432156016313,0.049730029321318536,0.2179988238813346,-0.2187782745223269,0.05291790656885631,-0.0734822293329257,9751625666119.15,1.0902764492132315
2020-05-18,1178.23,1185.13,1170.53,1180.12,217212137,9110950974351,1237969224336480,0.004981818491488266,0.00022884264948941357,0.037030527777289546,0.21121114547505504,-0.2148863696843898,-0.1972356669521914,-0.14306070699366846,9737242341292.75,0.9356808277959937
2020-05-19,1205.19,1210.23,1199.69,1207.8,353432357,11866849467410,1265882447296380,0.023455241839812846,0.02996606006856206,0.06061803524855769,0.22451626317452753,-0.19647133961360363,0.6271298735024184,0.30248198029133944,9812323294331.9,1.2093822340999403
2020-05-20,1202.2,1215.14,1202.2,1213.54,196448375,7518268453345,1272188975547470,0.004752442457360395,0.025434327046576,0.032518803389715245,0.19686132662989764,-0.19265261589227733,-0.44416980757650326,-0.3664478112752281,9467193993496.3,0.7941390509701017
2020-05-21,1222.05,1223.3,1215.51,1218.66,233420604,8659546879170,1277731938313270,0.0042190615884107885,0.0380320440200681,0.049040621852645794,0.1906262084862572,-0.18924636755548452,0.18820328241452744,0.15180070157207903,9273141648260.85,0.9338309720302905
2020-05-22,1219.1,1220.13,1194.7,1200.34,225344178,8890020572778,1259832648228630,-0.015032904994009999,0.022201027021042874,0.04454596875951777,0.19507805498571387,-0.2014343498855713,-0.034600313175438435,0.02661498307288923,9011439198412.0,0.986526167134835
2020-05-25,1206.55,1214.92,1198.31,1214.81,182008848,7775841715155,1276133213115495,0.012054917773297591,0.02939531573060372,0.04672663668165922,0.1963204732449426,-0.19180770663686197,-0.19230729803900237,-0.1253291652704056,8895789939459.4,0.8741035667516606
2020-05-26,1218.3,1235.92,1215.52,1235.92,275272649,11167762829733,1298793971181060,0.017377203019402376,0.023282000331180663,0.057263597324163085,0.20285306447128473,-0.17776358507637435,0.5124135558508671,0.43621272639426234,9009501208913.05,1.2395539520750374
2020-05-27,1233.3,1243.99,1228.68,1236.27,327438375,11533862945160,1297992066306870,0.00028318985047559586,0.018730326153237664,0.0721273089931489,0.19370372137297598,-0.1775307360689765,0.18950566352852594,0.03278186696912089,9135347075065.8,1.2625533381912502
2020-05-28,1247.8,1252.82,1221.07,1236.92,330660013,12681724374361,1295521607016765,0.0005257751138505462,0.014983670589007625,0.05338817778459082,0.18585346680097128,-0.17709830219809453,0.009838913963581719,0.0995209874314209,9373693065868.25,1.3529058702101144
2020-05-29,1229.83,1243.65,1223.32,1238.06,350319123,12615372689079,1297448765014335,0.000921644083691664,0.03142442974490556,0.04907003347032135,0.1857312945726755,-0.1763398797168556,0.059454149963999336,-0.005232071232847857,9588910701231.55,1.315621042070894
2020-06-01,1242.9,1263.67,1241.39,1262.84,253813578,10992941074969,1322967101051400,0.02001518504757449,0.039537046945612886,0.06349794515933427,0.19563276094600296,-0.159854169993081,-0.27547895237223463,-0.1286075056279964,9714048341610.7,1.1316539395712175
2020-06-02,1260.67,1277.72,1258.79,1276.08,331077820,10347908855227,1336803619537365,0.010484305216812873,0.03249401255744688,0.1051277832145423,0.159669892760912,-0.15104582468465588,0.304413351755358,-0.05867694690102021,9791681753564.15,1.0568060845584961
2020-06-03,1290.18,1324.26,1289.41,1317.4,583173845,17842904650194,1375818612089560,0.03238041502100186,0.06562482305645223,0.12073365773981704,0.1817560211555692,-0.12355633615413264,0.7614403918691985,0.7243005229197665,10317094187349.3,1.7294505920157983
2020-06-04,1340.48,1347.72,1312.47,1320.1,453367187,14886008100525,1379217273007215,0.0020494914224986616,0.06724767972059609,0.12396764580672626,0.18064991552941526,-0.1217600723827772,-0.22258655650100356,-0.16571834057505042,10718030496953.6,1.3888753259991256
2020-06-05,1319.5,1341.79,1311.61,1338.3,368866521,11564545697663,1397588480123160,0.013786834330732578,0.0809653813223914,0.128386297142568,0.18232719273462752,-0.10965192399808399,-0.18638460925933753,-0.22312646751447474,10859773885303.85,1.0648974665405229
2020-06-08,1359.1,1360.23,1334.07,1338.99,365425576,12304459472682,1398862703532860,0.0005155794664872815,0.060300592315732926,0.1348815527397551,0.17870451987465072,-0.10919287881207085,-0.009328428588942117,0.06398122281349305,11066889847409.35,1.1118263254027376
2020-06-09,1353.07,1356.87,1325.99,1341.85,357143106,13310408662933,1401521171185190,0.0021359382818391115,0.05154065575825961,0.1442788190950488,0.17337771241659572,-0.10729016978019057,-0.02266527179257971,0.08175484607709738,11230385746144.6,1.1852138442797902
2020-06-10,1340.81,1349.64,1334.78,1345.95,345081042,13062569874525,1407020744368915,0.003055483101688017,0.021671474115682265,0.13732001622388967,0.17363107425134414,-0.1045625099792431,-0.033773755666447025,-0.018619923300941532,11411955273537.35,1.1446390702928169
2020-06-11,1338.05,1348.66,1314.31,1332.79,393878984,17722250273198,1395693849353350,-0.009777480589918008,0.009612908113021845,0.13524586673026628,0.1757380297670229,-0.11331763265740591,0.14141009229941992,0.3567200362128162,11724308268388.55,1.5115817383428316
2020-06-12,1279.3,1306.48,1275.73,1303.02,345707178,15657388342041,1378486480112000,-0.022336602165382358,-0.026361802286482883,0.10964258645796954,0.2024965022421454,-0.1331231039437969,-0.12230103142542892,-0.1165124010397125,11975579295224.95,1.307443085303114
2020-06-15,1289.69,1299.16,1237.04,1237.04,396419076,18044635054067,1311050812237675,-0.050636214332857477,-0.07613947826346723,0.04823238314747669,0.28361843981616985,-0.17701846825270107,0.14669032414478833,0.15246774620874048,12422263499210.75,1.4526044351911767
2020-06-16,1274.19,1306.16,1266.27,1306.15,396953016,14446622192203,1382629294044145,0.055867231455733135,-0.02660506017811215,0.08142904454379885,0.33419009971439956,-0.13104076853478086,0.0013469079373971127,-0.19939515823308707,12551252135450.4,1.1510104359547697
2020-06-17,1303.44,1316.81,1285.36,1308.07,495734523,15555535885743,1384940566160225,0.0014699689928414639,-0.028143690330250104,0.07789607264696663,0.3343123786212251,-0.12976342540848362,0.24884936760374687,0.0767593752218767,12953115507070.3,1.2009107675487183
2020-06-18,1303.32,1310.77,1295.05,1302.89,313549076,11543816848642,1378864576696590,-0.0039600327199613705,-0.02243414191282933,0.06911689888894368,0.3354894853912361,-0.13320959071797311,-0.36750607138974667,-0.2578965499207154,13097329005543.9,0.881387101427755
2020-06-19,1314.88,1315.49,1287.38,1309.25,346242464,11755200313191,1384387158024730,0.004881455840477722,0.004781200595539659,0.09073262575603591,0.32822075986988375,-0.12897839161211344,0.10426880671145722,0.018311401447248965,13240587992564.55,0.8878155803799882
2020-06-22,1299.48,1313.27,1296.44,1303.49,234771740,10389818252766,1377941915905065,-0.0043994653427534836,0.05371693720494086,0.07299906981338644,0.32843055726595916,-0.13281042099100526,-0.3219441160169193,-0.11615132231246184,13371286819445.1,0.777024559644976
2020-06-23,1318.3,1324.38,1293.37,1306.24,245724694,12825543344511,1381842845676480,0.0021097208263969325,6.890479653942627e-05,0.05689688652987246,0.3244648937477816,-0.13098089307573568,0.04665363045824855,0.2344338498025753,13454175845184.0,0.9532760305865913
2020-06-24,1314.28,1334.51,1312.91,1326.33,326423591,13620500069000,1401336674150520,0.015380022048015585,0.013959497580404712,0.07284816423596774,0.32722128782831716,-0.11761536005109374,0.3284118323085592,0.061982303839721586,13558507701376.0,1.0045722117056959
2020-06-25,1306.81,1316.48,1295.63,1295.63,230957583,10030125267255,1369543901807370,-0.023146577397781698,-0.005572227893375525,0.047464670310125134,0.3407968890471404,-0.1380395444142848,-0.29246050417967495,-0.263600806398924,13425927746020.7,0.7470712979390062
2020-06-26,1312.47,1316.39,1298.86,1310.95,228043924,9426601595993,1384341701708680,0.011824363437092256,0.0012984533129654086,0.05887436796278056,0.342304359249391,-0.1278474107190376,-0.012615558935772153,-0.060171100079108975,13266489191366.4,0.7105573645005996
2020-06-29,1293.07,1303.6,1281.68,1285.76,217359860,9100888966522,1356805452769090,-0.01921507303863612,-0.013601945546187544,0.0181495676411898,0.3448850396227885,-0.14460588642290695,-0.04685090403899561,-0.03455249764766255,13171886585944.05,0.6909328369281373
2020-06-30,1306.16,1311.53,1294.36,1294.84,272100478,11683714671933,1366141954867405,0.0070619711299153565,-0.008727339539441492,0.014701272647482888,0.34386548491628993,-0.13856511788812598,0.25184327041800625,0.2837992766324293,13238676876779.35,0.8825439868863516
2020-07-01,1308.22,1310.59,1289.67,1293.16,200477549,9080286533486,1363415142785080,-0.0012974576009390226,-0.025008859032065844,-0.018399878548656434,0.3231998197882336,-0.13968279312363607,-0.26322235641203096,-0.22282537801963276,12800545970943.95,0.7093671280973021
2020-07-02,1298.44,1310.94,1296.03,1310.86,188447192,9488493444864,1382474417156660,0.013687401404311794,0.011754899161025678,-0.006999469737141162,0.3271440275650919,-0.1279072861780829,-0.06000850000415758,0.04495528966763618,12530670238160.9,0.7572215423854779
2020-07-03,1318.66,1321.74,1308.39,1320.76,176484236,9499919505149,1391092896912200,0.007552293913919206,0.007483122926122299,-0.013106179481431668,0.3243580794516143,-0.12132098568311245,-0.06348174187705591,0.0012042017367028812,12427438928535.2,0.7644309949764315
2020-07-06,1325.12,1343.88,1322.46,1341.78,195408767,9550152494361,1410493982291945,0.01591507919682611,0.04356956197112982,0.002083660072143889,0.329537953952846,-0.10733673958167012,0.10723071606236823,0.005287727878617643,12289723579619.15,0.7770844016539672
2020-07-07,1351.15,1352.23,1325.91,1326.12,295615323,13620278672269,1396142278052755,-0.011671063810758886,0.0241574248555807,-0.011722621753549212,0.33215656340620986,-0.11775506945553249,0.5128048118741775,0.4261844175065532,12305217080085.95,1.1068702472800152
2020-07-08,1328.4,1333.83,1319.5,1323.49,220146761,11467338866846,1391620315733745,-0.001983229270352549,0.02345417427077856,-0.01668709833203319,0.3319464777368295,-0.11950476342540839,-0.25529313309648705,-0.1580687045564202,12225455529702.0,0.9379886777213218
2020-07-09,1332.04,1339.26,1329.13,1329.86,226903290,11784674947626,1398845815391855,0.0048130322102923895,0.01449430145095576,-0.0021983958463074327,0.33065366159956033,-0.11526691149076584,0.030691021613531655,0.027673035955837255,11928576763423.4,0.9879363801188213
2020-07-10,1332.59,1333.56,1313.78,1321.63,256232161,13558886926831,1388878647313525,-0.006188621358639068,0.0006587116508678381,0.01428220595232621,0.32094941731687393,-0.12074218957900884,0.12925714298809865,0.1505524748955771,11823651692662.9,1.1467596711466805
2020-07-13,1334.62,1345.63,1329.17,1342.96,196884788,9610757381493,1411587342706730,0.016139161489978182,0.0008794288184352794,0.08562374700898934,0.260574807416838,-0.10655170578529982,-0.23161562845344774,-0.29118389781134946,11401957809034.2,0.8429041347511421
2020-07-14,1335.94,1341.71,1329.81,1341.71,199191746,10350975442729,1410620888595670,-0.000930779770060175,0.01175610050372522,0.02722505072158632,0.1754031934796856,-0.10738330938314966,0.011717299357835609,0.07701974275840162,11197175471560.5,0.9244273673319894
2020-07-15,1356.54,1362.7,1346.5,1353.16,319276956,13161596122176,1422535618372210,0.0085338858620716,0.02241800089158219,0.03447063230561076,0.17722224005641468,-0.09976582042684534,0.602862379649004,0.2715319628568251,11077478483382.15,1.1881400755524223
2020-07-16,1353.34,1354.66,1334.88,1339.2,211934299,9791494474356,1408697150033055,-0.010316592272901937,0.007023295685260278,0.027868814711909717,0.18132990364046575,-0.10905316940763199,-0.33620546357251035,-0.2560556954138494,10989862364667.85,0.8909569701105107
2020-07-17,1342.22,1353.12,1342.22,1350.91,198227389,9453973104104,1420439038668460,0.008744026284348783,0.022154460779491902,0.031819744128317895,0.182815175384243,-0.10126270690297501,-0.06467527938929796,-0.03447087379112257,10874801004213.5,0.8693467678572699
2020-07-20,1356.38,1356.38,1339.99,1348.46,257767160,11591849179305,1418264927592365,-0.0018135923192514891,0.004095430988264814,0.03449968929566016,0.18191211210597666,-0.10289264995476066,0.30036097080408997,0.22613519751531141,10934902550540.45,1.0600779591521903
2020-07-21,1362.89,1372.4,1359.55,1368.15,459691863,14856207758394,1438064557902020,0.014601842101360063,0.0197061958247311,0.04739557814796669,0.1875478768389047,-0.08979323008143048,0.7833608555876552,0.2816080962230667,11036435771234.6,1.3461055784980207
2020-07-22,1366.23,1373.42,1361.6,1364.89,404872769,14264221590301,1438213066726945,-0.0023827796659723344,0.008668597948505719,0.029072704379754732,0.1817318685371276,-0.09196205226462284,-0.11925182586927796,-0.03984773084224791,11068621847299.65,1.2887080060270522
2020-07-23,1363.54,1363.54,1350.49,1359.71,345202007,15769778225271,1429351847683155,-0.0037951776333624565,0.015315113500597333,0.0494585645593264,0.15841442523408164,-0.09540821757411244,-0.14738151480866823,0.10554775985769238,11355604495200.45,1.388722038702232
2020-07-24,1348.12,1362.2,1346.46,1350.43,372002417,14420888709853,1418195383454790,-0.00682498473939297,-0.00035531604622074386,0.030115565048247417,0.15762866853966123,-0.1015820426845494,0.07763688928958046,-0.08553636558162947,11605318850893.45,1.24261029749672
2020-07-27,1351.81,1370.28,1350.97,1361.96,314092692,12729560485102,1429283982964820,0.00853802122286984,0.01001142043516312,0.05926455948232956,0.13884670802034357,-0.09391133109798278,-0.15567029232500929,-0.11728321733704306,11786752426822.45,1.079988789459432
2020-07-28,1375.91,1396.77,1375.03,1391.57,407937506,17673063557796,1456991984730000,0.021740726599900118,0.01711800606658609,0.07470421055883358,0.15364372135317683,-0.07421230507211662,0.29878063511264386,0.38834829203094734,12086219871115.6,1.4622490527441245
2020-07-29,1393.39,1405.58,1388.3,1395.81,305747480,14053254643446,1461418899018640,0.003046918229050677,0.02265384023620931,0.07937919514986524,0.1525572072213912,-0.07139150566821006,-0.2505041201090248,-0.20482068106144613,12334868276613.6,1.1393112863710422
2020-07-30,1404.42,1408.52,1396.68,1398.36,274898914,13723738806437,1463725180814875,0.0018268962108023423,0.02842517889844154,0.06675007247150733,0.148180782486081,-0.06969503432859647,-0.10089556911474784,-0.02344765290100792,12546630544692.25,1.0938186756636996
2020-07-31,1406.79,1408.71,1386.58,1387.5,255819596,12895228988281,1454379654888435,-0.007766240453102147,0.027450515761646255,0.05053151215966567,0.15224023898157477,-0.07692000638671559,-0.06940485039529842,-0.060370561538769185,12716396018848.85,1.014063180256975
2020-08-03,1389.24,1392.28,1380.08,1390.09,260064097,13352132870100,1457825916368085,0.0018666666666666831,0.020654057387882174,0.036004412049665424,0.14376667258623793,-0.07519692373197084,0.016591774306452978,0.035432009949899035,12906495037635.8,1.0345281837683045
2020-08-04,1403.97,1411.51,1399.29,1406.53,296365536,13719729049840,1475665868693590,0.011826572380205569,0.010750447336461688,0.06063553826199741,0.13864942930492843,-0.06425967321305015,0.13958650739859713,0.02753089587381008,12911467556514.35,1.0626002807030135
2020-08-05,1410.83,1424.94,1406.68,1424.81,338801269,16958241501938,1499027983625160,0.012996523358904444,0.02077646671108524,0.0765551685316852,0.14169450859419788,-0.05209830219809464,0.143187138331766,0.2360478432433597,13186012688268.95,1.2860780512538903
2020-08-06,1430.93,1451.91,1430.93,1445.69,373513439,18074235326899,1518594055533025,0.014654585523683927,0.0338467919562917,0.08709939392116484,0.1469004206296792,-0.038207195699611396,0.10245584410724273,0.06580834603832386,13500490707232.6,1.3387835834156838
2020-08-07,1449.12,1457.91,1438.87,1451.0,398297463,18387709610959,1527744617632005,0.003672986601553463,0.04576576576576574,0.09788670051375936,0.1417075059068653,-0.03467454361594546,0.0663537677957553,0.01734370934041518,13741931841439.0,1.338073119785865
2020-08-10,1451.79,1473.53,1448.61,1469.05,351137751,17936423654474,1547800603321690,0.012439696760854657,0.05680207756332334,0.09388961696550902,0.13832085887551132,-0.02266618766299422,-0.11840324476282194,-0.024542804190035516,14158215155088.05,1.2668562709352649
2020-08-11,1472.79,1493.73,1472.62,1486.37,380302184,18315366599634,1567712877941435,0.01178993226915348,0.05676380880606868,0.10781763570369152,0.13902481273412906,-0.01114348821118738,0.08305695675541314,0.021127006835918394,14556434712933.3,1.2582316316344215
2020-08-12,1483.24,1490.59,1466.62,1490.59,372446073,16956037216576,1574444591874635,0.0028391315755835755,0.04616755918332971,0.10156226905909116,0.13866584377799854,-0.008335994464846452,-0.020657548997930597,-0.0742179729607576,14746156767653.3,1.1498614509354887
2020-08-13,1505.82,1509.0,1480.1,1495.85,398250513,19438046819602,1583307098161895,0.0035288040306187263,0.03469623501580554,0.11697281959378714,0.12673120046918085,-0.0048366065250944335,0.0692836946625559,0.14637910800287823,15228484384915.6,1.2764268805933263
2020-08-14,1488.18,1492.04,1461.81,1474.36,347268058,16757397094666,1561298038945920,-0.014366413744693607,0.016099241902136407,0.09138284563738508,0.14439035621961455,-0.019133535579328287,-0.12801604350977946,-0.13790736023090244,15593655584443.7,1.0746291659399771
2020-08-18,1476.04,1485.22,1435.97,1443.8,338328063,18350583506938,1524968736053605,-0.02072763775468678,-0.017187978625642475,0.07070287587321822,0.16877243612756404,-0.03946458033956035,-0.02574378723884818,0.09507362051944934,15931592300825.35,1.1518361228706142
2020-08-19,1459.06,1463.12,1446.38,1449.31,227381167,13756140988168,1533549929143150,0.0038163180495913718,-0.024933226585574175,0.05932098088659865,0.16360488057626693,-0.03579887168023843,-0.32792696832837065,-0.250370377434207,15876588962314.05,0.8664418421879336
2020-08-20,1435.95,1446.56,1393.01,1395.57,338807717,16609706215413,1476837350976380,-0.03707971379484032,-0.06374657015007479,0.022478001890262167,0.21640412061771708,-0.0715511735589972,0.4900430034295673,0.20743937051091743,15993863193569.65,1.038504957457117
2020-08-21,1416.41,1432.18,1400.28,1415.36,241552707,12831832206090,1497355122704805,0.014180585710498184,-0.05380887121034861,0.04092784490810519,0.22027196762443357,-0.05838522539783919,-0.2870507521527321,-0.22744977908262554,15846965892610.6,0.8097343234690403
2020-08-24,1418.88,1435.76,1402.88,1433.12,209321910,11120667204330,1516087991524160,0.012548044313814177,-0.027971458802463434,0.06123234821501278,0.22059512594982902,-0.04656980147958911,-0.13343173587369483,-0.13335313104763635,15681954817334.45,0.7091378169281222
2020-08-25,1447.2,1456.19,1438.84,1453.82,270682361,12431322961932,1538969198856725,0.01444401027129616,0.006940019393267827,0.067446914740521,0.2235141280864798,-0.03279844589919634,0.29313917019006763,0.11785765489787137,15667042941175.95,0.7934696425232954
2020-08-26,1454.43,1460.62,1436.27,1456.67,280018637,13236054102963,1540274522689745,0.0019603527259222098,0.005078278629140787,0.04678169262056531,0.212711454529636,-0.03090238969609871,0.03449163057950422,0.06473415126413329,15445192468434.3,0.8569691915470676
2020-08-27,1458.33,1461.05,1444.19,1444.62,313251264,14896505516610,1526036360641290,-0.008272292283084126,0.03514692921171991,0.03496894276441642,0.2160063750499181,-0.03891904837937088,0.11868005414225347,0.1254491256027197,15487355012092.5,0.9618495543608857
2020-08-28,1455.85,1466.28,1442.99,1448.56,339444030,13390804151212,1531504471074500,0.0027273608284532624,0.023456929685733652,0.03589919620126447,0.21603101512192407,-0.036297833838948246,0.08361583498670266,-0.10107748852367437,15470708279331.25,0.8655585710385357
2020-08-31,1463.53,1466.03,1428.82,1429.09,389945544,19088060817153,1513453216934190,-0.013440934445242192,-0.0028120464441219184,0.029974774774774726,0.22027996655451673,-0.049250891479056924,0.14877714597013236,0.4254603832306323,15780349870774.85,1.2096094809978846
2020-09-01,1437.87,1446.51,1431.31,1440.93,416460067,14509746184865,1526617991873015,0.008284992547705317,-0.008866297065661444,0.03657317152126849,0.22156892688591226,-0.04137394220022339,0.06799545066733725,-0.23985226556769002,15838230536513.1,0.9161216684789729
2020-09-02,1450.23,1456.7,1438.03,1451.38,432221535,14864797324678,1536512811418965,0.007252260692746981,-0.0036315706371381484,0.03188698428046344,0.21943307583740973,-0.03442173612219901,0.03784628887359798,0.024469838086027318,15895483950255.0,0.9351585249746067
2020-09-03,1465.39,1476.67,1464.07,1472.84,401560991,14857673808699,1556782768383135,0.014785927875539118,0.019534548877905733,0.033709757792266926,0.22074693015247063,-0.02014476555431366,-0.07093710404781195,-0.000479220525070545,15790455565593.05,0.9409274955355591
2020-09-04,1433.66,1455.33,1432.8,1452.95,488982597,17112013140262,1536530042211910,-0.013504521876103182,0.0030305959021372786,0.0050218234891297175,0.22154556219424956,-0.03337724200329972,0.21770442836664872,0.15172895572947032,15742344456261.2,1.0870053814288152
2020-09-07,1454.78,1464.54,1448.71,1462.07,365022491,15035082749215,1546184845313820,0.006276884958188456,0.023077622822915256,0.007629221226740146,0.22225618274630596,-0.0273098621533876,-0.2535061713044974,-0.1213726505480699,15574713113174.0,0.965352147417563
2020-09-08,1474.01,1478.5,1466.08,1476.66,320553777,16172480269790,1558700406734605,0.009979002373347479,0.024796485603048035,0.005180218508560097,0.220665072648539,-0.017603384959284596,-0.12182458641979954,0.07564956838261394,15486515943939.8,1.0442942962983635
2020-09-09,1458.2,1469.47,1456.15,1458.99,315539495,14561948197170,1540088151378940,-0.011966193978302453,0.005243285700505584,-0.018420716241581814,0.22044411666823638,-0.029358933418489497,-0.015642560967235153,-0.09958472947581543,15298845023816.6,0.9518331726676471
2020-09-10,1478.66,1480.34,1466.6,1472.6,278124002,12675327128982,1554587579758920,0.009328370996374069,-0.00016295049020942365,-0.012069046484948887,0.22306711826287826,-0.0203044334451008,-0.11857625936810223,-0.12955828730077823,15084809519436.9,0.8402709436038777
2020-09-11,1468.28,1473.45,1457.24,1472.27,227244950,10078737273817,1554571102584970,-0.0002240934401738226,0.013297085240373097,-0.015763612661697346,0.22256260372061015,-0.02052397679493312,-0.1829365737373504,-0.20485387309870096,14616844042147.65,0.689528960202009
2020-09-14,1487.38,1493.0,1480.58,1492.05,241630120,10101315683280,1574470166747630,0.013435035693181163,0.02050517417086728,0.01199842643587723,0.22179778250663454,-0.007364681462557865,0.06330248482969592,0.0022402022048590986,14284039971578.35,0.7071749801442085
2020-09-15,1496.81,1504.77,1490.81,1504.02,310360544,11995976584798,1586057098740380,0.008022519352568702,0.018528300353500393,0.04170937803019803,0.20802658036559277,0.0,0.28444477037879223,0.18756575489013771,13966309625471.35,0.8589224287939375
2020-09-16,1503.69,1509.07,1496.13,1500.04,335346849,12513408612695,1582120763601785,-0.002646241406364269,0.028135902233737076,0.035002863431564,0.20859486113224635,-0.002646241406364269,0.08050735018688449,0.04313379775621762,13904173006697.7,0.8999750367509983
2020-09-17,1496.2,1500.21,1475.09,1479.81,334968179,13937050148779,1561712555508125,-0.013486307031812528,0.004896102132283087,0.06036243255444007,0.16183328834808647,-0.016096860414090308,-0.001129189080288584,0.11376928382564744,13770540203366.0,1.0120917511552887
2020-09-18,1485.69,1488.65,1474.38,1483.99,250153888,13939262589380,1566933185737285,0.0028246869530548224,0.007960496376343995,0.04848943025096086,0.15633997186831974,-0.013317642052632306,-0.2532010391351234,0.0001587452565199321,13825911722530.5,1.0081984370451884
2020-09-21,1483.67,1495.18,1464.43,1470.0,314490090,13600494315589,1550962281358400,-0.009427287245870941,-0.014778325123152691,0.025734062744222408,0.15691067188293872,-0.02261938006143538,0.2571864963378063,-0.024303170387872552,13949903078093.45,0.9749526028569223
2020-09-22,1468.89,1469.34,1429.2,1434.97,409353827,15360208498483,1511742246661155,-0.023829931972789042,-0.04591029374609379,-0.012965841713554527,0.17248739807532645,-0.04591029374609379,0.301643008846479,0.12938604598194647,14096347354921.0,1.0896587684554175
2020-09-23,1448.21,1449.41,1408.21,1438.18,346915545,13305496236614,1513633227247120,0.0022369805640536367,-0.04123890029599209,-0.012693334797860834,0.17254455986547412,-0.04377601361684014,-0.1525288830388778,-0.13376851375890675,14099819461603.55,0.9436642981739843
2020-09-24,1415.24,1425.02,1399.01,1401.33,420121681,13554494330413,1472750769180590,-0.02562266197555252,-0.0530338354248181,-0.02996635793495861,0.19262391868157933,-0.06827701759285121,0.2110200510040563,0.018713927640955585,14032718902293.7,0.9659207474181977
2020-09-25,1415.42,1416.12,1397.94,1405.52,283215503,9450784486857,1477048038321875,0.0029900166270615536,-0.05287771480939896,-0.029712265974484953,0.19270170250218419,-0.06549115038363851,-0.3258726797296615,-0.3027563952974822,13835717919075.95,0.68307149236013
2020-09-28,1420.23,1428.87,1412.67,1424.3,272065320,9395205559159,1498388396694405,0.013361602823154461,-0.031088435374149737,-0.00335178330266106,0.19403791731110856,-0.05300461430034176,-0.03936995991352921,-0.005880879812177775,13351075156176.25,0.7037040425027304
2020-09-29,1438.5,1443.54,1430.83,1435.75,252052876,8856794647046,1511331474057080,0.008039036719792225,0.0005435653707046573,-0.0035949005156392655,0.193898923498934,-0.045391683621228474,-0.07355749714811133,-0.05730698585813543,13068427579285.3,0.6777245841791143
2020-10-05,1436.91,1459.79,1434.54,1454.37,219628735,9553388861312,1531415720858745,0.012968831621103849,0.011257283511104221,0.0020601083107110174,0.1977998231777009,-0.033011529102006665,-0.12864023420228698,0.0786508259507106,12802857156117.0,0.7461919433153672
2020-10-06,1462.39,1467.95,1452.49,1459.23,195165769,8633971966610,1537058539345245,0.0033416530869037064,0.04131789086082516,-0.009240650715624188,0.19063089458142812,-0.029780189093230103,-0.11138326685713507,-0.096239869228534,12491672064012.55,0.6911782443828111
2020-10-07,1449.34,1472.63,1447.55,1472.23,166166275,7410840298316,1550750699577090,0.008908808070009488,0.04746286072058736,0.013269555043188053,0.18675048363956245,-0.021136687012140776,-0.148589038685365,-0.14166500343343646,12006613421915.25,0.6172298580704908
2020-10-08,1485.73,1486.11,1468.85,1473.13,220192860,10744642924685,1552968810433335,0.0006113175251150071,0.03428350768798727,0.007564617289185893,0.18559604682872605,-0.020538290714219087,0.32513568111218727,0.4498548736944925,11792091430688.75,0.9111736444582018
2020-10-12,1480.2,1483.78,1473.13,1479.92,185246653,8860005278618,1559725243372560,0.004609233400989732,0.030764408845551205,0.002207684910541241,0.18289557270413398,-0.016023723088788633,-0.15870726689321357,-0.17540253866763578,11426467681130.15,0.7753931946308791
2020-10-13,1488.41,1490.11,1468.75,1480.2,178401575,8738437920860,1558741292324335,0.00018919941618467107,0.017760267332247004,0.014537453992145233,0.17719509809551595,-0.01583755535165754,-0.036951156143155806,-0.013720912565524102,11135292167314.65,0.7847515619311615
2020-10-14,1480.27,1481.84,1461.9,1465.7,210315013,8816960130916,1542348919256370,-0.009795973517092271,0.004433845247150847,-0.004685590112725735,0.1779624659471054,-0.025478384595949533,0.17888540501954653,0.00898584057781715,10942373817411.35,0.8057630161461472
2020-10-15,1462.51,1462.61,1443.81,1451.4,181149943,8590552822566,1527729328675705,-0.009756430374564973,-0.014148604497938422,-0.01417538902511084,0.1811850954570419,-0.03498623688514768,-0.13867326722890672,-0.02567861314877906,10867964594848.8,0.7904472587845706
2020-10-16,1453.58,1458.52,1430.41,1441.27,176637763,8060213888391,1517147724794680,-0.006979468099765795,-0.021627419168708917,-0.03403371200697025,0.17450232458952777,-0.04172151966064286,-0.024908536681129356,-0.06173513452846535,10765909505104.35,0.7486793275170555
2020-10-19,1448.68,1455.89,1441.59,1443.4,185104707,8194153431389,1519309494788280,0.0014778632733631891,-0.024677009568084718,-0.04030531508889501,0.17119498967402139,-0.04030531508889501,0.047933940377177464,0.016617368329506776,10575818347433.9,0.7748008865316051
2020-10-20,1435.85,1452.78,1428.87,1452.77,182734520,10169210738915,1529182564258500,0.006491617015380369,-0.01853127955681666,-0.03151249300018666,0.17379011610655296,-0.034075344742756086,-0.012804574440130279,0.2410325025109037,10458608453744.9,0.9723292332713463
2020-10-21,1455.74,1461.36,1449.55,1458.51,174755197,8084769738150,1536398139644195,0.003951072778209941,-0.00490550590161698,-0.014393739736858091,0.16884763135116104,-0.030258906131567342,-0.04366620494036921,-0.20497569125874937,10165994433213.45,0.795275837623533
2020-10-22,1448.6,1451.23,1437.7,1446.92,183009270,7894251832041,1523553672188090,-0.007946465913843515,-0.003086674934545952,-0.024979952695099006,0.17021371012446782,-0.03796492067924617,0.04723220334328593,-0.023565038001019833,9863743895346.5,0.8003301703489419
2020-10-23,1453.01,1456.58,1439.75,1450.97,242251647,8382690272346,1526685824037465,0.002799049014458266,0.0067301754702451255,-0.012945578231292498,0.16790134176969942,-0.03527213733859924,0.32371243817321393,0.06187267022855014,9602853693184.35,0.872937414249645
2020-10-26,1454.62,1459.12,1439.49,1440.61,199812348,9882325108415,1514816781320650,-0.007140051138204151,-0.0019329361230429054,0.003930395757402394,0.1463394464043627,-0.04216034361245202,-0.17518683371428223,0.1788966056656307,9328959523680.95,1.059316967056119
2020-10-27,1431.21,1444.96,1427.38,1434.08,208122850,10256316225344,1508288797967915,-0.00453280207689799,-0.012865078436366417,-0.002850825348704733,0.1470832992462691,-0.04650204119626078,0.04159153367238355,0.037844445798543846,9176500523117.45,1.1176718400992054
2020-10-28,1429.53,1443.87,1424.21,1443.4,135867061,6711411575993,1518862375512055,0.006498940087024563,-0.010359887830731274,0.030021479594385392,0.11352787208342847,-0.04030531508889501,-0.3471785486312531,-0.34563137207015115,8834346385396.45,0.7596953168020726
2020-10-29,1423.47,1434.59,1414.6,1431.79,186191055,8740793992565,1509364628134030,-0.008043508382984732,-0.010456694219445506,0.018690591382548805,0.11826944952779535,-0.04802462733208335,0.3703914225391245,0.3023778818499503,8798846860681.85,0.993402218604774
2020-10-30,1427.38,1428.12,1392.12,1392.21,233838736,10135640294850,1468149554631450,-0.027643718701764852,-0.04049704680317301,-0.02253036579372314,0.14722880939462027,-0.07434076674512302,0.25590746558689403,0.15957890135283703,8835868597466.4,1.1471017459173507
2020-11-02,1397.43,1414.39,1390.71,1412.34,134991036,6399856617644,1489667436841280,0.014459025578037688,-0.019623631656034535,-0.016305067038133392,0.15411554864246196,-0.06095663621494396,-0.4227173893037123,-0.36857895194881585,8713021695996.3,0.7345163183267158
2020-11-03,1422.78,1442.86,1422.32,1440.93,165170605,8666021812508,1518986883341000,0.020243000977101966,0.004776581501729327,-0.009241114709461762,0.1645314168658382,-0.04194758048430203,0.2235672078255626,0.35409624469028356,8668653343556.1,0.9996964313897665
2020-11-04,1451.74,1457.31,1437.35,1450.51,255698031,12911002174896,1530000210225425,0.006648483965216778,0.0049258694748510745,-0.005975754336191019,0.16594490118789665,-0.03557798433531467,0.5480843640428634,0.4898418737258494,8882504853970.4,1.4535316768360558
2020-11-05,1459.59,1484.95,1457.63,1484.95,214998449,11472526106342,1566871710832705,0.023743373020523872,0.03712834982783786,0.008639954354958235,0.18415646042699635,-0.012679352668182542,-0.159170494355508,-0.11141474914712324,9085589144371.7,1.2627168061466822
2020-11-06,1490.61,1496.88,1478.57,1485.26,185126818,10552389186136,1566531596961205,0.00020876123775215305,0.06683618132321989,0.00823416806391819,0.1841586083169384,-0.012473238387787355,-0.13893882090284293,-0.08020351504777568,9075976457444.25,1.1626726044976432
2020-11-09,1499.77,1511.59,1496.72,1502.27,347408204,11243990447007,1585059498603850,0.011452540295975089,0.06367446932041854,0.015102167684739598,0.1877634424001569,-0.0011635483570696659,0.8765957723099849,0.06553977953918189,9195175715863.7,1.2228140923515627
2020-11-10,1502.49,1505.13,1490.78,1500.93,476809211,15081687425761,1584684778597580,-0.0008919834650228387,0.04163977431242327,0.014004864207539436,0.1878505313605049,-0.0020544939561973896,0.3724753920894741,0.3413109426623129,9512338191108.75,1.5854868826949362
2020-11-11,1504.98,1523.32,1504.11,1521.89,376791602,15398307832288,1606731577233000,0.013964675234687807,0.04921027776437259,0.03833663096131534,0.1890681725922268,0.0,-0.20976442294442166,0.020993699019791423,9841405576177.35,1.5646451833630346
2020-11-12,1520.32,1524.25,1509.22,1514.88,474184503,12696871427634,1599307200220455,-0.004606114765193237,0.020155560793292837,0.0437370814386111,0.1856923573536805,-0.004606114765193237,0.25847948967822276,-0.17543722557549357,10046721506430.75,1.263782560261766
2020-11-13,1511.32,1530.34,1506.51,1529.56,277360348,13198771520523,1611399746645025,0.009690536544148642,0.02982642769616084,0.06125847342968349,0.18417529263943744,0.0,-0.41507926504295733,0.03952943020251776,10303649388037.35,1.2809802647057187
2020-11-16,1539.59,1565.53,1539.59,1563.13,386770613,15647133859370,1643126866290135,0.02194748816653158,0.04051202513529528,0.08294997921574065,0.19583445522454182,0.0,0.39446974230072707,0.18549925915756615,10676298409436.4,1.465595402011249
2020-11-17,1563.41,1570.22,1555.34,1558.8,323877192,13967707149872,1640167924943500,-0.0027700831024931594,0.03855609522096293,0.072984711964041,0.1970677735442122,-0.0027700831024931594,-0.16261168477140742,-0.10733126747633115,10866223229984.25,1.285424277989202
2020-11-18,1564.64,1567.48,1555.01,1560.78,314567968,11852396401730,1645358820711835,0.0012702078521940052,0.025553752242277517,0.07011950552275947,0.19723441026072486,-0.001503393831607136,-0.028743067526656785,-0.15144294804042946,11054604563163.25,1.0721682837236164
2020-11-19,1554.71,1564.42,1550.17,1563.44,292612846,10637946632527,1648205684029010,0.0017042760670946677,0.03205534431770163,0.08052967683078527,0.19275103000073296,0.0,-0.06979452529635821,-0.10246449140240843,11191789303187.55,0.9505134830850676
2020-11-20,1561.26,1571.17,1557.42,1567.05,350526690,10346595878368,1652548116595610,0.002309010899043118,0.024510316692382128,0.08000165406590076,0.19279768609348283,0.0,0.19791969078486726,-0.02738787514388863,11289984583488.65,0.9164402131690831
2020-11-23,1570.9,1602.59,1566.77,1600.5,588266199,12587076876881,1684659237123435,0.021345840911266345,0.023907160632832714,0.11098770659651125,0.19756941716297488,0.0,0.6782351124246773,0.21654281512987805,11425222171911.95,1.1016920885639654
2020-11-24,1608.7,1616.27,1599.68,1606.73,363510215,13900799108986,1691921538268355,0.003892533583255142,0.030748011290736565,0.12039077317862334,0.1942147945653435,0.0,-0.3820650997491698,0.10437071648604501,11607446316094.05,1.197575998237627
2020-11-25,1619.18,1623.1,1588.19,1598.35,475129481,23708951975139,1683661856531545,-0.005215562042160227,0.02407129768449101,0.10735069973673261,0.1980462773142602,-0.005215562042160227,0.3070595031284058,0.705581944552572,12457323336051.35,1.9032139839001825
2020-11-26,1600.93,1616.9,1591.43,1616.88,249398653,13441178809555,1700979773373545,0.011593205493164893,0.03418103668832839,0.1292717507455703,0.19284727759934922,0.0,-0.47509328935957984,-0.4330757924833918,12692342576900.85,1.0589990561724183
2020-11-27,1616.12,1623.93,1612.17,1621.35,353966917,12173963173410,1706255659660510,0.002764583642570706,0.03465109600842342,0.1645872389941172,0.14686122074909053,0.0,0.4192815909073895,-0.09427860860270443,12794258720828.85,0.9515176642153548
2020-11-30,1630.59,1630.93,1593.06,1593.06,416429007,18593426945469,1677918559078495,-0.017448422610787273,-0.004648547328959696,0.12795785717320185,0.1693071811555538,-0.017448422610787273,0.17646307324252009,0.5273109241927227,13403937237220.1,1.3871615941201745
2020-12-01,1608.24,1625.53,1606.11,1622.07,344066357,13375274939080,1707450212360685,0.018210236902564958,0.00954734149483727,0.1257104786492056,0.16719436871785923,0.0,-0.17376947518932084,-0.28064498393399195,13639399893548.7,0.9806351484280751
2020-12-02,1630.84,1653.57,1629.29,1651.7,308030797,15014883658286,1736278570979825,0.018266782567953443,0.03337817123909037,0.1387029389662946,0.17279321578601914,0.0,-0.10473433181379022,0.12258504790921165,13744593967718.2,1.092421041578334
2020-12-03,1659.62,1667.12,1652.51,1667.12,317641483,16233981972556,1753025041343665,0.009335835805533543,0.03107218841225068,0.12267753123000769,0.1609666923883679,0.0,0.03120040623730236,0.08119265803283371,13982666761028.9,1.161007571016549
2020-12-04,1674.51,1703.25,1674.51,1695.32,392441901,19773340989778,1780332194341460,0.01691539901146899,0.045622475097912174,0.14142978333759748,0.16409308895377794,0.0,0.2354869310316121,0.21802161806052167,14443714351211.0,1.3689928026110645
2020-12-07,1699.56,1713.63,1686.65,1709.73,319952879,18972751228678,1795478902350375,0.00849987023098886,0.07323641294113226,0.1380976788460131,0.16328840445799317,0.0,-0.18471274809159588,-0.04048834041317917,14830152390294.55,1.2793362286077743
2020-12-08,1709.38,1711.3,1675.58,1675.8,294490854,18388251618118,1759484116357245,-0.01984523872190347,0.033124341119680434,0.11650776518558481,0.1868831409494024,-0.01984523872190347,-0.07958054660917746,-0.03080731958770999,14995480599912.4,1.2262529030396945
2020-12-09,1677.26,1712.02,1677.26,1711.61,343383548,16926245182210,1795292245198675,0.02136889843656764,0.0362717200460132,0.12466078363087996,0.19303022788424043,0.0,0.1660244905262831,-0.07950763706471586,15071877467408.5,1.1230349516051596
2020-12-10,1708.29,1718.36,1686.65,1704.72,441997527,20477540441734,1790355869963220,-0.00402544972277552,0.022553865348625246,0.125316856780735,0.192619173071889,-0.00402544972277552,0.2871831792011188,0.20980998569349096,15460910918113.5,1.324471795367709
2020-12-11,1710.34,1726.84,1710.17,1717.87,396343969,17680469744525,1826800915802385,0.00771387676568569,0.013301323643913898,0.1231138366589084,0.192242998178913,0.0,-0.10328917066542775,-0.13659212175249646,15684995829313.6,1.127221832694534
2020-12-14,1718.15,1729.56,1710.57,1715.88,340077292,16629194498158,1823557813553340,-0.001158411288397665,0.003597059184783591,0.09772059905446118,0.1839658818511605,-0.001158411288397665,-0.14196425680946845,-0.05945968979090854,15734098861253.0,1.0568889038258984
2020-12-15,1716.93,1721.38,1697.54,1712.93,298968649,15536755956923,1820248081361645,-0.0017192344452992003,0.022156581931018104,0.09887734154477812,0.18343422855806787,-0.002875654153108087,-0.12088029388330934,-0.0656940143045418,15812551301605.55,0.9825584537610609
2020-12-16,1717.16,1728.56,1713.75,1720.68,273089222,13082351430014,1829975031656125,0.0045244113886731,0.005299104352042949,0.1024487756121939,0.18296941415035725,0.0,-0.08656234386636308,-0.15797406702622152,15874049053019.75,0.824134496896072
2020-12-17,1718.49,1720.43,1701.48,1718.3,310395751,15296365229722,1828839947132170,-0.0013831740939629356,0.007966117602890677,0.09905081103208313,0.18402137771501043,-0.0013831740939629356,0.1366093056576212,0.16923668589337315,16106969982879.5,0.9496736658714139
2020-12-18,1718.7,1724.8,1711.88,1716.6,388593561,17141361844480,1828573698138720,-0.0009893499388931026,-0.0007392876061634857,0.09543409591270224,0.18498283581927413,-0.002371155589650731,0.25192938288642996,0.12061666853855124,16446708281185.1,1.0422366318790721
2020-12-21,1716.87,1722.56,1701.36,1721.57,346175609,18611171071611,1834549524954405,0.00289525806827462,0.0033160827097464818,0.07564511090284287,0.17414926426836003,0.0,-0.10915762960879327,0.08574635087143445,16747912990921.6,1.1112531502700904
2020-12-22,1717.02,1720.13,1693.19,1693.19,420203875,18335117851271,1803983231071730,-0.016484952688534227,-0.011524113653214041,0.05381115682161908,0.18831155396045474,-0.016484952688534227,0.2138459905186445,-0.014832662559374543,16969628928035.85,1.080466634186632
2020-12-23,1696.54,1717.74,1684.24,1712.78,378690385,18991657469263,1821945785359560,0.011569876977775673,-0.00459120812701963,0.07159257984796819,0.1883902662983654,-0.005105804585349372,-0.09879368675503053,0.03580776645766082,16733764202742.05,1.134930386203898
2020-12-24,1714.48,1752.85,1714.48,1747.4,409506799,19160569003068,1855791469739720,0.020212753535188366,0.016935343071640574,0.08072336846271821,0.19562871565905568,0.0,0.0813762778793552,0.00889398590293533,17019733712417.7,1.125785475074051
2020-12-28,1757.65,1769.13,1743.68,1750.8,408937707,25796499411221,1859105515472465,0.001945747968410183,0.019923103809856624,0.07984087334628565,0.19571671731433363,0.0,-0.0013897009802760207,0.3463326379864007,17700860524308.25,1.4573584925882652
2020-12-29,1752.89,1763.44,1741.79,1761.08,329362960,20317889249418,1868395155896565,0.005871601553575578,0.02294998170274809,0.10546997602099095,0.1787139588952236,0.0,-0.1945889206054554,-0.21237804689964657,17787083639505.7,1.1422833366730956
2020-12-30,1760.65,1798.14,1751.38,1794.81,335494528,17311406422537,1901558531761570,0.01915301973788819,0.06001689119354592,0.10649355453217191,0.17966104407923614,0.0,0.01861644673098639,-0.14797220272116207,17983890213678.55,0.9626063224835493
2021-01-04,1794.98,1840.84,1790.09,1837.76,453652546,24632279713750,1946129907510445,0.023930109593773174,0.07296909118509087,0.11264757522552515,0.18615909566960234,0.0,0.3521905966823995,0.4228930401450375,18464760016451.75,1.3340156975667763
2021-01-05,1837.08,1864.14,1820.65,1864.14,534530304,23978244813104,1974714844126860,0.014354431481804042,0.06680782877417868,0.11817985507941864,0.1883993409568513,0.0,0.17828128313865998,-0.026551943557254654,18851973158479.15,1.2719222869421063
2021-01-06,1865.7,1886.13,1841.4,1845.82,534957282,26255334931369,1957081652659455,-0.00982758805669115,0.05427233264793241,0.08877380081636499,0.1911190014725625,-0.00982758805669115,0.0007987910073663507,0.0949648373354075,19176072855558.7,1.369171630142101
2021-01-07,1853.97,1899.48,1853.97,1883.23,556684062,24978590202652,1997766751222620,0.020267415024217028,0.06936084675312881,0.10147801114795896,0.19892908712605753,0.0,0.040614046637092116,-0.048628011490022494,19476364804257.4,1.2825078218493757
2021-01-08,1889.01,1974.05,1889.01,1967.02,618247088,39985036805203,2079495360998900,0.044492706679481575,0.09594887481126135,0.173779687313522,0.22240844444909488,0.0,0.11058880647457814,0.6007723606818192,20556204063611.65,1.9451566389138957
2021-01-11,1973.26,2049.48,1937.88,1971.26,661774896,43063016708507,2080479414190160,0.002155544935994458,0.07264278251784773,0.15169927728863475,0.21765193770068375,0.0,0.07040519695905134,0.07697829361266173,21863042639926.5,1.9696717157686416
2021-01-12,1970.16,1975.34,1905.23,1956.91,428816982,28191217012000,2064855873357845,-0.0072796079664781965,0.049765575546900864,0.14793631798770468,0.22016498427263878,-0.0072796079664781965,-0.35201987172387394,-0.345349695242533,22248726468439.8,1.2670935144081044
2021-01-13,1957.29,1980.19,1944.48,1967.84,359346374,22078908018432,2078418061008030,0.0055853360655317985,0.06610612085685497,0.14551159284462734,0.22020465447367454,-0.0017349309578645888,-0.16200526312178565,-0.2168160739909244,22468648382135.15,0.9826540361006748
2021-01-14,1967.96,1972.11,1953.16,1964.09,349895576,22100489891173,2076480890719510,-0.0019056427351816785,0.042936869102552455,0.14465463785346278,0.2205832453925447,-0.0036372675344703564,-0.026299967618429343,0.0009774882309840915,22742213151785.9,0.9717827259673492
2021-01-15,1966.51,1991.28,1919.99,1920.52,318755249,20659137261635,2031376109046625,-0.022183301172553183,-0.023639820642393117,0.12119000776447364,0.24206459667269742,-0.0257398821058612,-0.08899891606517485,-0.06521813030550427,22998332217021.5,0.8982884961695085
2021-01-18,1917.31,1917.83,1869.13,1875.45,345177671,20864207143804,1983344113300160,-0.023467602524316344,-0.04860343130789446,0.08994699769858427,0.26353135579648884,-0.04860343130789446,0.08289250791286573,0.0099263526628397,23387425002711.0,0.8921121988156235
2021-01-19,1874.31,1933.75,1870.55,1922.32,348068367,20475118687255,2033183249827280,0.02499133541283416,-0.017675825663929445,0.11873363207821686,0.2722785015394063,-0.0248267605490905,0.008374516206756555,-0.01864860973950533,23646362675587.65,0.8658887190457152
2021-01-20,1938.68,1957.71,1915.27,1937.09,334575442,22045187983387,2050460339595555,0.007683424195763511,-0.015626270428490074,0.1284457648840731,0.27116338516849553,-0.017334090886032327,-0.03876515730600705,0.07668181660452644,23891553982533.0,0.9227188821415355
2021-01-21,1942.87,1966.35,1938.39,1963.16,373390413,21772535417145,2078830773355755,0.013458331827638448,-0.0004735017234444028,0.14033120930313614,0.27204787513952067,-0.004109047005468547,0.11601261218688008,-0.012367894818926861,24049622199809.7,0.9053171495275
2021-01-22,1965.17,1978.86,1949.62,1949.64,351961532,22396629003624,2065643130001230,-0.006886855885409271,0.015162560139962089,0.1514596707989062,0.26317523854718533,-0.010967604476324722,-0.057390013920898375,0.02866425864153377,24252697757427.35,0.9234695961510124
2021-01-25,1951.9,1999.63,1950.67,1996.98,369951101,19571281703685,2110557880238940,0.024281405797993427,0.06480044789250572,0.1659290743703219,0.269756538130441,0.0,0.051112315876611136,-0.12615056040272088,24281678969148.45,0.8060102321817064
2021-01-26,1992.71,1997.63,1945.84,1950.87,443334057,22346161964995,2067425168809560,-0.023089865697202838,0.01485184568646214,0.11644157033306612,0.2866790159231354,-0.023089865697202838,0.19835852846941515,0.1417832671013839,24440958617244.8,0.9142915511189575
2021-01-27,1952.78,1976.07,1934.24,1936.13,345048356,19209759874040,2054747829965505,-0.007555603397458421,-0.0004955887439405116,0.10585446652958663,0.29028023405060155,-0.030471011226952616,-0.22169670804244124,-0.14035529214672915,24111621640385.75,0.7967012820848441
2021-01-28,1931.88,1931.88,1888.21,1902.09,340895656,20264078580524,2018711619610615,-0.017581464054583162,-0.03110800953564674,0.08007018420514678,0.3012910020360478,-0.047516750292942445,-0.012035124723214108,0.05488453335165322,24108931106941.05,0.8405216511108573
2021-01-29,1908.89,1922.99,1839.6,1847.35,396462511,23108398376843,1957804666705465,-0.028778869559274223,-0.05246609630495891,0.02927329355196373,0.31700871165469213,-0.07492814149365545,0.16300253177764157,0.14036265132986125,24398780704656.35,0.9471128355374295
2021-02-01,1847.86,1899.92,1831.07,1899.51,312608531,19682884870854,2012589342157055,0.028235039380734683,-0.04880870113871949,0.03360068779383596,0.32136322079315754,-0.04880870113871949,-0.2115054454669486,-0.14823673411402316,24151310962511.55,0.8149820480307016
2021-02-02,1905.28,1952.73,1905.28,1923.05,300130082,17448537321979,2037332177048920,0.012392669688498614,-0.014260304377021527,0.03160170373469806,0.3204246675300502,-0.03702090156135773,-0.03991717359754332,-0.11351727978572768,23824825587955.3,0.7323678932113632
2021-02-03,1930.49,1950.81,1916.49,1941.54,313360032,20867746262996,2060012773249965,0.00961493460908458,0.002794233858263606,0.05185771093606095,0.3185345305557667,-0.027761920499954962,0.04408071963942617,0.1959596313388403,23555446154536.65,0.8858990029775763
2021-02-04,1944.56,1945.71,1898.65,1911.01,321049679,17845562735799,2030793277070265,-0.01572463096304999,0.004689578305968833,0.01475125183859638,0.31785983823775443,-0.04305000550831761,0.024539335635503035,-0.14482558341990792,23198794781194.0,0.7692452519242692
2021-02-05,1918.19,1936.72,1908.75,1932.58,267393002,16636006647308,2052515058228205,0.011287225079931629,0.04613635748504619,-0.01750871877255955,0.27667608757585904,-0.03224869553025067,-0.16712889160060496,-0.06777909480347044,22031343273299.25,0.7551063247001333
2021-02-08,1928.13,1937.95,1910.12,1912.9,270874386,16690797008259,2030124443193850,-0.010183278311893806,0.007049186369116223,-0.029605430029524205,0.2784255061741092,-0.04210357640036455,0.013019727419792293,0.003293480347332345,20712732288286.85,0.8058230452627307
2021-02-09,1920.25,1937.99,1907.13,1907.27,246741777,14822149496239,2024564002618405,-0.002943175283600885,-0.008205714880008319,-0.025366521710247336,0.2776260727175777,-0.04492283347855264,-0.08909151343678545,-0.11195675743317401,20044278912498.8,0.7394703277151321
2021-02-10,1909.38,1922.76,1892.83,1915.14,243057840,15406685936898,2034408233645685,0.004126316672521613,-0.0135974535677863,-0.02678063257175367,0.27720539055856885,-0.04098188264279057,-0.014930333423026299,0.03943668499682329,19710667808422.1,0.7816420065846238
2021-02-15,1920.37,1955.42,1919.36,1948.05,358283290,16214284595580,2065466806651245,0.017184122309596095,0.019382420814124446,-0.008166631875321406,0.284750766191811,-0.0245019980170057,0.474065967178841,0.05241871366689277,19416357543642.45,0.8350837462245377
2021-02-16,1951.4,1970.6,1944.98,1954.74,374710219,17471704235873,2072807006719750,0.00343420343420342,0.0114665369609539,0.017818090933705566,0.2728590674493832,-0.021151939428537103,0.04584899563694411,0.077550115324593,19256985892354.35,0.9072917399191653
2021-02-17,1954.46,1954.63,1921.56,1932.57,357831300,14574077393311,2051475778992440,-0.011341661806685277,0.010282816665795336,0.03045669039430532,0.2615853754568662,-0.03225370309166842,-0.04504525936080761,-0.16584683459857208,18942479404829.7,0.7693859437215541
2021-02-18,1931.37,1937.78,1902.14,1902.14,272015753,14474888098626,2019679511528260,-0.01574587207707867,-0.0026897083265609023,-0.010497731907278651,0.2531651825141531,-0.0474917124858536,-0.2398212425799532,-0.006805871274604636,18642467875398.25,0.7764469916414851
2021-02-19,1904.48,1918.32,1873.93,1916.64,326188296,15310602104855,2034082511265900,0.007622993049933191,0.0007832325574108623,-0.010557072722485739,0.25313965925479975,-0.040230748430129415,0.19915222704032143,0.0577354381280728,18305738581471.65,0.8363826478081464
2021-02-22,1920.74,1937.9,1896.21,1896.7,334287329,15455616718397,2013429722754760,-0.010403623006928875,-0.026359693026359654,-0.03385358299883867,0.24995197886858356,-0.050215825897104605,0.024829318216862184,0.009471516048086492,17989892646534.25,0.8591277903692506
2021-02-23,1888.93,1906.03,1867.73,1888.39,292503535,15438256916634,2004155081652005,-0.00438129382611907,-0.03394313310210051,-0.031416056297572936,0.2494070900244228,-0.054377109435247206,-0.12499365179348454,-0.0011232034333729102,17641974042184.75,0.8750867040002829
2021-02-24,1888.05,1908.51,1846.97,1848.16,313406618,17071471384032,1957840488043515,-0.021303862020027653,-0.04367758994499549,-0.0745225290188184,0.2392466807546964,-0.0745225290188184,0.07146266796399581,0.10579008214575625,17516983526202.1,0.9745668458554124
2021-02-25,1869.23,1917.89,1869.23,1917.65,253246396,14706949221429,2028847553936575,0.037599558479785244,0.008153973945135506,-0.01702830019427215,0.2693022219889282,-0.03972498472693764,-0.1919558124965951,-0.13850722702289642,17135022889023.8,0.85829761166236
2021-02-26,1911.19,1911.19,1846.22,1861.65,337371019,19381182430830,1970637711350270,-0.02920240919875894,-0.028690833959428952,-0.038468491268664806,0.28696966929688217,-0.0677673286662861,0.3321848773713645,0.3178248009852602,17143594016863.3,1.130520380485311
2021-03-02,1867.18,1918.66,1867.18,1885.23,286132859,17194711278257,1994209602569585,0.012666183224558925,-0.00604734538936047,-0.008863933883254682,0.2849928510802857,-0.05595949884325335,-0.15187481174842699,-0.11281412578290062,16990125651749.95,1.012041442818051
2021-03-03,1883.63,1908.83,1874.42,1908.8,219123190,11733885841063,2018846357834745,0.01250245328156252,0.010808148740461432,0.03326386445448892,0.26739330721092847,-0.044156676581638354,-0.23419075052823624,-0.31758750401929137,16421400024960.95,0.7145484442999496
2021-03-04,1904.57,1904.57,1868.93,1882.58,309071357,14533947895529,1992283155067760,-0.013736378876781252,0.01862392866418494,-0.008912824886418091,0.2534414399058212,-0.05728650261895463,0.41049131769211655,0.23863041556677844,16163953176194.7,0.8991580052912878
2021-03-05,1878.63,1880.13,1845.03,1872.48,362106550,14223579397160,1981648957725930,-0.005364977849546815,-0.02355487184835614,-0.026296768154754124,0.2494280285901362,-0.06234413965087282,0.17159530250485155,-0.021354727607388546,16002705279953.75,0.8888234300595148
2021-03-08,1876.34,1891.99,1850.26,1852.88,266269447,12153586441267,1958828591242125,-0.01046740152097747,-0.004710874761636119,-0.04566478156514919,0.2480461397076585,-0.07215896002964473,-0.2646654776059698,-0.14553249207483687,15566997288867.3,0.7807277290372888
2021-03-09,1848.47,1854.56,1810.7,1841.68,408085971,15776153759882,1946042699951235,-0.006044644013643685,-0.023100629631397696,-0.03627924500656721,0.2433918171660134,-0.07776742881751442,0.5326053199036389,0.29806570563522894,15463526840071.45,1.020217051584922
2021-03-10,1844.96,1866.88,1826.64,1831.12,234929855,12110045719699,1934563067473675,-0.005733895139220846,-0.04069572506286678,-0.05249976715064841,0.23876871141193134,-0.08305541367464875,-0.42431283676742715,-0.2323828796284768,15237228793691.0,0.7947669411325755
2021-03-11,1834.97,1875.75,1834.97,1866.67,305501104,13630776505048,1973028001977935,0.019414347503167617,-0.008451168077850513,-0.024167494380260335,0.24916554003839017,-0.06525353283458024,0.30039285130448823,0.12557597391026176,15084227768530.45,0.9036443041177938
2021-03-12,1878.37,1896.45,1878.37,1890.24,255776953,10679305286180,2000068906925535,0.012626763166494248,0.009484747500640767,-0.008928992748797993,0.25373056213121853,-0.05345071057296513,-0.16276259021309458,-0.21652994000561576,14877085558027.5,0.7178358452349944
2021-03-15,1892.19,1897.2,1879.22,1881.89,216973984,9429627445238,1989227426679130,-0.004417428474690954,0.015656707396053626,-0.017361655022609335,0.25355387253031686,-0.05763202435677872,-0.1517062758973441,-0.11701864563785791,14578232633444.5,0.6468292612922858
2021-03-16,1884.74,1900.98,1882.04,1897.91,207045037,10748070211468,2004832529683820,0.008512718596729973,0.030531905651361768,-0.025738559071892375,0.2472058245665744,-0.049609910965558,-0.04576100238819414,0.13981917884739126,14304921914238.9,0.7513546928745927
2021-03-17,1898.06,1899.42,1871.46,1884.29,188663612,11271266773485,1990980605846195,-0.0071763149991307396,0.029036873607409808,-0.03604059874970589,0.24744343056311835,-0.05643020961652101,-0.08877983875556505,0.048678186104400334,13994900041119.5,0.8053838712936868
2021-03-18,1888.32,1914.18,1888.32,1896.97,203617686,11995603766758,2003859522974745,0.006729325103885353,0.01623211387122514,-0.01842106624857054,0.24643478059083118,-0.05008062173882566,0.07926315966006214,0.06426402709027879,13865976359791.85,0.865110646051763
2021-03-19,1895.23,1895.26,1868.11,1879.42,219446243,11304008286822,1986230569513835,-0.009251595966198733,-0.005724140849839188,-0.01194444152375751,0.2422589866822749,-0.05886889202696066,0.07773665102941996,-0.0576540783926639,13707432369201.65,0.8246627072346715
2021-03-22,1879.5,1886.19,1866.62,1877.86,337050096,10917174233877,1985199347893160,-0.0008300433112343741,-0.002141464166343532,-0.02023332498539121,0.2403548813827573,-0.0596500716081283,0.5359118998451025,-0.034220963319353204,13487760975652.75,0.8094133825164895
2021-03-23,1879.05,1893.32,1858.8,1859.76,271152342,12337652569428,1965400702718165,-0.009638631207864234,-0.020101058532807192,-0.01947593188168928,0.23996928467109804,-0.06871375777423916,-0.19551323314264835,0.13011410325788564,13331862768204.3,0.9254260101486018
2021-03-24,1854.04,1860.63,1838.72,1853.91,218330903,9929599554159,1963445961294250,-0.0031455671699573973,-0.016122783647952166,-0.01825894015537044,0.23976980672673895,-0.07164318120361746,-0.19480355069181,-0.1951791884005567,13056429900080.55,0.7605141397877638
2021-03-25,1853.45,1871.58,1846.16,1859.67,221391621,10461353222615,1970857046952590,0.003106946939171795,-0.0196629361560805,0.006227815773526046,0.2274409337439497,-0.06875882582699877,0.014018711771645043,0.05355237797412249,12725923992009.7,0.8220505818817896
2021-03-26,1862.37,1877.36,1859.9,1876.76,294800705,11928142361518,1990144135079130,0.009189802491839982,-0.0014153302614636765,-0.021322973431022407,0.1840402565182685,-0.060200903364079794,0.3315802272390427,0.14021026799211267,12586983649014.15,0.9476569362551168
2021-03-29,1880.88,1885.88,1867.2,1873.86,328148531,12570180435632,1988397645688255,-0.0015452162237047373,-0.0021300842448318535,0.00655869792925623,0.15108892918562497,-0.06165309617522463,0.11311989908572295,0.053825487209585354,12246433549254.25,1.0264360138056245
2021-03-30,1875.02,1898.18,1874.97,1894.35,218145323,10308549380402,2010807433000440,0.010934648266145874,0.018599174086978865,0.004837606021546481,0.14933470750702063,-0.051392602830273804,-0.3352238319177483,-0.179920333428077,11902125454361.5,0.8661099582532514
2021-03-31,1896.07,1909.76,1886.88,1886.88,269854973,10956424362985,2003416270775590,-0.0039433050914560175,0.01778403482369706,-0.01148365465213741,0.14275193637875358,-0.055133251209325995,0.2370422124521092,0.06284831732141694,11863252380457.6,0.923559915241589
2021-04-01,1895.06,1907.35,1893.63,1906.75,218608735,11119503859476,2024573732557610,0.01053061137963196,0.025316319562072698,0.012838763824113864,0.13893444851663442,-0.045183226672275145,-0.1899028853546456,0.014884372044035254,11692530178654.95,0.9509921026139385
2021-04-02,1919.05,1931.1,1917.01,1924.84,211202191,11208848425703,2041794598548930,0.009487347580962258,0.025618619322662406,0.027962915491754226,0.14036699232098848,-0.03612454806758214,-0.03388036621683943,0.008034941788419792,11541793630082.1,0.9711530794042856
2021-04-05,1930.86,1935.77,1916.99,1928.34,197814117,9766057000166,2044734690009990,0.0018183329523493441,0.029073676795491776,0.04072578904192392,0.1331603621558113,-0.03437190157137282,-0.06338984428433325,-0.12871897011547917,11422417158027.05,0.854990398709344
2021-04-06,1929.89,1940.91,1920.92,1931.81,196510669,10824266474632,2047689936198285,0.0017994751962828737,0.019774592868266216,0.0489390122062463,0.12971728716088946,-0.03263427775941674,-0.006589256721248105,0.10835585686710747,11174822793764.55,0.9686298095636775
2021-04-07,1933.33,1943.13,1928.09,1935.51,267476618,10656051523496,2053493152364120,0.0019153022295153033,0.025772704146527436,0.05700882519987771,0.12612947287981358,-0.030781480034852593,0.36113026005727966,-0.015540540463433006,11102123083954.4,0.9598210579107076
2021-04-08,1935.61,1939.59,1925.03,1937.75,327684801,13704709612258,2056894002436840,0.0011573177095443032,0.016258030680477153,0.03807850343124386,0.10984133786522242,-0.02965978627727872,0.22509699520725968,0.28609641029230004,11105819739314.9,1.2340115303459285
2021-04-09,1939.6,1946.17,1923.63,1927.82,236834624,11107657939373,2048493978440880,-0.00512450006450782,0.0015481806280002175,0.01988107330286093,0.10479129859536843,-0.03463229476509533,-0.2772486753207696,-0.18950067140146487,11127237371974.55,0.9982404048779561
2021-04-12,1930.15,1937.92,1923.85,1929.09,216762881,11142090617647,2053386962130090,0.000658775196854533,0.00038893556115615624,0.025081168399853304,0.10283813891483913,-0.033996334465042244,-0.08475003637981582,0.003099904449879398,11212860530595.0,0.9936885050202042
2021-04-13,1929.88,1955.16,1927.85,1952.01,268573839,12871356146339,2077385664167395,0.011881249708411756,0.010456514874651157,0.02850503975425589,0.10661512451337671,-0.022519003695580353,0.2390213571667743,0.15520117256569121,11319024827338.55,1.1371435563292647
2021-04-14,1952.42,1962.85,1947.78,1958.74,242797208,11864207712776,2087305779019465,0.0034477282390972253,0.012002004639604102,0.03951090331106144,0.10180469392625373,-0.01914891486144077,-0.09597595616898491,-0.07824726641951119,11348671874303.1,1.0454269754366794
2021-04-15,1957.45,1974.04,1956.8,1967.28,262237089,15219586797146,2096713880754940,0.0043599456793652624,0.015239323958198936,0.03706437107597904,0.10067326385724397,-0.01487245741069021,0.08006632843982286,0.2828152680399174,11509871025822.5,1.3223073275973918
2021-04-16,1966.72,1975.99,1960.05,1967.39,248956612,13695648117777,2099308766933285,5.591476556476849e-05,0.020525775227977716,0.04680699364697616,0.0921308111595222,-0.014817374235094993,-0.05064301564146789,-0.10013009549344476,11629453017370.25,1.1776691558339496
2021-04-19,1968.79,1975.43,1961.63,1966.36,291208436,13079725714739,2099131219021710,-0.0005235362586981651,0.019319990254472286,0.04712811391690552,0.09199877202284924,-0.015333153061122373,0.1697156129357995,-0.04497212528690264,11737580591413.35,1.1143459772542477
2021-04-20,1966.5,1977.34,1963.63,1976.16,248713080,11037314920327,2109661267830335,0.004983827986736911,0.01237186284906322,0.06258872112530645,0.08073974829300115,-0.010425742871736254,-0.14592762690432504,-0.15615088870789484,11672563708958.3,0.9455776122135218
2021-04-21,1970.92,1971.09,1937.69,1941.14,249734072,13521304537617,2073722937429140,-0.017721237146789748,-0.008985368144827754,0.04705190651110347,0.1076666040111288,-0.027962222956664506,0.004105099739828644,0.22505379571215567,11852148958131.2,1.1408314716075747
2021-04-22,1942.62,1957.11,1942.62,1943.89,273565503,12159161828137,2077799913697985,0.0014166932833283852,-0.011889512423244208,0.04528760479009719,0.1076706423450652,-0.026585143566785763,0.09542723109083817,-0.10074048000993141,11937039388407.3,1.0186078333581956
2021-04-23,1940.65,1951.57,1924.52,1948.65,277099971,12308531934184,2080972481718425,0.0024486982288092207,-0.009525310182526114,0.03830537735245865,0.10451131955799058,-0.024201544331941216,0.012920006218766655,0.012284572584711384,11956058867040.6,1.0294807069004208
2021-04-26,1951.1,1964.97,1949.24,1964.97,302593527,12574005818862,2099750780123025,0.008375028866138168,-0.0007068898879146746,0.048621561909641065,0.10609192548891236,-0.01602920409818831,0.09200129436318139,0.021568281749402507,11956250136202.1,1.0516680125978135
2021-04-27,1965.38,1969.18,1954.0,1961.52,278620338,13949908011874,2095011028999185,-0.0017557519962136947,-0.007408307019674543,0.0354580726898408,0.10203412676783932,-0.017756812787308895,-0.07922571655010979,0.1094243324548203,12138318067775.7,1.1492455490112452
2021-04-28,1961.72,1964.21,1934.3,1937.07,302744424,14208989790369,2069243264906875,-0.012464823198335973,-0.0020967060593259923,0.026599465784787446,0.11232050704503507,-0.03000030045368507,0.0865840813099581,0.01857229296956464,12300946339144.9,1.155113549691067
2021-04-29,1939.63,1949.26,1923.87,1929.85,274380688,14644243051231,2062813710601280,-0.003727278828333569,-0.007222630910185379,0.01211485511996857,0.10816806223180066,-0.03361575979729392,-0.09368871480850127,0.030632245309727635,12477183298732.65,1.1736818078739346
2021-04-30,1931.21,1932.77,1908.56,1912.68,303869400,14529079123659,2044999134239400,-0.008897064538694655,-0.01845893310753599,-0.006317408200162022,0.10787387708634227,-0.04221374275155487,0.10747371549706153,-0.00786410927277792,12643194833630.45,1.1491620049239584
2021-05-03,1913.15,1929.94,1896.65,1901.05,279548840,13488481375036,2028800954161500,-0.00608047347177787,-0.03252975872405184,-0.01415206861860463,0.10945385327507615,-0.04803753668038746,-0.08003622608923444,-0.07162172769287911,12829316052373.95,1.051379615247695
2021-05-04,1903.57,1916.4,1892.36,1916.4,244040965,11708937073166,2043945386926060,0.008074485152941957,-0.023002569435947584,-0.007976974961305672,0.11353685199701598,-0.04035092990415523,-0.12701850238405565,-0.13193066383021568,12873549582300.65,0.9095344681985899
2021-05-06,1916.5,1927.4,1904.76,1927.4,341534594,13004811637843,2059578026871265,0.0057399290336046516,-0.00499207566066262,-0.004190110100180222,0.11535764046343099,-0.03484261234464037,0.39949698199234707,0.11067397122210387,12990987588018.0,1.0010641261668012
2021-05-07,1926.59,1942.8,1925.24,1936.4,253210064,11101387594368,2070880919861705,0.004669502957351801,0.0033940461693915402,-0.0006966842988000987,0.11656691788205474,-0.03033580706867367,-0.2586107865840378,-0.14636306134078736,12860821487123.5,0.8631942839330226
2021-05-10,1938.63,1973.17,1938.63,1968.47,294421965,13784089230905,2105851479694870,0.01656166081388144,0.029168496559800916,0.021085993505617795,0.12872787719094494,-0.01427655760197899,0.1627577527882147,0.24165462323808962,12994643051700.1,1.0607516632864815
2021-05-11,1962.35,1962.35,1929.74,1936.37,339313903,15976844135869,2075382637364310,-0.01630708113407886,0.018579206228137135,0.0037738000819038664,0.14277620982550676,-0.030350829752927022,0.15247482639415177,0.15907869342920922,13236380727611.2,1.2070402374072824
2021-05-12,1936.18,1936.82,1891.55,1903.99,352799341,17136393156387,2043316163563660,-0.016722010772734497,-0.006475683573366808,-0.02460028381002144,0.1478210370775482,-0.046565313623571636,0.039743252135471696,0.07257685001224612,13449632578113.6,1.2741160813770345
2021-05-13,1893.72,1899.65,1869.37,1878.46,402046342,16819555547844,2014899605250130,-0.01340868386913796,-0.02539171941475571,-0.040985531515157714,0.15281215728822145,-0.05934961792306381,0.13958926584276132,-0.018489165465073953,13697399969867.0,1.2279378265105385
2021-05-14,1884.85,1905.26,1884.85,1899.13,229722051,11413338490975,2038805937109210,0.011003694515720364,-0.01924705639330715,-0.03464173884754573,0.15822982741797625,-0.04899898847259354,-0.42861798006360174,-0.3214244895764794,13507087554558.45,0.8449888582474733
2021-05-17,1906.35,1912.03,1882.03,1891.72,258826078,11333749894174,2027913472817160,-0.003901786607551916,-0.038989672181948376,-0.0384621249472652,0.15826633751600838,-0.052709591483139584,0.12669235222873754,-0.006973296802152529,13388992643378.3,0.84649758171159
2021-05-18,1892.13,1917.43,1892.13,1913.67,248484463,11503457331908,2053066878361790,0.011603197090478634,-0.011722966168655646,-0.026795703736853804,0.16537151129541838,-0.04171799417119848,-0.039955846334773115,0.014973635320930878,13310179224236.75,0.8642601379071698
2021-05-20,1914.61,1914.61,1894.97,1906.26,224240546,10906767355146,2047273506168110,-0.003872140964743198,0.001192233152484956,-0.03537162982754438,0.16388554805542294,-0.04542859718174441,-0.09756713440872156,-0.05187049071820493,13303651845977.7,0.8198325904359571
2021-05-21,1912.44,1932.91,1902.03,1907.38,247944350,12200080796814,2042477090377600,0.0005875379014406157,0.015395590004578352,-0.017391841907332783,0.1527240481446748,-0.04486775030295742,0.10570703836941253,0.11857898858159777,13237590658937.55,0.9216239655043978
2021-05-24,1906.6,1910.68,1893.57,1897.69,210439901,9568918143070,2035955475360540,-0.005080267172771102,-0.0007582419318319378,-0.023766776926677946,0.153195309134289,-0.04972007731674832,-0.15126155929747942,-0.2156676416791532,13108078474684.2,0.7300015911218852
2021-05-25,1903.17,1916.85,1900.82,1915.26,208362193,9591985036024,2054548999380540,0.00925862495981944,0.01244370202778411,-0.017134939573550945,0.1571769500233045,-0.040921791905777716,-0.0098731656407689,0.002410606153079753,12972251129776.2,0.7394233229116868
2021-05-26,1915.76,1922.77,1907.37,1911.68,257307289,10837464472787,2051152192863740,-0.001869197915687626,-0.001039886709829796,-0.027120006921225293,0.1533916016116065,-0.0427144988933289,0.2349039204055603,0.12984584860020454,12885424062472.45,0.841063857909812
2021-05-27,1913.55,1915.55,1894.84,1910.09,327607567,17156385452981,2043966667110420,-0.0008317291596920962,0.0020091697879618398,-0.026219462457685916,0.15339260472983832,-0.043510701158749776,0.2732152605284337,0.5830626707991418,13045747934527.8,1.315094047430864
2021-05-28,1913.77,1929.84,1912.48,1922.87,234219802,10813228145679,2058019926179550,0.006690784203885691,0.008121087565141627,-0.0073306591914592545,0.14990332323007688,-0.03711103766687707,-0.2850598533336075,-0.3697257399984475,12875959852293.3,0.8397997718013299
2021-05-31,1924.63,1933.75,1916.75,1932.64,278319769,11293303810625,2068979877957040,0.00508094670986603,0.018417128192697474,0.0014457082156644763,0.1505115627757664,-0.03221865016174419,0.1882845371033146,0.044397071667986454,12708412890263.0,0.8886478514778006
2021-06-01,1933.7,1950.81,1928.43,1943.18,261732143,10645848313327,2080257857451140,0.005453679940392364,0.014577655253072752,0.015946211598385496,0.14770910796149325,-0.026940680427445463,-0.059599165591431635,-0.05733091999958939,12514251349746.4,0.8506979775136718
2021-06-02,1944.51,1953.9,1936.18,1940.77,326658955,12872543284528,2078373883223385,-0.0012402350785826188,0.015216981921660544,0.020893716630283388,0.145690032977291,-0.028147502729121032,0.24806587091597687,0.20916087714809106,12483454445221.0,1.0311683629731154
2021-06-03,1940.96,1965.85,1940.96,1958.0,267825618,12161287984579,2094985299756015,0.008877919588616834,0.02508258773146821,0.021707367981632197,0.14622894001495304,-0.0195194744063536,-0.1801063038360604,-0.05525367320410446,12506071990791.65,0.9724306715596617
2021-06-04,1957.42,1957.42,1937.63,1950.79,322812775,11998164418435,2089101250843260,-0.0036823289070480048,0.014519962347948612,0.01213551935249546,0.14610100065389597,-0.023129926188544703,0.2053095495890913,-0.013413346213891786,12455739629821.25,0.9632639068425344
2021-06-07,1953.53,1966.83,1944.67,1955.72,353351918,13452027455248,2096808279559540,0.0025271812957827766,0.011942213759417175,0.009977277422020148,0.14551476645231096,-0.020661198409598458,0.09460326655288043,0.12117378843210069,12573271622865.25,1.0698907856873687
2021-06-08,1955.57,1963.49,1948.8,1953.68,333923565,12703227483514,2093907127013460,-0.0010430941034503816,0.0054035138278492045,-0.007513449531869942,0.13265009808016834,-0.021682740938817613,-0.054983012714253876,-0.05566446948053716,12519228535495.7,1.0146973072259693
2021-06-09,1951.1,1951.94,1932.17,1932.17,282898438,12327106893060,2071878240760885,-0.011009991400843577,-0.004431230903198191,-0.002169006956315056,0.125325775016807,-0.03245400554837807,-0.15280481028644988,-0.029608270098455014,12336741673355.25,0.9992190174236963
2021-06-10,1932.58,1946.64,1929.97,1939.36,330447695,15345431208654,2080231174559190,0.003721204655904975,-0.009519918283963258,0.01857677823938153,0.10930289892146342,-0.028853568889022463,0.1680788955080763,0.24485261154774896,12247193575968.6,1.2529753133619732
2021-06-11,1940.76,1957.73,1940.76,1953.64,270042648,14052601070774,2134981680952495,0.0073632538569425865,0.0014609465908683728,0.04002214580028318,0.09734331764608357,-0.02170277118448849,-0.18279760432282632,-0.08424853758106932,12108845852115.1,1.1605235744511007
2021-06-14,1953.8,1959.19,1949.13,1957.65,241460332,11995751959720,2140038306111095,0.00205257877602838,0.0009868488331663539,0.03081410961861475,0.09134067981420672,-0.01969473905597452,-0.10584371102745227,-0.14636785750160852,12137966525552.35,0.9882834933237816
2021-06-15,1958.64,1964.85,1953.6,1960.78,218004448,11089986675237,2142921736149070,0.0015988557709498696,0.003634167315015757,0.036506459729769736,0.08905710958583937,-0.018127372332221725,-0.09714176985394019,-0.0755071701652742,12125778364605.5,0.914579364868492
2021-06-16,1961.08,1974.45,1959.5,1972.27,272533209,11452330422146,2154702792740380,0.0058599128918084276,0.020753867413322746,0.030621789545741906,0.08279316008181457,-0.012373684263237483,0.25012682768747907,0.032673055209172075,12123222019117.4,0.944660619436528
2021-06-17,1970.72,1970.75,1954.41,1964.07,232339131,11753095649902,2147013475624285,-0.004157645758440798,0.012741316723042573,0.030326398287746636,0.0830456963285539,-0.01647988462578498,-0.14748323019966347,0.026262360294319942,12165538433855.2,0.9660974492665757
2021-06-18,1964.6,1973.86,1963.25,1968.58,318363453,15461314744033,2151813182283320,0.002296252170238322,0.007647263569541929,0.03208589793329053,0.08301602098318517,-0.014221474426383884,0.37025326568859374,0.3155099902689824,12328600131216.15,1.2541014048208752
2021-06-21,1966.54,1966.54,1945.21,1953.71,311973689,15173337475054,2136107642764625,-0.0075536681262635685,-0.002012617168543951,0.02952010075407463,0.08606160237790478,-0.021667718254564372,-0.02007065804754915,-0.018625665006278935,12608821097815.35,1.203390654633286
2021-06-22,1956.46,1968.85,1956.46,1964.83,267949478,11958076670508,2149261593601755,0.005691735211469373,0.0020655045441100306,0.025881603542077913,0.08264346182875201,-0.016099309958036656,-0.1411151406425174,-0.21190201627243233,12727125679539.55,0.9395740225722848
2021-06-23,1966.02,1980.4,1966.01,1977.18,318185417,17360628686216,2162240223987575,0.006285531063756178,0.0024895171553591666,0.03426305657850692,0.08357134363373457,-0.009914971607126732,0.18748287690263754,0.45179105006344544,13053283890211.0,1.329981699029406
2021-06-24,1980.85,1987.56,1977.41,1983.29,286661448,17966237764172,2167513016311810,0.0030902598650603963,0.009785801931702975,0.038322801543382745,0.08315461482546942,-0.006855351580887126,-0.0990742105569219,0.03488405223693558,13093776505770.55,1.3721203929404255
2021-06-25,1985.26,2000.15,1985.04,1990.99,362262638,16137969787843,2176321643736175,0.0038824377675479305,0.011383840128417422,0.035426211860396295,0.08158929518156281,-0.0029995292892267544,0.26372988250586116,-0.10176131476868822,13360013587878.75,1.2079306418134657
2021-06-28,1992.75,1996.35,1983.49,1989.53,267550386,11585900785838,2174530294337005,-0.0007333035324135206,0.018334348495938402,0.029436418577696744,0.08105405216773802,-0.0037306332562169198,-0.26144637085097355,-0.28207197447067656,13374643436639.4,0.8662586663132119
2021-06-29,1991.96,1992.77,1973.92,1980.03,249197542,13049288562653,2164735131864905,-0.0047749971098701716,0.007736038232315279,0.01896376043392789,0.0824956715053037,-0.00848781660307063,-0.0685958419809568,0.126307639247504,13494815449105.7,0.9669853294301832
2021-06-30,1981.22,1993.73,1980.99,1986.96,241976430,13089900155938,2172010072046315,0.0034999469705003783,0.004946438867477809,0.023799832025433343,0.08254043905318668,-0.0050175765405762185,-0.02897746078089325,0.0031121691492999037,13505683292676.2,0.9692142094755274
2021-07-01,1987.76,1989.05,1975.14,1977.92,231720173,13976104672490,2163614074064530,-0.004549663808028348,-0.0027076221833417513,0.010173646578141016,0.07966332839625938,-0.009544412062213903,-0.04238535546623279,0.06770139619055748,13596424127071.75,1.0279250295423097
2021-07-02,1977.85,1985.42,1975.0,1977.39,256361720,13834326714913,2164305949529625,-0.00026795825918135563,-0.0068307726307013095,0.013635501514771109,0.07818368732646387,-0.009809812817354158,0.10634182894382693,-0.010144311372829784,13688232241895.65,1.0106729978302236
2021-07-05,1979.94,1991.66,1979.94,1986.45,252214406,14449552838110,2174751287965360,0.00458179721754437,-0.0015481043261473815,0.01571288323481901,0.07915848546612149,-0.0052729621728810905,-0.01617758688777715,0.04447098408727079,13738108511038.75,1.0517861921457088
2021-07-06,1987.67,1998.48,1987.62,1992.45,238624027,12207370270096,2179684627677450,0.0030204636411688135,0.006272632232845021,0.019844600958191627,0.07922342866377335,-0.002268425322236589,-0.05388422975331553,-0.15517314571149576,13713315650367.85,0.8901837149623655
2021-07-07,1991.57,1991.57,1977.37,1982.25,226548308,12979975239414,2167696249667665,-0.005119325453587287,-0.0023704553690059305,0.025919044390503965,0.0695537379151588,-0.0073761379683321415,-0.05060562908026023,0.06329004136219463,13745959067685.55,0.9442757086282724
2021-07-08,1983.45,1988.95,1962.08,1962.16,266216233,15162636163390,2146563595714240,-0.010134947660486726,-0.007967966348487288,0.011756455737975458,0.07976848571036038,-0.017436328856573424,0.17509698196465884,0.16815601599518448,13736819315422.35,1.1037952684117265
2021-07-09,1957.34,1957.34,1924.54,1941.52,267311090,14869050775461,2124843077563230,-0.010519019855669276,-0.018140073531271117,-0.006203804180913597,0.08474907591733795,-0.027771935622790456,0.004112660552897163,-0.019362423840114218,13777641800656.7,1.0792159493326556
2021-07-12,1947.91,1959.43,1947.87,1955.82,163251965,9188993811999,2141546511265185,0.007365363220569465,-0.015419466888167421,-0.0009347942686385169,0.08870878236233452,-0.0206111227954211,-0.38928098718238735,-0.38200535119807577,13637303893270.65,0.6738130853367083
2021-07-13,1960.67,1973.6,1960.59,1971.58,198237386,11593245995255,2158296197657210,0.008058001247558622,-0.010474541393761472,0.005508012117626526,0.0931361167707918,-0.01271920600106169,0.21430321527829688,0.26164477117358853,13662466859271.55,0.8485470533740145
2021-07-14,1970.44,1970.87,1958.01,1966.53,180324103,11051268612070,2153522893322865,-0.0025613974578764243,-0.007930382141505876,-0.002910352030908503,0.09123542609801082,-0.015248024517020675,-0.09036278858116098,-0.04674940766432678,13642413768767.75,0.810066957312951
2021-07-15,1969.66,1982.29,1965.88,1981.91,222137952,12956227954424,2169546680223685,0.007820882468103862,0.010065438088636913,0.009083179316419443,0.09408532668671328,-0.0075463950565353155,0.23188164146863932,0.17237472087805705,13702570383993.85,0.9455326695171249
2021-07-16,1979.62,1979.63,1964.21,1973.77,178639079,11724978519417,2166090421669080,-0.004107149164190194,0.016610696773661893,0.0026364181288034416,0.09517512886331038,-0.011622550050576441,-0.19581918626854,-0.09503147361548092,13515753572763.05,0.8675046090693144
2021-07-19,1962.46,1962.46,1949.19,1953.05,175843386,10671109989263,2145388829783410,-0.01049767703430493,-0.0014162857522675987,-0.0003378188165080731,0.09883836345285811,-0.021998217308135337,-0.015649951934649242,-0.08988234207924173,13290642198473.5,0.8029040154650039
2021-07-20,1940.71,1948.76,1935.88,1947.23,210297950,13133298939384,2138624557904540,-0.00297995443025012,-0.012350500613720894,-0.008957517953207095,0.09699287288341096,-0.024912618053260394,0.19593892487943787,0.2307340991329292,13349403311917.3,0.9838116830030613
2021-07-21,1958.68,1959.99,1935.12,1936.07,252075658,13618354141525,2127521841737310,-0.005731218191995846,-0.015489211962187222,-0.02079223945214903,0.0953194303523077,-0.03050105659545921,0.19865960652493286,0.036933233940668275,13162289584682.75,1.0346493331504407
2021-07-22,1948.39,1962.15,1947.92,1959.61,246670403,13262179481122,2150848557232035,0.012158651288434852,-0.011251772280275185,-0.011939756666952461,0.10542195075649809,-0.01871325701809734,-0.021442986771852413,-0.026154016608875952,12927086670530.25,1.025921757866423
2021-07-23,1961.39,1968.43,1955.25,1961.1,213989029,11276270350913,2152739408858140,0.0007603553768351645,-0.0064191876459770425,-0.01501263190673996,0.1042453018037494,-0.017967130366854045,-0.1324900498905821,-0.1497422903253447,12684001698683.75,0.8890152034655724
2021-07-26,1968.47,1969.06,1942.16,1942.59,168473309,10296656365140,2132753498455940,-0.009438580388557383,-0.005355725659865307,-0.02359351203550586,0.10872632481184928,-0.0272361265510922,-0.2127011847883099,-0.08687393573298674,12619539477648.85,0.8159296449269774
2021-07-27,1954.64,1958.83,1943.68,1945.31,209780591,10381159848580,2137226934577775,0.001400192526472388,-0.0009860160330316114,-0.017535087852204256,0.10821971620388961,-0.025874069845466696,0.24518591250558264,0.008206885851419932,12486133041945.2,0.8314151237782047
2021-07-28,1940.74,1951.54,1930.4,1947.28,196349604,10484770183236,2138469700537520,0.0010126920645039394,0.005790079904135714,-0.019970205741434155,0.1072457958597389,-0.02488758024617177,-0.06402397350477484,0.00998061258734717,12355876543310.1,0.8485654697572078
2021-07-29,1954.19,1956.62,1943.93,1950.12,156623365,9223774730518,2143088329071120,0.0014584445996466133,-0.004842800353131449,-0.014055169066494178,0.10671740017505603,-0.023465432803533415,-0.20232400876143353,-0.12026925060638849,12118260046211.5,0.7611467896665252
2021-07-30,1944.19,1944.45,1924.17,1924.17,197528304,11094093448155,2114171324100020,-0.013306873423173826,-0.018831268165825255,-0.02691426577458167,0.11569863705209786,-0.03646005468257063,0.26116754036027756,0.2027715086589028,11981248382873.6,0.9259547163727339
2021-08-02,1934.49,1937.99,1920.12,1937.99,160613542,9631867653031,2130861690225350,0.0071823175706928755,-0.0023679726550634994,-0.024395278008507604,0.11781232140384086,-0.029539604803252906,-0.1868834048208099,-0.13180218843092362,11740364123619.65,0.820406211563174
2021-08-03,1937.63,1951.52,1935.78,1951.52,192495791,11596413199762,2142504095425930,0.006981460172652998,0.003192293259172141,-0.020542548119149795,0.120506064910095,-0.02276437420504962,0.19850286970198305,0.20396309599548834,11709816270102.95,0.9903155551099051
2021-08-04,1958.73,1980.86,1952.09,1978.49,188147080,11530457329187,2170801999736420,0.013819996720505046,0.016027484491187627,-0.0018968344053474917,0.13029491164153678,-0.009258981061402771,-0.022591200448637383,-0.005687609559855478,11637340374591.6,0.9908155092173841
2021-08-05,1980.48,1987.36,1971.62,1973.65,160276046,10548318261985,2167237017805290,-0.002446310064746271,0.01206592414825769,0.005855791576629743,0.12516953727833594,-0.011682640787589182,-0.1481342894080525,-0.08517780684343845,11406624479521.35,0.9247537061400336
2021-08-06,1974.44,1982.01,1963.41,1967.99,171907834,9947950308586,2164140357297170,-0.002867783041572758,0.02277345556785515,0.013633647863529719,0.11918410465933782,-0.01451692055003051,0.07257346490816219,-0.05691598778950968,11160569456177.6,0.8913479144273959
2021-08-09,1960.65,1968.11,1953.79,1961.39,185402868,11213399073142,2154468177450240,-0.0033536755776197857,0.012074365708801382,0.0028479103393974636,0.1172966907974561,-0.017821911085739384,0.07850156497230953,0.12720698488650473,11261789719234.75,0.9957031122673068
2021-08-10,1967.28,1967.55,1942.08,1947.74,216519131,16782620808651,2146488010884520,-0.0069593502567057985,-0.0019369517094367517,-0.012091824830846254,0.1160047504691103,-0.024657232420955633,0.16783053755133936,0.49665776622970936,11521258459904.55,1.4566655949136686
2021-08-11,1941.24,1949.59,1931.08,1932.7,221879394,16374262024454,2134535333028890,-0.007721769846077975,-0.023143912781970033,-0.017202890370347723,0.11858955163195373,-0.03218860479323782,0.024756532945811704,-0.02433224159998315,11787408130523.75,1.3891316770522684
2021-08-12,1926.58,1935.9,1918.94,1922.74,277046223,19116825939903,2125282135007060,-0.005153412324727102,-0.02579484711068325,-0.0298550388261829,0.11490636858143886,-0.037176135965307666,0.24863430535599895,0.16749236767758702,12095438029797.7,1.5804988536014795
2021-08-13,1918.47,1921.3,1882.6,1894.62,277440308,17756606996705,2097409175426485,-0.014624962293393828,-0.03728169350454025,-0.040100923613186956,0.12380495518152411,-0.05125739867199475,0.0014224521660415324,-0.07115297003143095,12397019453662.1,1.4323287192599887
2021-08-17,1892.08,1899.3,1867.41,1871.92,255755116,18677178076363,2074227879085045,-0.01198129440204354,-0.045615609338275465,-0.04154015514195741,0.12525662179444477,-0.06262456309026632,-0.07816164909966872,0.051843861827252535,12797322858017.1,1.459459785736543
2021-08-18,1869.84,1890.91,1858.53,1882.5,245811334,13499698685459,2085834581896130,0.005651950938074135,-0.033495230369556483,-0.03324209261361011,0.12815680726122336,-0.0573265631102966,-0.03888009028136119,-0.27720886794222865,12815642845320.85,1.0533766310745705
2021-08-19,1870.75,1880.52,1843.74,1843.88,248522760,13984972314482,2041518296473460,-0.020515272244355898,-0.04595643400424276,-0.04761707996095177,0.14413716807524948,-0.07666576530561142,0.011030516599368934,0.035946997064883135,12833973753968.7,1.0896837240420079
2021-08-20,1851.99,1859.77,1816.43,1823.45,248250943,13361574678122,2018863920375230,-0.011079896739484174,-0.051639847301247155,-0.06948321349656306,0.13640827915531192,-0.08689621328205588,-0.0010937308116165667,-0.04457625101727569,12838943513818.7,1.040706711088867
2021-08-23,1839.94,1857.26,1827.96,1843.36,200017586,12198960680282,2041484771457795,0.01091886259562913,-0.027055557314923262,-0.06003773392483813,0.14516001491448918,-0.07692615849933404,-0.19429274433813526,-0.0870117501751978,12885078030287.15,0.9467510131958541
2021-08-24,1861.32,1881.56,1860.37,1879.84,218860735,13257291293848,2076155921846850,0.01978994878916751,0.004230950040599923,-0.032302235675052415,0.16396149424564443,-0.05865857444741562,0.09420746133792446,0.08675580168699537,13033109776722.55,1.0172009229543852
2021-08-25,1887.01,1894.41,1870.92,1886.44,216047502,11949086422783,2082945502248760,0.0035109371010300094,0.0020929614873839153,-0.03026252885144265,0.16464177665293994,-0.05535358391170664,-0.012853986805810513,-0.09867814186688861,13111506105432.7,0.911343542587525
2021-08-26,1889.3,1894.46,1869.66,1872.72,238411013,13494217420850,2069963948031165,-0.007272958588664391,0.01564093108011355,-0.03828930610903414,0.1655993467376662,-0.062223958176847005,0.10351200913213976,0.12930955082230722,13261978467313.4,1.0175116370539279
2021-08-27,1864.81,1879.01,1856.81,1871.59,180710169,11250412603672,2070017119665355,-0.0006034004015550432,0.026400504538100833,-0.040269316759994234,0.16520625873196268,-0.06278981261705174,-0.2420225612648188,-0.16627898804350694,13363310360971.1,0.8418881474555862
2021-08-30,1888.92,1892.01,1871.45,1877.92,238666277,13140776979215,2078075547057560,0.003382151005295153,0.01874837253710626,-0.024036337745625413,0.16061652281273384,-0.059620026239621815,0.32071304188753214,0.16802622642710974,13465644537524.1,0.9758743402587373
2021-08-31,1878.61,1914.5,1869.26,1914.07,249067467,16806099840303,2116927260078000,0.019250021300161846,0.018208996510341358,-0.012342684946774818,0.17408432600392984,-0.041517691714488936,0.04358047618097305,0.27892740793679893,13824356146887.7,1.2156877081097615
2021-09-01,1910.98,1921.4,1902.58,1915.77,211332017,12441138769422,2117531741521260,0.000888159785169762,0.015547804329848702,-0.01831905386570465,0.17191165667157488,-0.040666406273472955,-0.15150694088843009,-0.25972480898949024,13866592425370.7,0.897202310977234
2021-09-02,1912.94,1917.15,1894.82,1898.88,202793953,11267765173211,2100565502361250,-0.008816298407428813,0.013968986287325347,-0.04023775707736699,0.16489427281979022,-0.049124177508037103,-0.0404011854010744,-0.09431400275792545,13853457817571.9,0.8133539887001225
2021-09-03,1906.94,1916.02,1900.87,1913.81,179398308,11833312837348,2118301233494950,0.00786252949106836,0.022558359469755596,-0.030319458870620486,0.1685442498120146,-0.041647888311350134,-0.1153665809749268,0.050191644522516565,13917707546340.05,0.8502343362186695
2021-09-06,1913.37,1920.69,1907.81,1918.38,201122310,10321525257360,2121661993652730,0.0023879068455072705,0.021545113742864386,-0.025208461425108797,0.16900412453264155,-0.03935943274344256,0.1210936838936072,-0.12775691818241586,13936386293778.75,0.7406170466132647
2021-09-07,1916.2,1916.24,1901.43,1908.4,174956186,9774402820121,2113312314658180,-0.0052023061124490955,-0.0029622741070074454,-0.027016554586288266,0.1694402135228424,-0.0443569790383479,-0.1301005542348832,-0.05300790567255187,13864436481127.7,0.7049982041048649
2021-09-08,1902.01,1906.18,1886.72,1891.37,204854025,14014259846534,2093210633349170,-0.008923705722070907,-0.012736393199601292,-0.028941234456344334,0.17044866195943095,-0.052884856132760505,0.17088757867641213,0.4337714645528097,13726018433021.85,1.0209996376530213
2021-09-09,1880.22,1888.31,1858.24,1861.63,231851294,15173906157708,2061467700421260,-0.015724051877739287,-0.019616826761038042,-0.036772390955657874,0.17663196786086968,-0.06777734378912148,0.13178783770541003,0.08274759593963177,13666000639684.55,1.110339927370167
2021-09-10,1864.78,1872.72,1855.26,1867.61,185472339,12558339719938,2125138757496710,0.0032122387370205896,-0.02414032740972194,-0.02867262344362742,0.17702916967911106,-0.0647828220613127,-0.20003750766213102,-0.1723726514837679,13338076328686.3,0.9415405498114211
2021-09-13,1861.47,1876.26,1857.54,1870.12,185779086,12307765466805,2124293358135280,0.0013439636754997153,-0.025156642583846867,-0.012931352988989842,0.1701411679878909,-0.06352592414545966,0.0016538692597174443,-0.019952816910596916,13065634252191.3,0.9419952548220769
2021-09-14,1876.42,1893.86,1876.0,1883.0,221743375,14803380425742,2140313657265625,0.006887258571642629,-0.013309578704674085,0.005919056369930287,0.16653954698657938,-0.05707618503940948,0.19358631681501537,0.2027675101274775,12871944369660.25,1.1500500624159185
2021-09-15,1882.09,1893.95,1877.25,1886.7,189740145,11583110855755,2145282511121255,0.0019649495485927204,-0.002469109692973759,0.00223107569721126,0.165492919365807,-0.05522338731484544,-0.1443255294549386,-0.21753609495755344,12776114978175.05,0.906622308545437
2021-09-16,1893.38,1895.33,1869.03,1871.35,193671302,11462419594378,2128326060051310,-0.008135898659034413,0.005221230856829573,0.014897932620344001,0.1500950079379827,-0.06290999409107756,0.02071863600610202,-0.01041958959730016,12649987342169.85,0.9061210327196939
2021-09-17,1870.28,1881.06,1861.59,1879.68,202097509,12024097024894,2136035615825960,0.00445133192614966,0.006462805403697924,0.030837149359730143,0.14380863841019978,-0.058738695430099463,0.04350777277265383,0.04900164628343284,12583113459508.45,0.955574076605657
2021-09-23,1870.73,1879.38,1863.49,1876.45,187949631,11969653169552,2130101574713905,-0.0017183775961866488,0.0033848095309392257,0.017950915719121774,0.13984060420511166,-0.06035613776802973,-0.07000520723884829,-0.004527895544196192,12571648083971.95,0.9521148770313215
2021-09-24,1883.61,1887.04,1870.52,1873.92,213572657,12012381081271,2128618579219370,-0.0013482906552265694,-0.004822092405735501,-0.0031492041875903487,0.1208652526179477,-0.06162305080671815,0.13632921684214416,0.0035696866996688392,12509402573343.1,0.9602681671520248
2021-09-27,1871.05,1885.26,1868.81,1877.47,250269083,10777324491529,2133785058730430,0.0018944245218579514,-0.004892139714846033,-0.00475498823180176,0.12035448661697831,-0.059845366503420205,0.17182174214370516,-0.10281530209423906,12450814476780.4,0.865591926666942
2021-09-28,1876.09,1877.63,1852.12,1853.79,228389284,12644021946477,2106528540014725,-0.012612718179251914,-0.009383600074812315,-0.010108291682686232,0.12587592810553008,-0.07170327194063042,-0.08742509756988237,0.17320601754315068,12408304703061.75,1.018996732354347
2021-09-29,1826.85,1835.97,1810.91,1826.74,247717510,13396680850631,2078741885197660,-0.014591728297164153,-0.028164368403132523,-0.02396358176737423,0.13548712822927464,-0.08524872557561924,0.08462842766300716,0.05952685841103844,12515618115409.7,1.0703970612635187
2021-09-30,1823.67,1839.63,1817.37,1832.44,233850723,12632803227513,2084472848303360,0.0031203126881766963,-0.02345386234645208,-0.024218284058958872,0.1353733975562196,-0.08239441556750693,-0.0559782269731357,-0.05701991647296878,12490219427824.6,1.0114156360912896
2021-10-01,1824.1,1828.59,1799.74,1802.28,221235765,11407441573373,2050783619821925,-0.016458929078169038,-0.03823002049180335,-0.05840434257890248,0.12259999673566031,-0.09749722080341316,-0.05394449004974855,-0.09699839632357155,12220286514478.1,0.9334839702700855
2021-10-05,1788.62,1788.84,1757.22,1769.79,262714420,14662928938422,2011793481019875,-0.018027165590252303,-0.057353779288084494,-0.0761991261999092,0.13266525338834986,-0.113766787849653,0.18748620956471473,0.28538277790945576,12331376022928.1,1.1890748373221913
2021-10-06,1783.64,1789.35,1740.87,1740.87,310551231,14738046214288,1977354809876900,-0.016340921804281927,-0.06091304840354095,-0.08321220930232565,0.13889002791846997,-0.1282486554697594,0.18208673509432782,0.00512293800109509,12504890074981.95,1.1785826285489578
2021-10-07,1759.18,1772.94,1753.27,1770.34,213080356,11605487936435,2012109386814580,0.016928317450470187,-0.030874672914591117,-0.07496564444746345,0.15248079585998622,-0.11349137197167725,-0.31386407545748873,-0.21254908773566594,12493498829936.3,0.9289221613905712
2021-10-08,1781.61,1782.43,1763.92,1768.01,188938652,11210728659376,2009368523683755,-0.0013161313645966288,-0.03516076924756062,-0.07838384470230098,0.15103272904600845,-0.11465813378201084,-0.11329859050920676,-0.03401487978973017,12537959000037.1,0.8941430307231686
2021-10-12,1762.62,1764.03,1730.63,1737.69,190968966,11345139569996,1980672982985030,-0.017149224269093488,-0.035837938611092524,-0.08945189687696498,0.1580532265260577,-0.12984106000060092,0.010745890152746407,0.011989489238737994,12616495837530.85,0.8992306355182325
2021-10-13,1735.16,1760.7,1731.83,1753.66,189229896,10679520557130,2000067882294565,0.009190361917257972,-0.009114075681295408,-0.07280965649238369,0.16447086974275593,-0.12184398441646882,-0.00910655818286199,-0.058669971291171574,12449758873060.65,0.8578094295656463
2021-10-14,1768.58,1781.4,1764.53,1781.2,221459232,11563264248350,2032960541042505,0.01570429843869392,0.02316657763072505,-0.04320407384926117,0.171726381704963,-0.10805316027201073,0.1703184152254673,0.08275125147167617,12269226777592.75,0.9424607155740208
2021-10-15,1796.38,1803.16,1788.0,1796.75,206595836,10297184886027,2049941572717120,0.0087300696159891,0.014918038342917272,-0.037941540257334205,0.17509554057938853,-0.10026640226742378,-0.06711572087453099,-0.10949151858253703,12156169035897.2,0.8470748354699071
2021-10-18,1797.71,1802.06,1781.69,1792.55,156959689,8649827695963,2045174039381020,-0.002337553916794244,0.013880011990882402,-0.04147862169272554,0.17468527795646552,-0.10236957806287494,-0.24025724797280035,-0.15998131608760557,11973272147355.1,0.722428053877799
2021-10-19,1802.59,1810.31,1798.81,1809.14,150966179,9038527153229,2063310734002815,0.009254971967309178,0.04111780582267266,-0.039224641529474136,0.17648632439225972,-0.09406203367084298,-0.038185027239700964,0.044937248570559474,11685029483729.45,0.7735134229498085
2021-10-20,1818.21,1821.08,1800.54,1801.1,168722802,9850014242688,2052107122088470,-0.004444100511845517,0.02705199411516479,-0.045370223140933974,0.17607135656552905,-0.09808811305070664,0.11761987431635257,0.08978089855813476,11598374653076.1,0.8492581536047895
2021-10-21,1800.5,1808.59,1794.03,1797.7,201381627,10188597205913,2047498930455325,-0.0018877352728887686,0.009263417920503114,-0.03935661420899339,0.17469746021214588,-0.09979068393273838,0.1935649752900619,0.034373855192782354,11534683533652.85,0.8833009745076582
2021-10-22,1796.13,1806.2,1790.37,1798.62,144765239,8256975069463,2047646509783495,0.0005117650330976886,0.0010407680534296748,-0.04312436159346278,0.17333787543845172,-0.09932998828230633,-0.2811397883879446,-0.18958666216866182,11346327435881.3,0.7277222622142367
2021-10-25,1794.6,1809.4,1783.34,1804.98,178968324,9356426646748,2055439239738430,0.003536044300630481,0.006934255669297951,-0.03808787870713315,0.17450886276825744,-0.09614517922062316,0.2362658690460906,0.133154280839618,11215666109741.1,0.8342283512364637
2021-10-26,1817.64,1827.3,1812.34,1824.8,172231827,9500336050294,2077533978865475,0.010980731088433116,0.008656046519340599,-0.026212431693989124,0.18039737768333872,-0.08622019249066093,-0.03764072238839311,0.015380808184502603,11090063858192.25,0.8566529617659582
2021-10-27,1821.58,1823.67,1804.48,1808.88,229255885,9995387160905,2061788422721510,-0.008724243752739946,0.004319582477374961,-0.036533206922081285,0.1818620430978855,-0.09419223026770418,0.33108896882339867,0.052108799940364214,11050966991661.05,0.9044807724471007
2021-10-28,1806.3,1818.12,1800.63,1800.63,223944826,12101797502926,2050187199751735,-0.0045608332227676796,0.0016298603771485176,-0.02867638729305899,0.1777091246367644,-0.0983234684373403,-0.023166511079966368,0.210738244363341,11023855769483.5,1.0977826412085765
2021-10-29,1810.61,1813.86,1773.07,1776.47,186949438,10910532744868,2022822815826630,-0.013417526088091436,-0.012314997053296306,-0.027518968216604378,0.17659794682409766,-0.11042173682260215,-0.16519867264091204,-0.09843700968967406,10899548364195.35,1.001007783103081
2021-11-01,1785.18,1792.02,1780.12,1784.59,168009263,9569621408080,2031666209772780,0.004570862440682832,-0.011296524061208513,-0.026112724018248934,0.17715753214453298,-0.10635559695139662,-0.10131175146939997,-0.12290062897421083,10746389273223.7,0.8904964416210197
2021-11-02,1794.65,1821.05,1794.65,1806.98,163346704,9093730428345,2055923784932005,0.012546299149944762,-0.009765453748355912,0.002607807887786695,0.17404975973702289,-0.09514366693707499,-0.02775179723275134,-0.04972934240984572,10630703715972.3,0.8554213033594337
2021-11-03,1810.92,1811.52,1780.41,1784.62,174672995,9970304267269,2031427501139055,-0.012374237678336342,-0.013411613816284196,0.00837952525440877,0.1672263690045799,-0.1063405742671435,0.06933896260312666,0.09639320692768005,10396072482414.65,0.9590452821615227
2021-11-04,1801.37,1810.54,1789.82,1793.6,223911089,13800946685653,2042321700749005,0.00503188353823214,-0.003904189089374399,0.030289452974662012,0.1555295787902719,-0.10184378411401218,0.2818872716987535,0.38420516723440623,10349217505982.9,1.3335256194658822
2021-11-05,1808.04,1808.64,1777.73,1788.55,188780997,11778966544775,2036496094222180,-0.002815566458519103,0.006800002251656334,0.010286159720731547,0.1450556843150087,-0.10437260262997128,-0.15689304248794933,-0.14651024940049817,10357891436399.9,1.137197335683702
2021-11-08,1789.23,1791.52,1767.74,1786.63,171461717,10500177716719,2030521240888980,-0.0010734952894801975,0.001143119708168383,0.010531614640188813,0.1450168016933248,-0.10533405442217747,-0.09174270861595246,-0.10856545208741208,10322363889267.05,1.0172260762514713
2021-11-09,1784.79,1802.46,1782.13,1791.34,165817250,10107792813720,2037356667258300,0.0026362481319577302,-0.008655325460160124,0.030874321656912285,0.1290968170794459,-0.10297549299442166,-0.032919692504887244,-0.03736935827040544,10260496551453.25,0.9851173150375825
2021-11-10,1782.56,1790.6,1767.37,1770.64,159405713,10622889511765,2012738707695035,-0.011555595252715767,-0.007833600430343646,0.009682606662636983,0.13373843057401144,-0.11334114512914495,-0.03866628472007583,0.0509603538119443,10257664999185.0,1.0356050341485141
2021-11-11,1759.56,1771.18,1754.49,1770.89,188923752,14910265183031,2013006028159790,0.00014119188541994454,-0.012661685994647565,-0.005788232652144565,0.12110922509125893,-0.1132159560937015,0.18517554010125092,0.40359787857321416,10425015045919.05,1.4302392003614166
2021-11-12,1785.9,1797.33,1778.45,1791.69,196847227,12983593964484,2040935583277470,0.011745506496733338,0.0017556120880042325,-0.0028161959092806166,0.12450429409200724,-0.10280022834480063,0.041940067969854944,-0.12921777009973612,10559335499841.9,1.2295843772251007
2021-11-15,1806.49,1816.88,1801.39,1812.06,180209761,12199128290715,2064321895407355,0.011369154262176995,0.014233501060656018,0.010883936291874674,0.13061110242450116,-0.09259982573686265,-0.0845196869346806,-0.060419763273163674,10736800529579.5,1.1361977208300404
2021-11-16,1810.22,1822.26,1804.84,1812.36,170295757,11759545838169,2068097443003275,0.0001655574318730757,0.01173423247401395,0.001779851200017557,0.12651908058129924,-0.09244959889433046,-0.05501369040714721,-0.03603392325012067,10872851463826.5,1.0815512266761387
2021-11-17,1816.48,1817.92,1788.28,1791.48,188541325,11413754131365,2044462205796675,-0.0115208898894259,0.01176975556860782,-0.005341180389761724,0.13226755497443773,-0.1029053871345732,0.10714047326499165,-0.029405192306120598,10951038458260.35,1.0422531319626245
2021-11-18,1789.47,1794.66,1777.53,1783.43,167516072,10721465602607,2035024895102285,-0.004493491414919504,0.007081185166780468,-0.007937920676419852,0.1330207361799659,-0.10693647407585449,-0.11151535611622543,-0.06065388484719425,10977681878095.05,0.9766602568435412
2021-11-19,1785.63,1801.12,1783.94,1798.14,173854589,11162928814446,2055021592467015,0.008248151034803808,0.0035999531168897647,-0.0002668712679719798,0.13648656197967324,-0.09957035123035785,0.0378382618713744,0.04117564036503141,11122979565344.2,1.0035915960167967
2021-11-22,1809.31,1836.1,1807.53,1832.66,220263436,13903229239680,2085256648843365,0.019197615313601757,0.011368276988620751,0.015335349976177026,0.15224699101455505,-0.08228424921631661,0.26694059252010893,0.24548220908546536,11350319694990.8,1.2249196157722206
2021-11-23,1832.31,1832.68,1814.37,1817.75,163627662,10812639514975,2067820559484260,-0.008135715299073532,0.0029740228210730635,-0.003863437088996058,0.15041144747158805,-0.0897505232901682,-0.25712744261376186,-0.2222929415480266,11415934868224.85,0.9471532239616167
2021-11-24,1824.12,1831.46,1804.94,1815.36,188734182,11260121691610,2066923642715680,-0.0013148122679136343,0.013329760868108886,0.0035823271858828054,0.14707244245661055,-0.09094733046900827,0.15343689259582538,0.04138510083641078,11479171594760.1,0.9809176209849421
2021-11-25,1816.86,1817.15,1798.75,1799.26,149808509,9348886023721,2050889819379440,-0.008868764322228051,0.008876154376678658,-0.0007608448154258207,0.1497010517433132,-0.09900950435157085,-0.20624601536143572,-0.16973490342587294,11341526020799.85,0.8243058303243816
2021-11-26,1794.31,1804.44,1765.64,1770.31,195701215,12073173651861,2021911406190965,-0.016089948089770267,-0.015477104118700513,-0.003467550817069842,0.1531399552587366,-0.11350639465593049,0.3063424521500311,0.29140237898158605,11399658066149.5,1.0590820866558672
2021-11-29,1751.17,1769.68,1742.68,1753.96,233315234,13269351523895,1988739182679360,-0.009235670588766842,-0.042943044536357,-0.017163606206467508,0.15534547767920753,-0.12169375757393663,0.19220125434581492,0.09907733513380035,11584644571940.25,1.145425864513389
2021-11-30,1770.14,1775.49,1705.6,1716.48,343749697,21175088503553,1956328098769425,-0.02136878834180944,-0.05571173153623987,-0.050083564842997697,0.16309635412180432,-0.14046209776762908,0.473327271034518,0.5957892490391574,12188712475700.65,1.7372703266048435
2021-12-01,1731.0,1762.28,1715.72,1758.01,219848366,12907199774143,1997677424593430,0.024194863907531783,-0.03159153005464477,-0.01491073729981729,0.18408440077664398,-0.11966569519975168,-0.3604405533483277,-0.3904535618834707,12335557251044.35,1.0463410376576425
2021-12-02,1742.55,1784.24,1741.77,1784.24,203373752,13044087500556,2025099320802825,0.014920279179299278,-0.008347876349165784,-0.005218554861730507,0.19136146821594419,-0.10653086160101755,-0.07493625856650665,0.010605532478642488,12297714291789.5,1.060692027075699
2021-12-03,1779.12,1804.08,1771.41,1798.33,173466867,10699736389115,2042304583344005,0.00789691969690165,0.01582773638515289,0.005468116630790387,0.19318342477044936,-0.09947520756342076,-0.14705380957912406,-0.1797251905387075,12243752784006.5,0.8738935339409676
2021-12-06,1788.54,1807.2,1776.78,1800.66,169685099,10177440305880,2043517351426240,0.0012956465164903896,0.02662546466282012,0.007852773097955401,0.19313607510021513,-0.09830844575308717,-0.021801097036012074,-0.04881392066503054,12227615913464.55,0.8323323514498864
2021-12-07,1801.49,1816.43,1793.82,1815.6,210927475,10594516779214,2057730730564780,0.008296957782146341,0.05774608501118572,0.013542934339656254,0.1950176087077105,-0.09082714899498245,0.243052432081853,0.040980488295572215,12251952111739.25,0.8647207141025982
2021-12-08,1832.35,1843.53,1817.55,1821.74,185873350,11619130041194,2066936316863715,0.0033818021590659164,0.03625121586339097,0.028859621379839995,0.18965645829762112,-0.0877525062844896,-0.11878075627653528,0.0967116559756882,12301764138210.7,0.9445092517343623
2021-12-09,1826.13,1840.57,1821.5,1840.57,202050309,12883062523436,2087848862887730,0.010336271915860618,0.03157086490606642,0.03934744676405644,0.19213041744067094,-0.07832326813488366,0.08703215926328323,0.108780302635473,12200404005230.95,1.0559537633272111
2021-12-10,1826.81,1830.74,1819.52,1824.12,139356410,8808219936625,2125262430582100,-0.008937448725123254,0.014341083116002018,0.018100229392361333,0.19224450587474287,-0.08656070666706739,-0.3102885578858481,-0.31629455957372876,11991635303838.0,0.7345303383105616
2021-12-13,1830.24,1846.44,1817.85,1819.42,165387376,9777427535512,2117876973933150,-0.002576584873802079,0.010418402141437078,0.004061675661953812,0.18857449939730744,-0.08891426053340545,0.1867941776054649,0.1100344457632112,11870550266077.85,0.8236709601788799
2021-12-14,1807.26,1819.06,1803.07,1811.41,228300638,9870127207474,2108745166695320,-0.0044025018962087215,-0.002307777043401571,-0.0005241784192985266,0.1893036583123656,-0.09292531722901576,0.38039942057004406,0.009480987880023717,11776079334543.1,0.8381505361059927
2021-12-15,1805.17,1813.69,1800.11,1813.33,178067370,8717130494104,2110971091226350,0.001059947775489789,-0.0046164655768661245,0.012196619554781574,0.18431395655161006,-0.09196386543680968,-0.22003122041209544,-0.11681680378920656,11641248152680.05,0.7488140773029686
2021-12-16,1828.87,1832.05,1812.16,1822.57,185892657,10019774129514,2124490544743960,0.005095597602201574,-0.009779579152110474,0.021946473929450372,0.18389331180787946,-0.08733687868681717,0.043945653827537345,0.14943491281805033,11606163579025.4,0.8633149155007331
2021-12-17,1808.12,1826.71,1807.14,1826.23,201614989,11720276832808,2130213014457480,0.0020081533219575842,0.0011567221454729104,0.015621697976798243,0.18202306709007368,-0.085504111207924,0.08457747742020816,0.16971467433432874,11634030979943.5,1.007413239058172
2021-12-20,1815.97,1816.61,1792.64,1794.17,201367717,10354524852231,2093182517031665,-0.017555291502165615,-0.013878049048597907,-0.021002259011491442,0.17959046090384137,-0.10155835311320094,-0.0012264564317685522,-0.11652898647870813,11456595760571.05,0.9038046788616797
2021-12-21,1807.53,1811.56,1792.12,1805.54,189004007,10446929262803,2102804846426750,0.006337192127836122,-0.00324056950110696,-0.006717095310136201,0.1793111331755923,-0.09586475578122966,-0.061398669976478915,0.008924060919327514,11438310247962.45,0.9133280210391174
2021-12-22,1818.96,1823.88,1809.0,1814.7,188156782,10175171270273,2109375283840185,0.005073274477441769,0.000755516094698816,-0.0003635642517185733,0.18025171846588883,-0.09127782952257912,-0.0044825769222976986,-0.026013193513007904,11384062726895.6,0.8938084332786999
2021-12-23,1823.22,1824.87,1812.99,1823.44,175446351,10076785311072,2119212562666290,0.004816223067173553,0.00047734792079312527,0.013438858197258874,0.17780686495429002,-0.08690122084347363,-0.06755234047316983,-0.00966921898292139,11420457691263.15,0.8823451374265776
2021-12-24,1830.81,1841.92,1830.57,1833.17,151864870,9131922711035,2128924859657920,0.005336068091080559,0.0038001785098262797,0.0355079053951004,0.16685758102122256,-0.08202886358401185,-0.13440850075018085,-0.09376627276149463,11273395144221.85,0.8100419256319197
2021-12-27,1833.9,1836.41,1824.62,1826.34,160697160,8456474810945,2122143190941790,-0.00372578647915911,0.0179302964602015,0.04126661953522315,0.1631294939059032,-0.0854490280323289,0.05815887505780637,-0.07396557345736077,11032751308574.35,0.7664883014604763
2021-12-28,1831.35,1841.37,1821.57,1841.37,246862928,13915793781852,2142584243109200,0.008229573901902043,0.019844478660123732,0.07275936800894844,0.13872184756882813,-0.07792266322146446,0.5361996938838247,0.6455785765294473,10669786572489.3,1.3042241929873386
2021-12-29,1831.11,1833.5,1817.04,1821.09,248379770,13094197210930,2117728590823010,-0.01101353883249967,0.003521243180691025,0.0358814796275333,0.12484248073677906,-0.08807799777664282,0.006144470586527229,-0.05904058250658106,10679136444328.65,1.2261475709380893
2021-12-30,1823.31,1828.97,1809.56,1810.84,166857149,9497735616978,2105788465831390,-0.005628497218698736,-0.006910016233054095,0.014908308299331985,0.11726427172538657,-0.09321074822982711,-0.32821763624308053,-0.2746607169586508,10501818850149.75,0.9043895874134763
2022-01-03,1823.83,1833.15,1810.35,1816.01,164624927,9084308164560,2112166580452290,0.0028550286055091245,-0.009360833965207815,0.009831343524269842,0.1145317741349996,-0.09062183897685505,-0.013378042315705607,-0.043529054617920004,10421047438922.0,0.8717269754123412
2022-01-04,1818.83,1819.88,1804.0,1813.12,167671415,10071710049120,2107556449106560,-0.001591400928409037,-0.007238520757361755,0.0069196850043871105,0.1147287941030442,-0.09206902422658225,0.01850563007387085,0.10869312958933786,10415760926084.0,0.9669682436640419
2022-01-05,1809.87,1811.14,1776.84,1788.6,260982427,15477780285740,2078762140390265,-0.013523649841157726,-0.028658010068590256,-0.014871116986120314,0.12072124380881505,-0.10434756482288265,0.5565111500967532,0.53675792991006,10659924101410.3,1.4519597080144595
2022-01-06,1769.99,1786.6,1761.36,1765.18,218968994,13312602650015,2049645361387115,-0.013094040031309317,-0.030701393121701726,-0.031047240550243105,0.12728199798316586,-0.11607527366323145,-0.16098184649037695,-0.13988941539116062,10744597731851.35,1.2390042868288165
2022-01-07,1775.12,1790.93,1774.2,1786.56,163257002,10519204751548,2074172453992725,0.012112079221382466,-0.013408142077709795,-0.02934417055586036,0.1296152732819916,-0.1053691073521017,-0.25442867952345805,-0.20983108802273553,10626404843256.95,0.9899119134561325
2022-01-10,1780.73,1783.17,1757.97,1769.97,180497304,10365252153128,2052495143033480,-0.009286002149382022,-0.025352283302404688,-0.02968554700348658,0.12988771885800418,-0.11367665174413366,0.10560222096936456,-0.01463538376295459,10704256454082.1,0.9683299533780491
2022-01-11,1773.91,1782.75,1762.82,1775.19,184831513,10476436032531,2054217450569645,0.0029492025288564427,-0.02091974055771262,-0.02430994492750438,0.13074361797823078,-0.11106270468407298,0.024012596886211712,0.01072659668674314,10739206878933.05,0.9755316338194839
2022-01-12,1790.68,1803.73,1790.06,1802.95,183817212,11048307452243,2088573290220495,0.015637762718356818,0.008023034775802351,-0.004670394885752049,0.1430049056536033,-0.09716171418842445,-0.005487705984422719,0.05458644694973058,10798115891171.5,1.023169927382985
2022-01-13,1807.96,1808.47,1791.69,1794.07,199912691,11525326267739,2079081860493425,-0.0049252613771874065,0.016366602839370525,-0.01062134305393947,0.14388350364737973,-0.10160842872737841,0.08756241499299855,0.04317573687715903,10938525679853.25,1.0536453087975584
2022-01-14,1777.53,1783.07,1762.65,1768.11,189968116,10885220250847,2048097158072130,-0.01446989247911179,-0.010327109081139207,-0.029880882490110117,0.15041442686362227,-0.11460805816783348,-0.04974459075237003,-0.055539079937697355,10981797985919.9,0.9912056536464497
2022-01-17,1766.14,1767.59,1741.61,1751.51,171726956,9125946683299,2026551543321400,-0.009388556141868953,-0.010429555303197224,-0.040914890238359924,0.15234392612567296,-0.12292061012128319,-0.09602221880223316,-0.16162039233070247,10852081478444.45,0.8409397498006184
2022-01-18,1757.4,1760.9,1732.73,1738.15,168899764,9138398038528,2008561720414945,-0.007627704095323429,-0.020865372157346518,-0.031223351187457116,0.14270735097230527,-0.12961071217538478,-0.01646329770149768,0.0013643905296736314,10791275137759.3,0.8468320862797959
2022-01-19,1723.03,1741.46,1718.08,1724.88,162081913,9326877748800,1993150518098700,-0.007634553979806058,-0.04330125627443904,-0.0446736156496117,0.14107878248617692,-0.13625574617672687,-0.040366255337100365,0.02062502743668637,10735272562059.15,0.86880679506576
2022-01-20,1723.91,1738.17,1717.89,1738.17,148238395,8711927253117,2010471084379695,0.007704883818004715,-0.03115820452936613,-0.04217225987766571,0.14318291591565363,-0.12960069705254929,-0.08541062814331413,-0.06593315708058034,10662110361201.35,0.8170922038866785
2022-01-21,1721.39,1726.34,1705.42,1717.56,164442530,10024197603828,1989173788208845,-0.011857298192927135,-0.028589850179004728,-0.058066072917123734,0.14470432870530756,-0.1399212811345132,0.10931132248160136,0.15062916764387446,10659480975839.15,0.940402035197484
2022-01-24,1710.26,1713.54,1686.09,1693.6,156532408,8993082339480,1960040511593235,-0.0139500221244091,-0.03306290001198975,-0.07613587392331322,0.14624769289931286,-0.1519193982914201,-0.0481026532491321,-0.10286262353350273,10652538957261.4,0.8442196152073007
2022-01-25,1690.46,1692.34,1642.08,1653.21,194870049,10619253228041,1910663337914280,-0.02384860651865839,-0.04886804936282829,-0.09479614967640193,0.16245433263600378,-0.17214493885767512,0.24491823443998895,0.18082464133815868,10760677878116.2,0.9868572731497881
2022-01-26,1659.38,1666.62,1643.96,1644.2,156844944,9395998724963,1899266292794855,-0.005450003326861075,-0.04677426835490006,-0.1070778822289925,0.1548502082799164,-0.17665675169505957,-0.19513057647971344,-0.11519213986233012,10534688125271.75,0.8919104783389706
2022-01-27,1644.42,1653.64,1587.08,1587.26,235808318,13508097715966,1830924234207685,-0.03463082350079072,-0.08682119700604662,-0.12840112240471357,0.1854645404437148,-0.20516980640767557,0.5034486416087471,0.4376436301633484,10555383150523.55,1.279735422517182
2022-01-28,1594.94,1632.97,1579.63,1629.49,211190866,12569517851031,1878923416537860,0.026605597066643227,-0.05127622906914453,-0.10014689315455805,0.22017170324414942,-0.1840228745405562,-0.10439602898147127,-0.06948275654133285,10708972262226.2,1.1737370816962063
2022-02-03,1657.83,1666.91,1648.98,1648.98,209511095,11700536854096,1905010136855320,0.011960797550153668,-0.026346244685876208,-0.091976365768911,0.2268454405688862,-0.17426313733737941,-0.00795380516125166,-0.06913399600794734,10839783696703.0,1.0794068573208526
2022-02-04,1654.66,1671.43,1649.87,1670.01,179358353,9702214801991,1930232506837445,0.012753338427391459,0.010162048378608901,-0.07893024179315211,0.2350325259616166,-0.16373223567587059,-0.1439195475542715,-0.1707889199464765,10821308934346.55,0.8965842173857937
2022-02-07,1666.66,1666.66,1640.19,1654.53,181876007,9971123930715,1913429328688270,-0.00926940557242173,0.006282690670234681,-0.0749580677624958,0.23322388804098348,-0.1714839407505333,0.014037004454428681,0.027716262133138603,10545976116595.3,0.9454908507733386
2022-02-08,1667.28,1673.21,1644.11,1656.47,187448771,10376578484494,1917390488844990,0.0011725384248095772,0.04360344241019121,-0.06158578728514941,0.23116049901678246,-0.17051247383549162,0.030640457154967216,0.04066287377394229,10399174908319.25,0.9978270945508212
2022-02-09,1672.97,1680.21,1667.38,1680.21,157669637,8773356027823,1941275725562975,0.014331681225739024,0.031126303321898252,-0.059527807630306184,0.2332193467741873,-0.15862452302977492,-0.158865453431007,-0.15450395899445457,10311882472133.0,0.8508006226343503
2022-02-10,1694.25,1697.42,1680.59,1689.38,233997229,11898051571188,1949054877694700,0.005457651126942409,0.02449999393564517,-0.04553184517251696,0.23378743056459206,-0.15403258920970664,0.4840982287540878,0.3561573853216071,10388522443036.0,1.1453073944277725
2022-02-11,1670.42,1687.23,1667.36,1673.82,205964127,10547938706778,1928295611698595,-0.009210479584226272,0.0022814234645300857,-0.057103746641204656,0.23420283651899337,-0.16182435477571133,-0.11980099986568649,-0.11347344196081621,10392097576748.35,1.0149961188180463
2022-02-14,1653.7,1661.7,1637.69,1648.02,198103525,9254154090076,1901368950658105,-0.015413843782485559,-0.003934652136860617,-0.08593139022158136,0.22756696496608927,-0.17474386323348257,-0.03816490820267937,-0.12265757819303846,10302389908640.0,0.8982531404985064
2022-02-15,1654.87,1656.43,1627.38,1634.62,178513796,8455632213275,1882985076665105,-0.008130969284353418,-0.013190700706925074,-0.08887613080871992,0.2279521712471992,-0.18145399553325525,-0.09888632218937043,-0.08628793826302517,10148905205916.8,0.8331570786911455
2022-02-16,1661.16,1670.28,1655.71,1669.44,154714061,8013258409865,1924837354775855,0.021301586913166526,-0.006409913046583449,-0.05580535147700083,0.24221342642554133,-0.16401766667668172,-0.13332154451524858,-0.052317058293464,10005307113867.7,0.800900793815549
2022-02-17,1672.75,1694.48,1658.06,1677.4,232061964,11043508156306,1934145504220885,0.0047680659382787205,-0.007091358960091831,-0.04231206216350458,0.24228477135668297,-0.16003164778816004,0.4999410040694361,0.3781545023820154,10101185187518.05,1.0932883568902756
2022-02-18,1658.39,1676.8,1655.34,1673.96,161008862,7510892749296,1933530011399105,-0.0020507928937641973,8.364101277313907e-05,-0.03693006932658294,0.24138852051499154,-0.16175424891586299,-0.3061815938091431,-0.31988163154412363,10019809923056.45,0.7496043145501978
2022-02-21,1648.86,1675.03,1640.11,1673.03,133808426,6883775890915,1933219638479150,-0.0005555688307964379,0.015175786701617788,-0.030060062149251054,0.24041318456591357,-0.1622199521277129,-0.16893750854533707,-0.08349431676278163,9897654830162.2,0.6954956511452917
2022-02-22,1648.19,1657.66,1638.86,1651.23,205947118,8508332045798,1908592042611840,-0.013030250503577312,0.010161383073741925,-0.05001812250815518,0.24124534299348963,-0.1731364360183878,0.5391192031509286,0.23599782744627706,9887475069796.25,0.8605161566261558
2022-02-23,1663.64,1665.64,1647.04,1656.32,171807707,7468607308880,1916122039803650,0.003082550583504373,-0.007858922752539854,-0.035655231840518,0.2393416954592424,-0.1705875872567577,-0.16576785017210094,-0.12220077111723537,9759695555048.85,0.7652500292405502
2022-02-24,1636.56,1639.65,1608.4,1612.8,243673181,10464009308411,1866880941345755,-0.026275115919629055,-0.03851198283057122,-0.04770902220122808,0.2513995878480824,-0.19238049454676565,0.41829016436381394,0.4010656707000162,9833241903495.4,1.0641464342183407
2022-02-25,1631.45,1641.06,1624.04,1631.76,197523040,9443642768555,1889910514074565,0.011755952380952506,-0.025209682429687685,-0.012974758197688119,0.24257624111869291,-0.1828861580987291,-0.18939360011063344,-0.0975120061328526,9774461380521.1,0.9661547988081096
2022-02-28,1623.26,1646.18,1619.91,1646.18,257097729,11236930148058,1907892028008420,0.008837083884885022,-0.016048725964268318,0.0012042330616712782,0.24403865457972634,-0.1756652545343469,0.30160880978745563,0.1898936060430203,9866507951675.85,1.1388963758093744
2022-03-02,1645.55,1653.04,1639.02,1643.43,207914802,9388493571996,1905958908177865,-0.0016705342064659012,-0.004723751385330877,0.03538802716631184,0.20691489246088446,-0.17704233392422553,-0.19130051125422431,-0.16449657973369647,9660527744477.35,0.9718406509792528
2022-03-03,1660.33,1675.18,1658.97,1673.89,210720431,9387865955480,1940044409327225,0.018534406698186068,0.010607853554868818,0.027247789185573357,0.1957759720519445,-0.1617893018457871,0.013494128234313951,-6.684954419866607e-05,9501445149699.8,0.9880461137826608
2022-03-04,1665.82,1666.58,1642.64,1648.88,281753329,10930699051148,1915189916485720,-0.014941244645705454,0.022371031746031944,-6.0643549345651415e-05,0.19980798443811643,-0.17431321295155677,0.3370954475695809,0.16434332392309026,9462953259552.4,1.1551044109949482
2022-03-07,1625.29,1625.29,1604.53,1609.8,233824653,10597612485594,1870924965794925,-0.023700936393188154,-0.013457861450213326,-0.03605367632529144,0.21072504980913162,-0.19388276297208784,-0.17010864137828874,-0.030472576730489864,9507723143732.55,1.1146320023611436
2022-03-08,1587.17,1609.56,1581.39,1593.39,227917190,10695645346859,1851547201173055,-0.010193812896011845,-0.03206818209430318,-0.036953092418995026,0.2111875673044409,-0.20210017125860047,-0.025264500232146214,0.00925046668749796,9543949214539.75,1.120672910807687
2022-03-10,1616.86,1634.23,1616.86,1633.26,256799167,12832851815949,1896430372498955,0.025022122644173583,-0.006188276957339256,-0.01401172372575421,0.23161499020873014,-0.18213502388606795,0.12672136314070914,0.19982024457436176,9666762881112.5,1.3275231816250086
2022-03-11,1624.73,1630.19,1613.26,1621.97,215523311,10161745546513,1885635610084620,-0.006912555257582942,-0.03101756985226034,-0.03466233387493234,0.22564421561507525,-0.18778856072669725,-0.16073204785746054,-0.20814596067541902,9736182357047.0,1.0437094513906655
2022-03-14,1620.27,1626.97,1608.72,1616.15,205351625,10633588473747,1877626606548940,-0.003588229128775433,-0.01984983746543112,-0.043347263493115795,0.22413593266494064,-0.19070296147182242,-0.04719529387705068,0.04643325549476218,9672959202174.95,1.0993107953309733
2022-03-15,1606.34,1613.14,1597.75,1601.23,186406014,8553608339386,1861405245261210,-0.009231816353680089,-0.005323642688532693,-0.04336786512289248,0.2241448994191042,-0.19817424310709175,-0.09225936731691309,-0.19560472360729497,9573242683805.35,0.8934912256905153
2022-03-16,1619.43,1626.16,1606.7,1625.77,155542107,7709574271567,1888683238359335,0.015325718354015416,0.02032145300271737,-0.013501049744541915,0.22651002219496974,-0.18588568738795586,-0.16557355815783925,-0.09867579088611711,9496013692879.9,0.8118748056721559
2022-03-17,1654.36,1662.85,1650.96,1652.05,212066695,11315567489943,1916036895325670,0.01616464813596008,0.011504598165631874,0.01066302871615421,0.2321198703048778,-0.1727258159821331,0.3634037695014636,0.4677292274976772,9639010456713.3,1.1739345590254053
2022-03-18,1650.83,1658.88,1644.64,1657.02,199692565,10036600728811,1924578451049665,0.003008383523501079,0.021609524220546517,-0.0074396204715354575,0.2192400550896846,-0.17023705795751587,-0.05835018082400911,-0.1130271868617031,9740177572660.6,1.0304330340940007
2022-03-21,1663.75,1663.82,1638.45,1639.96,140171526,7602705295900,1905406253381140,-0.010295590880013528,0.014732543390155506,-0.022320257541433186,0.22114962070761066,-0.1787799577361816,-0.2980633705616431,-0.24250196841289862,9568137429640.3,0.7945857124029427
2022-03-22,1639.23,1653.93,1638.63,1651.98,158358897,8916095025866,1919486493271280,0.007329447059684302,0.03169438494157606,-0.013130540753661935,0.2230767937457789,-0.17276086891205722,0.12975082400115978,0.1727529450173857,9638397543468.8,0.9250598956574219
2022-03-23,1662.89,1673.51,1657.37,1665.88,159694321,8657632904224,1935975884740070,0.00841414544970287,0.024671386481482704,-0.004273683078008128,0.22534343368260906,-0.1658003585413974,0.008432895311212052,-0.028988264581320533,9727090394134.25,0.890053711173984
2022-03-24,1652.29,1659.97,1645.28,1659.49,177053898,9995417587063,1930130881695835,-0.003835810502557213,0.004503495656911216,0.005002331595234999,0.22067097378682848,-0.16900019028733393,0.10870503654290875,0.1545208370045701,9801444671197.5,1.0197902372938459
2022-03-25,1665.87,1666.6,1650.3,1652.98,143674093,7919980749380,1923406562950750,-0.003922891972835019,-0.002438111791046582,-0.0020165185471405778,0.22091777324872183,-0.17226011277028308,-0.1885290602300097,-0.20763883245550674,9824013343222.5,0.8061858705478983
2022-03-28,1646.64,1656.41,1638.23,1650.66,136247064,6905130455781,1920576863619500,-0.0014035257534875667,0.006524549379253175,0.023474702380952506,0.1981659594641672,-0.17342186701919893,-0.05169358542600999,-0.12813797478970457,9646069400591.0,0.7158491369923103
2022-03-29,1660.74,1666.73,1653.2,1659.92,165129069,7770473121742,1931200414014290,0.005609877261216756,0.0048063535878157815,0.017257439819581277,0.1950138514051959,-0.16878486514637103,0.21198258628163913,0.1253188004922532,9562410918250.35,0.8126060664169593
2022-03-30,1670.71,1673.87,1659.9,1663.51,154974196,7798270369550,1936671596857185,0.0021627548315581446,-0.0014226715009485469,0.010527402835655897,0.19285052570055414,-0.1669871505974021,-0.06149657998737945,0.0035772915461509402,9390477929324.95,0.8304444596155494
2022-03-31,1661.45,1674.71,1660.98,1668.36,174316316,8586214707541,1943237869644990,0.0029155219986654046,0.0053450156373342494,0.015169493072415552,0.19282343533504231,-0.16455848330979783,0.12480864878950548,0.10104091043928087,9350363986102.2,0.9182759858656857
2022-04-01,1660.63,1661.1,1650.1,1657.97,152638939,8254983206264,1931892664452725,-0.006227672684552377,0.0030187903059928356,-0.009510780278274011,0.1824089933808327,-0.16976133962283046,-0.1243565576500596,-0.03857712770519117,9293719848641.4,0.888232412931056
2022-04-04,1652.21,1666.0,1647.29,1665.57,121472458,6424944876859,1941945017746625,0.004583918888761529,0.009032750536149159,0.010122022221144,0.17479420704097554,-0.16595559294534756,-0.2041843398819747,-0.22168892215508573,9068432139926.95,0.7084956669158861
2022-04-05,1670.89,1673.41,1660.5,1665.23,126841761,6598744890056,1940457640480670,-0.00020413432038279833,0.0031989493469564145,0.03443284880109343,0.14962382523760465,-0.16612585003355063,0.044201814044134924,0.02705081779346985,8868488760150.05,0.7440664433952953
2022-04-06,1652.68,1656.85,1645.67,1648.09,148670528,8240832031742,1921598126984665,-0.010292872456057145,-0.009269556540086987,0.03432932301570846,0.1497289570453834,-0.17470881030355845,0.17209448077593303,0.24884840512027506,8745748094394.2,0.9422672529322176
2022-04-07,1636.47,1638.58,1622.93,1624.98,191023681,9384433998320,1894389102554885,-0.014022292471891684,-0.026001582392289335,-0.0050696153704860025,0.13230416067905756,-0.1862812847399573,0.2848792801758262,0.1387726339006885,8573327203512.75,1.0946081696817678
2022-04-08,1630.26,1633.98,1618.66,1627.21,160174985,8481229521165,1897420068861085,0.0013723245824563968,-0.018552808555040157,0.003230639284327097,0.1299949717997511,-0.18516459854380118,-0.16149147497581728,-0.09624496025191198,8489301402245.35,0.999049170161609
2022-04-11,1620.3,1633.65,1616.69,1623.21,136245874,7005151912070,1891532249514735,-0.002458195315908851,-0.025432734739458507,0.004368406397921021,0.12962034949609322,-0.1871676231108974,-0.14939355855098102,-0.17404052153186422,8307879574161.5,0.8431937234450125
2022-04-12,1612.61,1618.71,1602.88,1608.1,140683386,7240332246354,1874466567481235,-0.00930871544655354,-0.03430757312803645,0.0042904517152437815,0.1296952203066493,-0.19473404841310382,0.03256988171252795,0.03357248168719651,8242215769509.9,0.878444880457737
2022-04-13,1614.54,1639.22,1611.6,1637.58,159237896,7493697240431,1908228037402985,0.01833219327156277,-0.006377078921660839,0.0072642501706883245,0.13467508354686397,-0.17997175735360393,0.13188842355557173,0.0349935590600261,8231421917953.1,0.9103770059565178
2022-04-14,1638.94,1639.31,1625.08,1630.47,169945857,8488347028942,1904219477440505,-0.00434177261568891,0.003378503120038401,-0.013062558639266308,0.12189493916862963,-0.18353213352161768,0.06724505453149177,0.13273151511173054,8090060894903.05,1.0492315372174617
2022-04-15,1616.44,1619.55,1608.22,1614.62,158333897,6960453996720,1887246260008510,-0.009721123357068873,-0.007737169756823148,-0.025588103945637375,0.12518697057773176,-0.1914691183687368,-0.06832740853458996,-0.17999888871325265,7936253558298.5,0.8770453143400188
2022-04-18,1607.12,1618.22,1604.07,1612.62,113881490,5628197235825,1884333339992890,-0.0012386815473609536,-0.006524109634613029,-0.016671138320446977,0.12056505013442949,-0.19247063065228498,-0.280751044736807,-0.19140371612581653,7837528155294.75,0.7181087103365357
2022-04-19,1622.6,1635.63,1620.69,1630.89,148294213,6574265929741,1904006472226365,0.011329389440785986,0.014172004228592883,-0.012766498383757652,0.1249057897498337,-0.18332181594207253,0.302180126023992,0.1680944455702469,7720436700488.5,0.8515406815426675
2022-04-20,1630.08,1634.13,1619.8,1630.51,168414586,7724097780070,1901958255220375,-0.00023300161261652352,-0.00431734632811831,-0.02123202151415471,0.12030381066944465,-0.1835121032759467,0.13567874695150772,0.17489889557514426,7673759944280.8,1.006559735534432
2022-04-21,1634.41,1644.7,1633.97,1636.51,154374687,7708706277584,1908984059336710,0.003679830237165005,0.0037044533171417537,-0.013847627885675728,0.12094784290528428,-0.1805075664253022,-0.08336510116766249,-0.0019926602334985333,7559424378806.85,1.0197477865107916
2022-04-22,1620.88,1623.23,1612.13,1620.18,149096625,7302627970494,1890797821879695,-0.009978551918411682,0.0034435347016636975,-0.01984295030792871,0.1249521888484429,-0.18868491422047284,-0.03418994462479463,-0.052677880368957264,7528556739862.55,0.9699904274915946
2022-04-25,1600.79,1605.01,1588.71,1588.98,157388803,8166727564069,1855025328746305,-0.01925711957930598,-0.014659374186106966,-0.03736687143324491,0.14083168701060142,-0.2043085058438242,0.055616134838732956,0.1183272100217021,7591636595276.95,1.075753226800903
2022-04-26,1600.4,1605.44,1596.66,1598.46,135699124,7692905665958,1867351102973815,0.005966091454895572,-0.019884848150396484,-0.03702588076533808,0.14108788948744128,-0.19956133761980588,-0.13780954290630187,-0.058018575297609454,7587758222487.75,1.0138575110575645
2022-04-27,1579.18,1580.26,1566.64,1577.47,169898637,8742447284246,1844922861077325,-0.013131388961875823,-0.03252969929653915,-0.05172196139488183,0.1456924144881301,-0.21007220903564383,0.2520245672330206,0.13642980479175026,7634967068222.55,1.145053699135506
2022-04-28,1588.31,1593.62,1576.5,1593.62,174361748,8453130708325,1871173899078625,0.01023791260689566,-0.026208211376649193,-0.04479848473950465,0.1515766029166684,-0.2019849973459925,0.026269257239538657,-0.03309331660968118,7628312868261.75,1.1081258535547192
2022-04-29,1595.23,1618.02,1592.02,1617.01,180281748,9556902837970,1894181025487220,0.014677275636600928,-0.0019565727264871935,-0.02470491022153598,0.16209178534842825,-0.19027231118989674,0.0339524010736576,0.130575542687156,7693408849847.05,1.2422195446118787
2022-05-02,1599.15,1614.24,1597.61,1611.7,119003595,6220072642730,1888631454507310,-0.003283838689927654,0.014298480786416379,-0.03234328187947666,0.16076845182882207,-0.19293132630271703,-0.33990214583453005,-0.34915393112323223,7683165238140.6,0.8095716348585674
2022-05-03,1613.27,1623.54,1608.8,1609.84,126203185,6498624191540,1885084048453730,-0.001154060929453471,0.007119352376662391,-0.033262672423629236,0.16069488831731354,-0.19386273272641696,0.06049892862480322,0.04478268419189124,7678159203214.8,0.8463778907865136
2022-05-04,1616.94,1622.09,1604.56,1611.1,124956954,6367985634397,1884624556096785,0.0007826864781592668,0.021318947428477175,-0.0224441626367492,0.15756489031935333,-0.19323177998778163,-0.00987479832620708,-0.02010249451154089,7584516883347.55,0.839603330355616
2022-05-06,1594.11,1594.39,1583.38,1587.37,155987104,7579769173921,1857054182640110,-0.014729067097014492,-0.003921888530515449,-0.023144900244926214,0.158352426255375,-0.20511472323208046,0.24832671577445775,0.19029307053999767,7494283642127.6,1.0114067649258511
2022-05-09,1581.06,1588.2,1566.64,1568.94,135107733,6321548631218,1833962703550015,-0.011610399591777454,-0.029727707311643092,-0.03580976026450178,0.16229578949625684,-0.21434365892497664,-0.13385318699166315,-0.16599721097471432,7386299597630.25,0.8558478501530246
2022-05-10,1557.73,1565.81,1535.94,1560.87,178301653,8719335035866,1823874006032830,-0.005143600137672677,-0.031538127443072606,-0.03840538192840126,0.1627257366484415,-0.21838476098909354,0.319699835389881,0.37930363974531467,7472008753820.05,1.166933193354231
2022-05-11,1554.19,1566.39,1550.64,1562.52,186280263,7331352364795,1825002936591070,0.0010571027696093527,-0.029394225513094452,-0.028344008457185432,0.1606179230604633,-0.2175585133551663,0.04474781846245701,-0.1591844636502313,7476559759742.1,0.9805783141426923
2022-05-12,1546.49,1559.35,1533.16,1534.19,253643449,10368033284267,1791330749540780,-0.018130967923610575,-0.04773757060393513,-0.06313584679832429,0.15322064414970651,-0.23174493485162595,0.3616227769659097,0.4142047426412183,7620276561933.9,1.3605849079099255
2022-05-13,1545.8,1571.1,1542.87,1569.58,198484546,8669971915871,1830710051308560,0.02306754704436864,-0.011207216968948663,-0.03734506001337046,0.179222064690623,-0.2140231749942414,-0.21746630247091459,-0.16377854139152193,7629357806280.35,1.1363960291302677
2022-05-16,1582.65,1586.41,1561.63,1563.31,148993520,6648469285775,1822930353988450,-0.003994699218899278,-0.0035884100093057647,-0.03177837509754611,0.17702170176523388,-0.21716291600316484,-0.2493444804513899,-0.2331613815721243,7613758570733.1,0.8732177706988736
2022-05-17,1569.52,1582.53,1568.68,1580.91,175680711,7164365052432,1842223132001880,0.011258163767902785,0.012838993638163432,-0.019663652937455756,0.18278153864347363,-0.208349607907941,0.17911645419210176,0.07759617206336578,7690566961563.45,0.9315782683173626
2022-05-18,1591.09,1598.3,1580.82,1586.86,214017460,8451491014291,1848743447412460,0.0037636551100315163,0.015577400609272152,-0.02699752895658214,0.17796084575964988,-0.20537010886438523,0.21821831652309287,0.1796566691450312,7784428215790.95,1.085691945510769
2022-05-19,1552.76,1568.43,1550.47,1564.04,187917539,9052298498023,1823370011653065,-0.014380600683109979,0.019456521030641438,-0.04076638597739357,0.1838168863269616,-0.21679736401966976,-0.1219522977237465,0.07108893362319946,7850838251688.6,1.1530359189448316
2022-05-20,1572.59,1593.7,1571.62,1592.19,145436529,7448939178189,1857151239530365,0.017998260914043218,0.014405127486333935,-0.027082022108022574,0.19630315164859446,-0.20270107862872933,-0.22606197498148373,-0.17712179069041634,7837849896718.85,0.9503804329433945
2022-05-23,1600.59,1601.5,1588.35,1596.93,157986277,7198684266586,1863390809907020,0.0029770316356716453,0.02150565147027783,-0.014350257378809794,0.19408000648489637,-0.20032749451672027,0.08629020567453183,-0.033596047117120165,7832652711523.45,0.9190608254589467
2022-05-24,1590.87,1594.16,1567.52,1567.52,158331741,7079031498274,1830663435139590,-0.01841658682597236,-0.008469805365264427,-0.013505519263930288,0.1930313846683567,-0.21505473264629593,0.0021866709347166946,-0.016621477464623613,7778267908233.7,0.9101038408281718
2022-05-25,1577.91,1585.39,1565.1,1575.86,142741099,7479401836502,1843237921824670,0.005320506277431747,-0.006931928462498238,-0.014138608410595332,0.1927531072681181,-0.2108784264239002,-0.09846820291074798,0.05655721949049353,7767592716760.9,0.9628983018590763
2022-05-26,1576.29,1592.01,1561.95,1569.1,149455087,7683597893685,1836993403411970,-0.004289721168124094,0.003235211375668179,-0.005305964614224168,0.18764191010639775,-0.21426353794229291,0.04703612377259336,0.02730112135257312,7714650247232.85,0.9959748851143333
2022-05-27,1588.73,1591.35,1581.46,1585.17,139037225,6711517412958,1855002644758365,0.010241539736154603,-0.004409021536374458,-0.0053023932932567686,0.18764458649170473,-0.20621638674398335,-0.06970563671747088,-0.12651371065707828,7627569582464.5,0.8799024827498827
2022-05-30,1601.29,1607.03,1594.99,1605.38,139709030,6850029067044,1878127095889145,0.012749421197726374,0.005291402879274543,-0.007192286998843445,0.185732440051808,-0.1960961051187292,0.004831835503046111,0.020637904301428867,7492225893918.2,0.9142849086550497
2022-05-31,1602.79,1615.59,1594.33,1615.3,228150602,12390575025224,1890319365230465,0.006179222364798287,0.03048126977646226,0.002233666315071048,0.18674802760266865,-0.19112860419233046,0.6330411999854269,0.8088353938286159,7800751013042.9,1.5883823242796606
2022-06-02,1605.13,1607.26,1592.77,1597.05,131754123,6692529472217,1869540558738765,-0.011298210858664004,0.01344662596931201,-0.007944888933061667,0.1911273335043798,-0.20026740377970742,-0.42251249023660253,-0.4598693395106568,7810446277076.75,0.8568690232028383
2022-06-03,1610.66,1612.31,1599.71,1602.92,119084418,5882484334067,1877503057355160,0.0036755267524499757,0.0215537569307247,-0.0050772763950095445,0.1916258845998245,-0.19732796522749352,-0.09616173453638333,-0.12103721642359244,7786171212060.25,0.7555041077128424
2022-06-07,1593.89,1595.95,1569.51,1572.3,143572299,7858982285698,1842649966300265,-0.019102637686222668,-0.008119003009141035,-0.009493690821925527,0.1965929440879635,-0.2126611182886159,0.2056346364307713,0.33599714667909697,7800131867649.1,1.007544797837711
2022-06-08,1576.35,1583.86,1571.89,1575.02,130601843,6934279887716,1844548279399405,0.0017299497551357401,-0.01891141038258859,0.0038752278608487067,0.19216014589096037,-0.21129906158299028,-0.09034093686833,-0.11766185039821242,7830768430474.0,0.8855171684978896
2022-06-09,1571.0,1578.21,1563.66,1577.68,216378164,10014631453654,1847058807326685,0.001688867442953157,-0.02328979137002407,0.010769634883110113,0.19113822528122754,-0.20996705024587126,0.656777263089618,0.444220829821826,7895533251363.4,1.2683920306363947
2022-06-10,1557.88,1561.64,1550.43,1555.48,155592911,7375620838980,1830060566521215,-0.014071294559099501,-0.026029241413856763,-0.004505542329058199,0.1980807939196503,-0.2210838365932558,-0.2809213826215847,-0.2635154999848861,7897746675072.65,0.9338892651823569
2022-06-13,1526.67,1527.64,1500.04,1500.04,211737019,9179305384229,1764003872096345,-0.03564173116979974,-0.064182866269059,-0.022259302954653615,0.22682763013830579,-0.24884575709321077,0.3608397557392573,0.24454680963486708,7838310280070.75,1.1710821664674067
2022-06-14,1480.62,1497.05,1470.05,1493.1,187907952,8933695405835,1755182215591160,-0.004626543292178931,-0.05037206639954206,-0.048726410886988925,0.20836002869661965,-0.25232100471712293,-0.11254086372114269,-0.02675692420212794,7851496454568.95,1.1378334636623693
2022-06-15,1490.8,1493.78,1455.98,1464.69,181249134,8964275969319,1722830053546805,-0.01902752662246321,-0.07004990412820156,-0.06308409720400943,0.21654665124561456,-0.26654748670492445,-0.035436595040959196,0.003423058666632617,7967286788746.15,1.1251353449434134
2022-06-16,1486.06,1495.49,1462.21,1465.37,157207634,8159868206858,1724631041800325,0.0004642620622792304,-0.07118680594290361,-0.07308448931311728,0.2103120826799426,-0.2662069725285181,-0.13264339238167067,-0.08973482802338462,8017061946467.45,1.0178127924349487
2022-06-17,1438.42,1458.94,1431.13,1455.89,215094351,9765591632624,1716791540028295,-0.0064693558623417635,-0.06402525265512893,-0.08253406097576332,0.20862335908040247,-0.2709541407525363,0.36821823169223444,0.19678300985504427,8082766977384.1,1.2081990808282004
2022-06-20,1462.88,1463.62,1417.09,1429.6,173469920,7793659406999,1685025335762625,-0.01805768292934229,-0.04695874776672626,-0.08595688089818676,0.2113897315812455,-0.28411901971977693,-0.19351708125519296,-0.20192654985053315,8019835022832.9,0.9717979715056524
2022-06-21,1436.76,1449.55,1425.88,1438.84,146213396,6891903531401,1696878513062840,0.0064633463905987565,-0.03634049963163888,-0.09631388213718217,0.19876887573818325,-0.2794920329697844,-0.15712536213771244,-0.11570378284534599,7991983240493.5,0.862352100099678
2022-06-22,1444.37,1445.12,1399.81,1399.81,198455812,8405391684074,1650633977298240,-0.02712601818131266,-0.04429606264806896,-0.12343684444527947,0.2111320946404501,-0.29903654518322675,0.3573025278750792,0.21960379244677775,8052318611367.9,1.0438473798351255
2022-06-23,1402.9,1412.86,1379.47,1384.34,237585076,9970989695356,1630272819037395,-0.011051499846407742,-0.055296614506916364,-0.11685975298560791,0.20719158020764536,-0.3067832426964717,0.19716864729565087,0.1862611607081197,8196916521222.0,1.2164317727941825
2022-06-24,1394.2,1424.23,1389.51,1418.78,170022206,7971789097061,1670753454719905,0.024878281347068043,-0.02548956308512329,-0.09967890548652791,0.2316879743173341,-0.28953720117377246,-0.2843733753714396,-0.20050172143153755,8221535884249.95,0.9696228550595526
2022-06-27,1429.41,1450.86,1418.42,1437.95,162701812,7580045355541,1684371986887975,0.013511608565105249,0.005840794627868018,-0.08358294563762658,0.24097935230029122,-0.27993770593596334,-0.043055517112864705,-0.04914125759604282,8216358257342.75,0.9225553606753828
2022-06-28,1439.87,1449.45,1431.91,1449.45,136519000,6365670442413,1698213847371410,0.007997496435898421,0.007373995718773507,-0.08561857718730481,0.23931610498673386,-0.27417901030556135,-0.16092514077224906,-0.16020681357009214,8199065908815.5,0.7763897147806479
2022-06-29,1427.64,1431.29,1419.27,1421.1,148593806,7432623648791,1667199023498825,-0.019559143123253686,0.015209206963802124,-0.1147890219138149,0.23614442828351784,-0.2883754469248566,0.0884478057999254,0.16761050010838385,8228195637902.85,0.9033114884328857
2022-06-30,1414.27,1416.17,1395.39,1395.39,165225355,8221987209330,1637162134295585,-0.01809161916824986,0.007982143115130791,-0.13614189314678382,0.23529400658683033,-0.301249887329868,0.11192626023725372,0.10620254675041951,8019766247108.15,1.0252153187500657
2022-07-01,1402.66,1411.01,1370.54,1379.95,158454192,7767248815074,1619351071379810,-0.011065006915629394,-0.027368584276632024,-0.13593813593813586,0.23524139641900396,-0.30898156215885986,-0.040981379643578286,-0.055307601760798186,8073502214251.0,0.9620668464503033
2022-07-04,1382.44,1388.86,1364.74,1379.68,146525899,6574920981646,1617928416094190,-0.0001956592630167897,-0.04052296672346045,-0.13927083073391067,0.2332664056918281,-0.3091167663171388,-0.0752791254648536,-0.15350709907915328,8108124046629.95,0.8109053270316937
2022-07-05,1394.24,1409.37,1386.42,1405.74,141476290,6927935423119,1649904149404345,0.01888843789864314,-0.030156266169926504,-0.10593398206449145,0.2465216549763236,-0.29606706126250637,-0.03446222841465041,0.05369105460863266,8061571703501.0,0.8593777588196999
2022-07-06,1397.34,1402.36,1374.79,1375.88,186684180,8596999123266,1612461133019900,-0.0212414813550158,-0.03182042080078795,-0.12643648969536891,0.2510691151497546,-0.3110196396558803,0.3195439320609834,0.2409179067370084,8144707665278.5,1.0555319449850427
2022-07-07,1385.62,1411.07,1385.28,1402.99,146701737,7203818509287,1644312123942250,0.01970375323429363,0.005446505994739725,-0.11072587596977845,0.26663417543844264,-0.2974441406523851,-0.21417156504637935,-0.16205429289955897,8004167018060.15,0.9000085196913946
2022-07-08,1414.53,1425.03,1411.27,1411.92,143289469,6793568535542,1653406669445365,0.006364977654865767,0.023167506069060595,-0.09229305423406275,0.26800484115753775,-0.29297238830634253,-0.02325990182379367,-0.056948960223819456,7975064402888.25,0.8518512443713484
2022-07-11,1415.86,1420.55,1402.61,1404.08,146547555,6246139551698,1645008418789260,-0.005552722533854748,0.017685260350225995,-0.06397162742326878,0.24193610893061204,-0.29689831645785136,0.022737791009610042,-0.08058047563368331,7828406111261.7,0.7978813902759208
2022-07-12,1397.61,1400.42,1380.37,1387.94,159893343,6192810527702,1626676881940450,-0.011495071505897014,-0.012662369997296752,-0.0704306476458374,0.24369922547209766,-0.30498052058608494,0.09106796766414837,-0.008537917469599754,7691361867355.05,0.8051643693929615
2022-07-13,1393.3,1405.19,1388.18,1397.78,158561026,6623463128102,1637905618937200,0.007089643644537791,0.015917085792365615,-0.045682021451638244,0.2392684438327676,-0.30005308015102805,-0.008332535770422922,0.0695407357408373,7574321225294.2,0.8744629295603624
2022-07-14,1389.87,1404.42,1384.48,1393.27,176471190,7261780078797,1634028781993150,-0.003226544949849086,-0.006928060784467505,-0.049202590472030905,0.23907640036415018,-0.30231149035042915,0.11295439019169828,0.09637208486701643,7529416818891.15,0.9644545193164688
2022-07-15,1402.43,1404.62,1378.18,1403.53,192290709,7884899178345,1648893453182725,0.007363971089594967,-0.005942263017734817,-0.03596425554128413,0.24099736992662665,-0.2971737323358271,0.08964363531520347,0.08580803780706447,7435382196177.2,1.0604564728897075
2022-07-18,1418.35,1435.17,1415.02,1434.2,165044983,7264315639733,1681835545262190,0.021852044487827182,0.02145176912996427,0.0032176832680470557,0.2466837456632191,-0.2818155414676161,-0.14169028832277075,-0.07870532324831292,7408915007813.9,0.9804830575153856
2022-07-19,1427.39,1431.68,1420.68,1431.15,137634470,6235226067356,1680862811562640,-0.0021266211128154744,0.031132469703301302,-0.005344583136415282,0.24570839586971233,-0.28334284770002705,-0.16607904403855767,-0.14166366433037103,7376081134611.65,0.8453304611981175
2022-07-20,1455.25,1457.7,1438.88,1441.64,184765368,7941688828684,1693713451101050,0.007329769765573202,0.03137832849232369,0.029882626927940414,0.22512081878255957,-0.27808991577281694,0.34243527802301266,0.2736809769034745,7352895991842.15,1.0800763178882307
2022-07-21,1442.85,1458.69,1442.85,1456.69,148252838,6729312678361,1708806926493705,0.010439499458949397,0.04551881544854908,0.0522631723420548,0.22204583734645317,-0.270553535839117,-0.19761565922895252,-0.15265973982059178,7190812140992.4,0.9358209540754726
2022-07-22,1454.72,1463.32,1444.87,1446.14,164893786,7142802633721,1697733923550030,-0.0072424469173262285,0.030359165817616995,0.019284173726723086,0.2082284345913315,-0.2758365131348336,0.11224707887210905,0.06144609042906146,7149362817825.4,0.9990824099613403
2022-07-25,1441.95,1457.67,1441.09,1449.95,152081527,5874845574642,1703460594107955,0.0026345996929757476,0.010981731976014597,0.008345213672241725,0.2031024073452808,-0.27392863223467434,-0.07770007172981042,-0.17751534294017945,7064102828780.45,0.8316477997328694
2022-07-26,1445.92,1456.62,1443.67,1455.19,178928235,5854637127669,1709321223669505,0.003613917721300819,0.01679768018726202,0.003960122805201971,0.20154435733407097,-0.27130467005177816,0.17652839585178537,-0.003439826071382601,7038551163043.25,0.8317957761548241
2022-07-27,1456.28,1457.14,1445.93,1456.44,131811288,5699284460391,1711686216645875,0.0008589943581249759,0.010266085846674544,0.02486805995355712,0.18743257260841462,-0.2706787248745606,-0.26332874182769417,-0.026534977982461738,6951884203623.25,0.8198186697961096
2022-07-28,1470.95,1474.9,1460.29,1464.03,159571046,7744457098639,1721699040539990,0.005211337233253621,0.005038820888452422,0.04919054887880803,0.1731743877941799,-0.2668779857584953,0.21060228164980832,0.35884726450514637,6928007698088.7,1.1178476462685718
2022-07-29,1476.55,1483.34,1465.56,1471.52,191580972,9248172728961,1731365230633750,0.005116015382198524,0.017550168033523716,0.0663574767201709,0.1657800083476899,-0.2631273222566075,0.20059983814356896,0.1941666938262543,7002053893783.05,1.3207799981619999
2022-08-01,1466.77,1475.61,1460.87,1470.57,140319221,6752634561821,1731426920352035,-0.0006455909535718618,0.014221180040691062,0.06587759480459221,0.1659123760705044,-0.2636030405912929,-0.26757224616231723,-0.269841215154333,7010939572791.8,0.9631568624591723
2022-08-02,1469.13,1470.02,1457.77,1464.5,137369578,6260307600886,1722497601605790,-0.004127651182874614,0.006397789979315283,0.04180004837309892,0.15700935813308345,-0.26664263037186153,-0.021020947657627076,-0.07290887081593123,6977558181680.15,0.897206076664854
2022-08-03,1463.89,1475.4,1458.9,1475.4,129141468,6640647101990,1736326953209000,0.007442813246842039,0.013018043997693018,0.07233188940895996,0.13138431061622816,-0.26118438842652403,-0.05989761430292817,0.060754123495492696,6879740580616.35,0.9652467304799262
2022-08-04,1486.02,1488.85,1479.58,1484.61,164391127,7967413383965,1746550094588635,0.006242374949166241,0.014057088994077871,0.05817575321278112,0.11734485152391065,-0.25657242436078487,0.2729538354016543,0.19979472807362542,6917920324350.25,1.1517064392778074
2022-08-05,1490.06,1498.83,1488.78,1494.49,165491939,8023967705455,1759597902711275,0.006654946416904117,0.01560970968794173,0.058480650461782524,0.11746427121026667,-0.2516249536800569,0.006696298152393698,0.007098203490209176,6979440282845.9,1.1496577634135425
2022-08-08,1488.11,1494.13,1484.07,1493.15,148022772,7490983990863,1760288519296665,-0.0008966269429704354,0.015354590396920997,0.0634365563215773,0.11415132584593657,-0.2522959669100341,-0.10555902061187405,-0.06642396058369693,7041682504804.15,1.0638059846850971
2022-08-09,1493.1,1499.81,1484.87,1497.6,159454763,8491634225706,1766777866292665,0.0029802765964570543,0.02260157050187761,0.07900917907114136,0.10032336635710469,-0.2500676020791396,0.07723129924901007,0.13358061318293113,7156623689704.35,1.186541949651792
2022-08-10,1489.06,1489.58,1476.72,1478.73,174941479,7923609732021,1746051298063820,-0.012600160256410198,0.002257015046766897,0.05791326245904216,0.11509224518076001,-0.2595168704744164,0.0971229438909893,-0.06689224695588836,7221631019900.3,1.0972050095312667
2022-08-11,1497.24,1503.52,1495.05,1503.52,176732505,8912556340604,1775489998919685,0.016764385655258174,0.01273735189713121,0.07913039109433195,0.12273005457415334,-0.24710312571983695,0.010237857883892643,0.1248101107991797,7304169832990.65,1.220201137759526
2022-08-12,1500.33,1508.58,1498.93,1506.19,166301101,7501489478284,1779544646684790,0.0017758327125678708,0.007828757636384243,0.07314414369482658,0.12220577061473868,-0.24576610682130018,-0.0590236866726922,-0.15832347178456907,7284999347987.6,1.029717247724422
2022-08-16,1515.25,1518.78,1508.2,1511.73,157861805,7762185561823,1784644637265635,0.0036781548144655396,0.012443491946555918,0.05405801143494626,0.10138755426236352,-0.24299191779587181,-0.050747084350331484,0.03475257604422244,7309892844092.1,1.0618740558004822
2022-08-17,1513.14,1517.85,1500.28,1502.97,143891433,6884953805477,1773658886239365,-0.005794685558929147,0.0035857371794871806,0.05018341892883349,0.10447122468955833,-0.2473785415978127,-0.08849748043866601,-0.11301349978806441,7342379230998.15,0.937700653816683
2022-08-18,1492.01,1502.9,1485.16,1498.02,128840798,6689766843704,1767044154664725,-0.003293478911754799,0.013044977784991252,0.039108237840237425,0.10472455111584579,-0.24985728449959443,-0.10459715833117045,-0.028349785240059044,7279783131749.15,0.9189513921820107
2022-08-19,1499.31,1499.39,1486.61,1487.29,150624402,6594851087571,1754163975966175,-0.007162788213775584,-0.010794668511227012,0.02100652849954332,0.10441693045790001,-0.25523039790083024,0.16907380533299698,-0.014188200926961936,7273060052209.65,0.9067505341946679
2022-08-22,1471.35,1476.66,1464.88,1467.98,115944662,5320657579806,1731309434332010,-0.012983345547942893,-0.025368645390023814,0.015102272255798077,0.11217210060163467,-0.2648999989984877,-0.23023985184020845,-0.19321035317482926,7181952799513.9,0.7408371689892087
2022-08-23,1458.96,1461.82,1446.06,1447.95,137990653,6336918276437,1707715848110845,-0.013644600062671097,-0.042190073624258306,-0.0013793579088934305,0.12295546991963482,-0.2749301445182225,0.19014235428966964,0.19100283778608707,7205056434603.65,0.8795098739272531
2022-08-24,1455.02,1458.72,1445.43,1454.16,173044747,7358327320092,1715742943620040,0.0042888221278358785,-0.03247569811772688,-0.000707811351094989,0.12324451617753963,-0.27182044887780543,0.25403238000475303,0.1611838750474306,7280240944224.8,1.010725795542405
2022-08-25,1461.6,1472.48,1458.3,1472.48,144494544,6369356612370,1738022329157740,0.01259833855971837,-0.01704917157314323,0.011013155365136917,0.13113061522853198,-0.26264659636050436,-0.16498740062880957,-0.1344015650162237,7313744551823.75,0.8708749078174657
2022-08-26,1480.19,1485.42,1469.12,1471.73,198067436,7734960713255,1736339498414705,-0.0005093447788764305,-0.01046198118726005,0.005259455065811602,0.13001854690339948,-0.26302216346683494,0.3707606565407757,0.21440220480555983,7313269732554.55,1.0576610731070564
2022-08-29,1441.18,1441.18,1432.29,1436.07,157163746,6838370032685,1695248307615985,-0.024229987837443012,-0.021737353369936985,-0.024090736109600996,0.15492668437406806,-0.28087912748249866,-0.2065139571958714,-0.1159140574603772,7192779597740.75,0.9507270367123344
2022-08-30,1443.49,1454.46,1440.01,1452.4,136706542,6050890228781,1714670169186335,0.011371311983399357,0.003073310542491159,-0.012355753211339748,0.16121398382778848,-0.2727017796873278,-0.1301649045702945,-0.11515606791386312,7157692381088.75,0.8453688572546065
2022-08-31,1440.72,1470.84,1437.98,1468.88,210687795,8753649693650,1732213170415605,0.011346736436243399,0.010122682510865344,0.002990781836804457,0.1659749842401684,-0.26444931847089104,0.5411683443795983,0.4466713760585759,7282359485726.95,1.2020348227530793
2022-09-01,1449.78,1449.81,1432.34,1432.34,178051743,7549122771418,1689408072671240,-0.02487609607319874,-0.027260132565467887,-0.02918530567981581,0.18574313450408136,-0.28274694789131594,-0.15490243276787818,-0.13760282446597993,7327783269198.35,1.0302055197442903
2022-09-02,1439.27,1440.45,1419.77,1422.9,150684556,6750102747469,1680198255399175,-0.006590613960372416,-0.03317864010382332,-0.0415664720027481,0.18430697295587592,-0.28747408586966317,-0.15370356132936036,-0.10584276453605945,7266917737373.55,0.9288811283432334
2022-09-05,1422.89,1431.9,1411.27,1418.14,132737479,5759680336613,1672882889962730,-0.003345280764635583,-0.012485463800510965,-0.051087662011789936,0.18143410129874885,-0.2898576851045077,-0.11910362598805413,-0.14672701259656618,7153703368931.45,0.8051326759825274
2022-09-06,1422.57,1430.18,1414.87,1420.72,106544595,4667391741127,1676520867291060,0.0018192844147968401,-0.021812172955108844,-0.04850818738907681,0.18201876462563668,-0.28856573425873067,-0.19732847269157494,-0.18964396140920625,7012523756444.65,0.6655794551622835
2022-09-07,1411.06,1411.75,1392.51,1398.79,170203832,7035836152746,1651194085978885,-0.01543583535108961,-0.04771662763466056,-0.06597889957264957,0.18645612395218303,-0.2995473164478363,0.5974891265014428,0.507444959194085,6939733852796.65,1.0138481247246423
2022-09-08,1409.42,1411.95,1400.9,1405.89,188620905,8379600236715,1660930665978660,0.00507581552627645,-0.01846628593769628,-0.04925848532186394,0.18536798241703975,-0.2959919478412403,0.10820598328244446,0.19098854134693655,6962533378031.35,1.2035274779658327
2022-09-13,1429.03,1451.58,1429.03,1448.47,196825314,8835691114292,1709039741426885,0.030286864548435544,0.01797034225876737,-0.03661407896137059,0.20871072228945473,-0.2746697513245,0.04349681706807629,0.05442871553450135,6958690116715.75,1.2697348159055726
2022-09-14,1409.08,1426.04,1404.14,1420.27,160539029,7270558755990,1677104917379250,-0.01946881882261975,0.001501967365704182,-0.057044595967308265,0.21735322769411147,-0.28879107452252906,-0.1843578158854099,-0.1771375139823924,6947143580601.05,1.046553690971933
2022-09-15,1422.38,1425.3,1410.16,1410.16,146856975,7006897036510,1665605030619410,-0.007118364817957024,-0.007432850948814629,-0.06718792376945615,0.21643336148071612,-0.2938537191158649,-0.0852257179156104,-0.03626429939277731,6909379154335.4,1.014113841489421
2022-09-16,1400.77,1405.5,1393.68,1400.52,181436833,8562297663017,1652920482540575,-0.0068361037045442385,0.0012367832197828221,-0.06816503323419631,0.21661874276019238,-0.29868100832256705,0.23546622828095165,0.22198137326729084,6993246347212.4,1.224366658616287
2022-09-19,1404.53,1405.8,1386.55,1389.86,131720256,5998198616407,1639441433954510,-0.007611458601091137,-0.011402030030799093,-0.072201973271385,0.21712289920846725,-0.30401906879387885,-0.27401589951694094,-0.299463899472343,6958667935847.55,0.8619751181842294
2022-09-20,1400.56,1406.02,1391.44,1394.72,120823349,5995384461696,1646428379213825,0.00349675506885605,-0.03710812098283012,-0.062240719698243074,0.21813099009814427,-0.30158539394485673,-0.08272764820621059,-0.00046916664334895053,6928694604553.8,0.8652978380307896
2022-09-21,1383.94,1388.08,1376.85,1381.46,137600623,5670504272837,1631039402598075,-0.009507284616267042,-0.02732579016665837,-0.058938132672107235,0.2163879551465586,-0.30822542038478096,0.13885787920015358,-0.054188382902653154,6946186939205.35,0.8163477779199693
2022-09-22,1363.31,1370.29,1356.15,1367.93,139353809,6196865032528,1616725227441990,-0.009793986072705652,-0.029946956373744782,-0.05526433923823337,0.2142840017964958,-0.31500065098298424,0.012741119638680631,0.09282432996521806,6939184277009.9,0.8930249990706737
2022-09-23,1366.85,1369.25,1345.14,1348.74,142838768,6291256631387,1590282964804275,-0.014028495610155511,-0.036971981835318246,-0.07249546129724382,0.2161577756343347,-0.32461016134362886,0.025007992425955194,0.015232153413625937,6885830742574.65,0.9136525230701015
2022-09-26,1329.91,1331.2,1307.5,1310.61,202919039,8219224089882,1543376762842695,-0.028270830552960646,-0.0570201315240384,-0.1099301858089754,0.22390965973260551,-0.3437039930294745,0.4206159983121669,0.306451885761009,6978324116450.25,1.1778220605297671
2022-09-27,1313.14,1315.93,1296.89,1313.78,177641358,7313217109947,1547565619026935,0.0024187210535553394,-0.05803315360789263,-0.10732267467538203,0.22505022035285857,-0.34211659606005074,-0.12457027750855842,-0.1102302322004226,6957236936284.85,1.0511668895169528
2022-09-28,1302.9,1312.22,1270.87,1281.45,193722573,8046278380267,1509438196078585,-0.02460838192086945,-0.07239442329130052,-0.1076688462261588,0.22547007542519037,-0.3583060421236066,0.09052630075030166,0.10023786512818478,7017632353663.95,1.1465802103562732
2022-09-29,1297.98,1303.94,1279.35,1279.53,153872800,6515751460555,1509738394957935,-0.001498302703968224,-0.064623189783103,-0.1190236849352796,0.21710702195732526,-0.3592674939158129,-0.20570536712827991,-0.1902155067696294,7040875415252.65,0.9254178033657471
2022-09-30,1274.97,1287.41,1260.34,1273.87,172064179,7136932988129,1500787527879660,-0.004423499253632279,-0.05551106959087748,-0.13276101519525096,0.20716517361586637,-0.36210177367825425,0.11822348719201825,0.09533536251873675,6960039579976.6,1.0254155750293872
2022-10-04,1296.66,1308.26,1292.9,1305.82,145775140,6871454104378,1537506638571090,0.025081052226679335,-0.003654786702375179,-0.08833098286719632,0.22515626220240048,-0.3461026149485724,-0.15278624030164933,-0.0371978949770968,6926156146624.6,0.9921021066969075
2022-10-05,1331.07,1333.35,1299.77,1306.16,161081626,7981616053751,1535076721188380,0.0002603727925749588,-0.005800057848345919,-0.08204371354276474,0.22563259052525414,-0.34593235786036913,0.10500066060646551,0.1615614297220851,6987731811938.7,1.1422327399735384
2022-10-06,1316.03,1326.89,1311.26,1318.31,117267248,5735264086168,1550604771447805,0.009302076315305774,0.028764290452222063,-0.0703950244686703,0.23065991873968017,-0.33984817073781415,-0.27200109092516855,-0.281440744888664,6986510999416.45,0.8209053255118384
2022-10-07,1305.05,1322.16,1302.66,1313.09,150747070,6846388639590,1544726709439390,-0.003959614961579594,0.026228380733550605,-0.0757573624641028,0.22978855553546018,-0.34246211779787483,0.2855001935408257,0.19373555196904535,7095460844339.6,0.9648969657907003
2022-10-11,1284.8,1286.51,1274.84,1286.0,152287924,6712188481259,1511466829315635,-0.0206307259974563,0.009522164742085337,-0.08063397650826787,0.23396974901278023,-0.35602760167853464,0.010221452397051634,-0.019601598068063608,7079278460765.25,0.9481458482611279
2022-10-12,1287.57,1298.17,1283.4,1296.37,142348523,6214727879474,1523572488637475,0.008063763608086916,-0.007236832028916784,-0.07790083150175353,0.23575611431306046,-0.3508347604883375,-0.06526716458489512,-0.07411302635108541,6971034842903.2,0.8915072180138145
2022-10-13,1292.53,1292.89,1275.69,1275.69,151878147,6250798647534,1497438430313380,-0.015952235858589625,-0.023327923072211654,-0.1192844863890864,0.20133685985193583,-0.3611903975002253,0.06694571744871558,0.0058040784342521246,6841790219565.3,0.9136203313657213
2022-10-14,1299.0,1311.93,1294.57,1307.94,146026311,6264550392212,1534772718421405,0.02528043646967526,-0.007866131638233687,-0.07909059545016084,0.22378979577963973,-0.3450410119280113,-0.038529809031710105,0.0021999980248004203,6791489801376.4,0.9224118088114323
2022-10-17,1291.58,1310.78,1287.58,1308.78,133077341,5986172990771,1537713024045850,0.0006422312950133957,-0.003282334036509238,-0.07189255119986393,0.2240585725385491,-0.3446203767689211,-0.08867559490700272,-0.044436932263658524,6740453599089.45,0.8880964615763628
2022-10-18,1326.35,1328.47,1310.43,1328.47,143849094,7146296090747,1562051207854350,0.015044545301731382,0.033024883359253465,-0.05144517750549793,0.23318035990966196,-0.3347604883373895,0.08094355447032875,0.19380046346214597,6669653520475.95,1.071464367497914
2022-10-19,1327.59,1337.16,1315.33,1317.3,138481242,7096777190534,1550177456732685,-0.008408168795682291,0.016145082036764347,-0.05220669707740344,0.2334274368653836,-0.3403539344410059,-0.03731585546169658,-0.0069293098948303156,6724582449182.3,1.0553483794963296
2022-10-20,1308.43,1312.09,1294.6,1304.0,159910486,7068648488485,1535135053635325,-0.01009640932209821,0.022191911828108646,-0.0650453137547321,0.23372492697510702,-0.34701399112660114,0.15474474152968676,-0.003963588160344034,6778245650521.75,1.0428433628605502
2022-10-21,1299.74,1311.93,1298.7,1303.27,119438475,5564502286236,1532999802816325,-0.0005598159509202505,-0.003570500175849145,-0.05659953961750619,0.23270569967310992,-0.3473795431100962,-0.25309166404509587,-0.21279120113261973,6772945551191.7,0.8215778857482363
2022-10-24,1326.61,1330.06,1313.7,1318.04,132373547,6196183801202,1550078470404665,0.011333031528386384,0.007075291492840696,-0.03647116446016985,0.23634768204398351,-0.3399833748960931,0.10829903847985323,0.11351985900490824,6772911489625.4,0.91484789232713
2022-10-25,1317.44,1328.36,1313.86,1318.21,133244325,6279466716928,1548961133047920,0.00012897939364520106,-0.007723170263536194,-0.022635941693728956,0.23189384052500875,-0.3398982463519915,0.006578187407790814,0.01344100149350691,6772321993902.45,0.9272250673523499
2022-10-26,1321.02,1334.18,1317.07,1326.84,141975642,6549008890805,1556393474744725,0.006546756586583324,0.007242086085174293,0.012383546592807937,0.20952758310277175,-0.3355767208484812,0.06552862195069098,0.04292437336284882,6688811233948.6,0.9790990748200454
2022-10-27,1335.79,1351.06,1332.58,1349.79,152614940,7794466309450,1584023019178450,0.017296735099936678,0.03511503067484667,0.027409459726895014,0.2176462446514136,-0.3240843673947661,0.0749374882206908,0.1901749469898657,6712873693923.75,1.1611221460200076
2022-10-28,1340.37,1348.31,1331.41,1333.1,149123535,7603110953781,1569061359188255,-0.012364886389734764,0.022888580263491054,0.040305903468726756,0.2019854294173562,-0.3324419874009755,-0.022877216345922657,-0.02455015495249513,6690715322599.45,1.1363674266785377
2022-10-31,1349.15,1355.16,1339.42,1353.43,137949340,7048977966178,1589435145560715,0.015250168779536555,0.026850474947649694,0.05775558212781262,0.20677092510506997,-0.3222616150387084,-0.07493247125613,-0.07288240181835459,6717376647880.6,1.049364705253207
2022-11-01,1357.15,1370.7,1354.04,1370.22,182546344,7489063804547,1610436181067345,0.012405517832470014,0.03945501854787925,0.07563566140972,0.2075021099401986,-0.31385391941832164,0.32328537418156555,0.062432573981731077,6734983188701.5,1.1119647361719527
2022-11-02,1363.68,1374.6,1361.34,1369.33,195670712,8651805184813,1609536584317250,-0.0006495307322912369,0.03202345422206143,0.048636106048306704,0.19190727061255272,-0.31429959238450067,0.07189608793260738,0.15525857578620705,6824000742723.25,1.2678493908487367
2022-11-03,1345.08,1367.72,1341.13,1358.16,168132908,7619188631534,1597382774530355,-0.00815727399531141,0.006200964594492486,0.039811355423531536,0.19547217305396913,-0.319893038488117,-0.14073544128566362,-0.11935272827127563,6805879371612.4,1.1195009807717053
2022-11-04,1355.39,1369.08,1347.26,1369.08,166306605,6963853301101,1610710619351210,0.008040289803852074,0.026989723201560345,0.0385114275094629,0.19489969037860325,-0.3144247814199441,-0.010862257851389834,-0.08601117023415372,6867308832359.05,1.014058559342348
2022-11-07,1376.82,1386.04,1372.38,1385.19,156995451,6919990512891,1629972435434325,0.01176702603208013,0.023466304130985716,0.05490865058754557,0.19654924467419438,-0.3063575999759637,-0.055987878533146684,-0.006298637595232637,6870988926024.1,1.0071316643636705
2022-11-08,1394.92,1407.35,1391.52,1404.95,170667352,7874156504255,1651820892532080,0.014265191056822557,0.025346294755586696,0.09249611197511665,0.17981446253295058,-0.29646265861450793,0.08708469521196505,0.13788544790437474,6929087327173.9,1.136391581236797
2022-11-09,1410.99,1422.3,1407.2,1418.18,166977542,7645500178750,1667019294984455,0.009416705220826271,0.035674380901608904,0.09396237185371481,0.1802343608418065,-0.28983765485883684,-0.02161989365136452,-0.02903883423976139,7000625942137.7,1.0921166538452962
2022-11-10,1406.25,1416.26,1399.29,1399.3,174977335,8205509371957,1647573898330165,-0.013312837580561121,0.030290981916710757,0.09689658145787772,0.17645386235170257,-0.2992919308155315,0.04790939490533397,0.07324690080624108,7098361478358.85,1.155972317974165
2022-11-11,1441.65,1455.59,1439.99,1454.18,281649934,13258113867964,1707588161480015,0.03921960980490247,0.06215852981564263,0.11180941021759416,0.20296871093143734,-0.27181043375496994,0.6096366652286709,0.6157575681132836,7448039652146.45,1.780080999453748
2022-11-14,1455.89,1460.98,1444.74,1447.6,227524781,10883488154431,1704106932284255,-0.004524886877828149,0.04505519098463018,0.10606824676416204,0.2053862492098458,-0.27510540916784354,-0.19217172264631166,-0.17910735547918943,7692905410329.45,1.4147435297745214
2022-11-15,1453.05,1454.99,1442.31,1454.34,182231150,8133165426831,1712576991117420,0.00465598231555675,0.0351542759528809,0.09474809367166737,0.20201915449714505,-0.2717303127722862,-0.19907119919390226,-0.2527059972477904,7742248877133.65,1.050491343781508
2022-11-16,1457.38,1457.38,1435.33,1452.09,180181691,8576684242433,1707869580589665,-0.0015470935269606967,0.023910928090933314,0.102322933272603,0.19757304074290424,-0.2728570140912778,-0.011246480088612731,0.05453212769272442,7816244229728.6,1.097289694430493
2022-11-17,1443.05,1444.52,1429.08,1429.08,159377711,7155286470022,1682136535224840,-0.01584612524017104,0.02128206960623169,0.09592024539877286,0.20432174741838585,-0.28437941291349944,-0.11546112085272864,-0.1657281219913237,7820576128805.45,0.9149308634266732
2022-11-18,1432.89,1445.82,1427.73,1429.46,152506104,6545332319666,1682025844478935,0.0002659053376998788,-0.016999271066855615,0.09682567695105404,0.2040623846169386,-0.28418912557962517,-0.04311523209164425,-0.08524524530380184,7869617630476.95,0.8317217718835102
2022-11-21,1430.23,1432.14,1410.39,1417.53,141301888,5945275747171,1667902954278440,-0.008345808906859986,-0.020772312793589376,0.07548329337501136,0.20751708865231538,-0.29016314635099005,-0.07346732823231783,-0.09167702160699764,7857072227775.4,0.7566782606571896
2022-11-22,1409.92,1419.11,1403.37,1404.83,143045456,5829720755391,1654931754901435,-0.008959246012430144,-0.03404293356436594,0.06571031929662174,0.21206389056601319,-0.2965227493515208,0.012339311418117838,-0.01943643940064277,7834584929698.55,0.7441007797735762
2022-11-23,1417.87,1419.94,1409.78,1416.72,178105394,6610017603883,1668585104918600,0.00846365752439815,-0.024357994339193723,0.06773989328027508,0.21256517500779984,-0.290568758825827,0.24509648177849153,0.13384806601078192,7837635365352.45,0.8433688600905912
2022-11-24,1427.53,1432.16,1422.59,1431.9,126145011,5957449797732,1686023540723735,0.010714890733525273,0.00197329750608799,0.060831684928766894,0.20808114960045343,-0.28296728059369647,-0.29173952474454534,-0.09872406478428353,7745784539766.55,0.7691215482623729
2022-11-25,1431.55,1434.78,1424.49,1425.48,108576968,4991167806171,1680663969071520,-0.004483553320762668,-0.002784268185188843,0.06929712699722468,0.20213925450795533,-0.2861821350238861,-0.1392686310836344,-0.1621972529132958,7615187382386.05,0.6554228485192085
2022-11-28,1415.65,1415.65,1403.91,1407.23,127455390,5591505588545,1659388182128785,-0.012802705053736263,-0.007266160151813361,0.0397508552344783,0.2048941282226991,-0.29532093461126296,0.17387133153322165,0.12028002377154134,7542313763504.4,0.7413514955584409
2022-11-29,1405.02,1424.05,1401.68,1423.18,127272105,5259400276509,1677961840225670,0.011334323458141116,0.013062078685677436,0.03865072762038224,0.20420877249868724,-0.2873338741499665,-0.0014380325539783412,-0.05939461327131024,7430830587102.5,0.7077809425015832
2022-11-30,1417.84,1445.58,1416.44,1445.55,249429276,10371101020831,1701741108526760,0.01571832094323966,0.020349822124343442,0.05566225818465975,0.20961158055656195,-0.27613195925848033,0.9598110363618171,0.9719170391257921,7516795378903.4,1.3797237383817151
2022-12-01,1466.38,1467.49,1449.54,1451.76,170200477,7714142647738,1708426607924055,0.0042959427207638345,0.013869683637125485,0.0689167697473052,0.2056049485556924,-0.27302226361806325,-0.31764033585215556,-0.2561886503425561,7521543079713.6,1.0256063903354966
2022-12-02,1446.2,1446.2,1420.25,1420.25,147810445,6799954215065,1672863338672015,-0.021704689480354866,-0.0036689395852624873,0.037375463815116694,0.22309942783926312,-0.28880108964536455,-0.13155093566512155,-0.11850810575055482,7513348125411.8,0.9050497995781742
2022-12-05,1426.27,1430.5,1412.16,1416.55,149165156,7175830177183,1666987366479825,-0.0026051751452209615,0.006622940102186448,0.022639493499086782,0.22051201956062944,-0.2906538873699286,0.009165191269128403,0.05527624896139205,7526140108626.4,0.953454237313244
2022-12-06,1402.62,1412.81,1396.51,1398.36,129500608,5928011245231,1646902275330585,-0.012841057498852892,-0.017439817872651475,-0.004690558382860699,0.22022031363244396,-0.2997626415887992,-0.13183070716595502,-0.17389192624982852,7428832845675.2,0.7979734324863798
2022-12-07,1393.37,1399.56,1388.77,1390.25,131400732,5654930041140,1638049009328600,-0.005799651019765983,-0.038255335339490104,-0.019694256018277012,0.21807149357363761,-0.30382377389858684,0.01467270331271342,-0.04606624258864045,7329304338794.7,0.7715507201969934
2022-12-08,1392.38,1393.56,1381.08,1390.71,153562184,6843607901790,1637525442544805,0.00033087574177304013,-0.042052405356257205,-0.00613878367755305,0.21309655287519358,-0.3035934260733708,0.16865546837288536,0.210202045295395,7261209265286.35,0.9424887304250029
2022-12-09,1398.2,1409.14,1393.81,1406.82,164049801,7368702591459,1666129836552169,0.011584011044718068,-0.009456081675761396,-0.03256818275591755,0.16161329254895154,-0.29552624462939037,0.0682955707376498,0.076727757814947,6966738701461.1,1.057697569440002
2022-12-12,1397.09,1402.93,1394.23,1398.39,144358668,5166563956197,1656203352958280,-0.005992237812939671,-0.012819879284176272,-0.03399419729206954,0.16204828050970452,-0.2997476189045458,-0.12003143484459333,-0.29885025320664727,6680892491549.4,0.7733343954766732
2022-12-13,1405.46,1408.15,1393.27,1398.06,155037497,5849436866877,1656421496357720,-0.00023598566923399567,-0.00021453702909124406,-0.03869796608770992,0.1604344823377477,-0.29991286843133136,0.07397428327615208,0.13217157795190615,6566706063551.7,0.8907718436407743
2022-12-14,1404.3,1416.49,1403.12,1415.79,231040089,5548087875230,1677922255614380,0.012681859147676056,0.018370796619312957,-0.024998450509265968,0.16861807167700346,-0.2910344620376769,0.49022071092904707,-0.05151760733642885,6415276245191.55,0.8648244694666836
2022-12-15,1404.32,1410.4,1391.58,1391.58,150408515,5488716082098,1650042331925524,-0.01709999364312509,0.0006255797398451168,-0.026240658325636046,0.17011356393068736,-0.3031577682300274,-0.34899386660122,-0.01070130727328078,6331947725795.35,0.8668290263575364
2022-12-16,1371.92,1389.72,1370.23,1389.72,168215044,6113987153886,1649074128788323,-0.0013366101841072453,-0.01215507314368569,-0.027800707959649062,0.17001624006747856,-0.3040891746537271,0.11838777212845963,0.11391936883516074,6310380467506.35,0.968877738096518
2022-12-19,1384.83,1393.08,1380.04,1386.65,113462577,4255423697311,1644379027878383,-0.002209078087672345,-0.008395368960018357,-0.0217843714066015,0.1680532462345553,-0.3056264960089735,-0.3254909055577693,-0.3039855023891753,6225887865013.35,0.6835047128337374
2022-12-20,1381.6,1384.88,1367.85,1372.61,120969812,4507231966438,1628356433954156,-0.01012512169617441,-0.018203796689698626,-0.02293515941430635,0.16883041214970226,-0.31265711223948167,0.06616485539544903,0.05917348941918932,6159763425565.7,0.7317216027698442
2022-12-21,1381.06,1381.74,1368.02,1370.26,108453298,4291121251544,1627276549583876,-0.0017120667924610533,-0.03215872410456355,-0.03279405951775938,0.16500122165564832,-0.31383388917265076,-0.10346807846572503,-0.04794754663243772,6043818607948.75,0.7100016611849294
2022-12-22,1377.14,1390.72,1374.01,1390.72,275060457,8441491247016,1651100277064486,0.014931472859165407,-0.0006180025582430693,-0.028758991549689306,0.16978945774322646,-0.30358841851195306,1.5362110887582228,0.9671994222905362,6168020680412.95,1.3685899714672878
2022-12-23,1370.45,1375.92,1362.21,1364.73,146571835,5362203171431,1620774640943036,-0.018688161527841696,-0.017982039547534745,-0.04261722367202625,0.1803643636419582,-0.3166030706366614,-0.467128657464566,-0.36478010643836223,6186572448675.95,0.8667486263057694
2022-12-26,1363.71,1370.03,1358.61,1366.9,131090084,4658295835354,1625125411645917,0.0015900581067318509,-0.014242959650957343,-0.028659138875663515,0.17623996210338386,-0.3155164298090116,-0.10562568859153598,-0.1312720375511527,6139911961016.4,0.7586909820418445
2022-12-27,1373.87,1379.56,1370.39,1376.54,172843926,6359071857464,1636992211641684,0.007052454458994717,0.0028631585082434796,-0.03277168032153355,0.17275939851353836,-0.31068914060230957,0.3185125886409532,0.36510691510874205,6194895540064.15,1.0265018701829716
2022-12-28,1354.9,1354.98,1341.3,1343.59,190819913,7307769497295,1598198478968154,-0.02393682711726508,-0.01946345948944006,-0.07053370689356997,0.17729579786131225,-0.3271890554737654,0.1040012652802158,0.14918806723617384,6041728963887.35,1.2095493758450657
2022-12-29,1334.49,1338.74,1316.55,1316.55,152185561,5844387664185,1566228585946799,-0.020125186999010114,-0.053332086976530246,-0.09313522896346504,0.1839542128118302,-0.3407295015473365,-0.2024649911668286,-0.20025013564695449,5948241214709.7,0.982540460822625
2023-01-02,1324.89,1330.04,1307.15,1309.85,122417755,4871437929885,1556809950593969,-0.0050890585241730735,-0.040213082441215575,-0.07773279352226725,0.17283604062044977,-0.34408456769722284,-0.19560203875057502,-0.16647590649441935,5851815400450.7,0.832466097531
2023-01-03,1313.66,1315.74,1285.98,1309.92,134878497,5464007590930,1553762283565954,5.3441233729190074e-05,-0.0416855658789963,-0.07527443436518289,0.17337359604322572,-0.3440495147672986,0.10178868253220297,0.12164163221904967,5766224271138.05,0.9475884623980463
2023-01-04,1304.09,1340.71,1302.49,1337.78,140568486,6130263611639,1581547627132264,0.02126847441065105,-0.028157554448108968,-0.04332217740782052,0.1912626259349271,-0.33009844865747284,0.0421860350356662,0.12193541272068398,5776336889458.45,1.0612718283150087
2023-01-05,1345.05,1354.09,1337.09,1345.44,170270293,7004325536180,1589101797345009,0.0057259041097939,0.001376908134177901,-0.032231613019241157,0.19271005578797268,-0.32626265661148335,0.21129776556034052,0.1425814581417828,5843806664210.45,1.1985895390887895
2023-01-06,1340.15,1369.18,1338.92,1362.12,154410684,6318535247576,1607076551628234,0.012397431323581731,0.034613193574114076,-0.020557844554220606,0.19894494385879974,-0.3179100441666918,-0.09314372296287765,-0.09790953962114313,5817553031499.75,1.0861156251371717
2023-01-09,1378.06,1397.89,1376.0,1397.42,144635592,6634286485115,1647566546352044,0.025915484685637313,0.06685498339504536,-0.006681736114072745,0.21664949798376665,-0.3002333523620667,-0.06330580078254167,0.04997222064403806,5780832226182.55,1.1476351891111776
2023-01-10,1392.39,1406.66,1390.18,1395.05,138804226,6138578141748,1644148405380804,-0.0016959825964993902,0.06498870160009762,-0.002388461015882637,0.21567287376732194,-0.3014201444180713,-0.040317641870612264,-0.07471916452194138,5829432935460.1,1.0530317802281228
2023-01-11,1405.06,1409.26,1394.78,1400.9,127617317,5907006900071,1651943382461909,0.004193398086090205,0.047182645876003626,0.0020313863496561613,0.21618975774585755,-0.2984907209886929,-0.0805948732425481,-0.03772392178281514,5832311437119.8,1.012807180096008
2023-01-12,1411.27,1412.29,1398.32,1402.68,158095499,6917785295948,1655077704826514,0.0012706117495895342,0.04254370317516942,-0.009259847858792525,0.2111808518726129,-0.29759937505633505,0.23882481403366285,0.17111515408333977,5900796308155.7,1.1723477535373799
2023-01-13,1409.7,1422.71,1408.04,1415.31,150697776,6230522739101,1670178456316419,0.009004191975361397,0.039049422958329805,0.017052558961755615,0.20397621806406546,-0.29127482498572843,-0.04679274898268926,-0.09934719385546043,5937886641005.85,1.0492828704533133
2023-01-16,1418.44,1432.7,1417.48,1425.61,155582761,6053578495820,1680403583508239,0.007277557566893522,0.02017289004021694,0.025825346112885894,0.2049991635868922,-0.2861170367254555,0.03241577367405868,-0.028399582296770642,5934866208102.55,1.0200025212961632
2023-01-17,1426.23,1427.84,1411.56,1415.2,133785480,5681110623039,1668787805624774,-0.007302137330686409,0.014443926740977053,0.02058918977391544,0.2069613301482812,-0.29132990816132354,-0.14010087531484283,-0.061528544321047374,6006150554388.95,0.9458821539009824
2023-01-18,1414.61,1416.79,1399.52,1407.63,119180446,5155127968112,1661371800425434,-0.005349067269643792,0.004804054536369451,0.025513437902973335,0.20420148383740663,-0.2951206321545533,-0.10916755689780389,-0.09258447684400761,6038545354472.65,0.8537036099751544
2023-01-19,1399.24,1416.12,1398.91,1416.12,119343786,5265758860056,1670837746580735,0.006031414505232036,0.009581657969030655,0.03346810094434627,0.2045165835668734,-0.2908692125108915,0.0013705268396126957,0.021460358041221816,6087277234898.25,0.8650433776644014
2023-01-20,1416.7,1424.71,1410.44,1423.52,126321601,4833209808885,1680073274292475,0.005225545857695746,0.005800849283902565,0.02358490566037741,0.199033094742724,-0.2871636170617633,0.05846818869982884,-0.0821437256559826,5906863162991.7,0.8182362915001204
2023-01-25,1447.2,1449.59,1442.17,1446.85,146654108,6510010465098,1704135564761660,0.01638895133190954,0.014898885389412309,0.060173074527562154,0.19124294427483599,-0.275480976274174,0.16095827506176086,0.34693314019401744,5964253527675.05,1.0915046509828186
2023-01-26,1451.65,1467.31,1445.75,1467.31,154151060,7829973186674,1727924720845500,0.014141065072398762,0.03682165065008469,0.07345819006511078,0.19516920668820956,-0.2652355056134764,0.051119959080859756,0.20275892468263934,6122837395241.05,1.278814490935169
2023-01-27,1470.3,1485.32,1465.22,1478.26,195953017,8429237934919,1741156748583465,0.00746263570751915,0.05017653786861587,0.0738954189489589,0.19527022403628785,-0.2597522258610502,0.27117528092249255,0.07653471269415091,6226345699113.8,1.3538017871572308
2023-01-30,1479.35,1483.64,1453.52,1454.75,169224260,7958648970603,1708876167669425,-0.015903832884607616,0.02727876168686283,0.08273357199741005,0.18184246138028323,-0.2715250027541588,-0.13640390645273914,-0.05582817426075204,6258889672779.2,1.271575213286838
2023-01-31,1454.48,1456.48,1430.75,1431.57,238243164,9726609272622,1685837182224770,-0.01593400927994504,0.005654996066089657,0.08736470320154943,0.17493114649630212,-0.283132530120482,0.407854665755371,0.22214326936008177,6453000753201.05,1.5073001917436717
2023-02-01,1446.01,1451.84,1439.69,1450.76,195773333,8169124565358,1707191722261765,0.013404863192159722,0.0027024225040606087,0.10757720349658362,0.17414619326876776,-0.2735230197598374,-0.17826253768187872,-0.160126171784029,6617885084974.7,1.2344010904488576
2023-02-02,1472.24,1475.73,1455.47,1463.91,199649154,8807807242122,1720906095441845,0.009064214618544897,-0.0023171654251656904,0.1175567973616709,0.17356516215394868,-0.26693807649550816,0.01979749203125647,0.07818251168214507,6785075067534.3,1.2981149293787788
2023-02-03,1462.37,1475.31,1457.37,1472.4,183340178,8479095885711,1729885714216130,0.005799536856774035,-0.00396411997889401,0.10062940094783901,0.1634705648280078,-0.2626866568518462,-0.08168817985574839,-0.037320453022517075,6902516681237.9,1.2284064316365195
2023-02-06,1459.41,1463.99,1442.55,1442.57,177862478,7297329575260,1698582932289605,-0.02025944036946492,-0.008372572606977213,0.07219199667023424,0.1860938699171876,-0.27762421256096714,-0.029877248182883287,-0.13937409440580995,6917166883191.9,1.0549593060985505
2023-02-07,1445.46,1455.32,1440.55,1451.49,169862743,8213729220077,1708111808161610,0.006183408777390431,0.013914792849808233,0.06561095938683836,0.18346713552317626,-0.2731574677763423,-0.04497708055096361,0.12558013659186407,7011926581816.95,1.1713940704080554
2023-02-08,1463.79,1477.24,1462.07,1474.11,170272165,8250771867043,1732161220991530,0.01558398611082401,0.01609501226943122,0.0548797068884086,0.16968314161630188,-0.2618303638494127,0.002410310776625124,0.004509845159669457,7092750850913.35,1.1632682495791502
2023-02-09,1465.51,1476.0,1462.32,1472.71,182437058,10089651621799,1732162855822285,-0.0009497255971399055,0.006011298508788121,0.05566825561807831,0.1694455196370313,-0.2625314224478963,0.07144381467164651,0.22287366374790296,7290304524915.9,1.3839821899504798
2023-02-10,1466.12,1469.37,1458.05,1466.7,182795073,9940095111706,1724070690468560,-0.004080912060079656,-0.003871230643846757,0.04696980512527649,0.171059294972024,-0.26554096685995854,0.0019624028359412904,-0.014822762539182133,7491958935497.65,1.3267684990381936
2023-02-13,1462.2,1464.75,1450.81,1459.47,159120703,8151038395188,1717569980421225,-0.004929433421967722,0.011715202728463936,0.040486782445033676,0.17298450321948322,-0.26916143376498514,-0.12951317347596125,-0.17998386297240843,7553621590459.65,1.0790901155920887
2023-02-14,1472.24,1477.2,1464.46,1468.41,150990159,7737903583610,1728170571841975,0.006125511315751675,0.011656986958229254,0.03751828221379072,0.1717454086687713,-0.2646846738575248,-0.051096707384456486,-0.050684930133796935,7628990632685.1,1.014276194082384
2023-02-15,1472.75,1473.32,1440.7,1443.41,188653121,10136222558070,1698885676984975,-0.01702521775253507,-0.020826125594426315,0.012485883235948236,0.18295082867408058,-0.27720357740187684,0.24943984594386714,0.3099442825237557,7833122835797.6,1.2940206314328644
2023-02-16,1453.05,1473.15,1451.44,1472.73,191866811,10240039565293,1733419124150360,0.020313008777824715,1.3580406190039085e-05,0.040651498021480936,0.19295011251288308,-0.2625214073250608,0.017034915632273107,0.010242179138060248,8061069282910.3,1.2703078470001716
2023-02-17,1454.11,1469.57,1453.67,1456.62,166204535,8665749251783,1715337578273225,-0.010938868631724885,-0.006872571077930156,0.03480317981287673,0.19678090064119752,-0.27058858876904135,-0.1337504692252377,-0.1537386944134287,8236600347093.85,1.0521026742350768
2023-02-20,1458.27,1469.79,1447.01,1465.17,198921066,8986385811476,1724809380073750,0.005869753264406752,0.0039055273489692066,0.03463689517837487,0.19673546433534408,-0.2663071237568728,0.19684499583600412,0.03700044282114767,8422631694664.85,1.0669332504671016
2023-02-21,1466.96,1469.67,1457.28,1465.17,175843481,8559048267306,1729195611528075,0.0,-0.0022064682207285635,0.02925845790715975,0.19639473390025783,-0.2663071237568728,-0.11601378106429416,-0.0475538835228142,8608923617585.9,0.9942065521201724
2023-02-22,1448.13,1452.08,1437.61,1438.83,193644117,9213073689876,1698716850302150,-0.017977436065439556,-0.003173041616727157,-0.005543076338252018,0.19973360492496947,-0.27949704053120217,0.10123000237921809,0.07641333500457725,8744076778824.8,1.0536359552774002
2023-02-23,1447.31,1460.95,1442.23,1453.94,180323951,8127978018768,1714938360156515,0.01050158809588364,-0.01275861834823755,-0.009111912274842981,0.19666125792304906,-0.27193061522899575,-0.06878683538834285,-0.11777781309839974,8758977020429.5,0.9279597377422325
2023-02-24,1455.74,1461.4,1440.93,1442.02,154959339,7089455605443,1701640609259460,-0.008198412589240367,-0.010023204404717712,-0.02451530853841677,0.19622968699784998,-0.2778996284389428,-0.14066135895613774,-0.1277713117489968,8691987903955.7,0.815631094265169
2023-02-27,1430.0,1432.0,1418.84,1430.31,156102910,7626548551294,1687943775571455,-0.008120553112994311,-0.023792460943098837,-0.016800137480666777,0.190333698546336,-0.28376348285911734,0.007379813358651566,0.07575940604503417,8675382882990.25,0.8791022429969413
2023-02-28,1438.32,1447.36,1432.77,1435.77,178311669,10016268272463,1694422401351345,0.003817354279841423,-0.020065930915866503,0.002933841865923492,0.18221387012003512,-0.28102935432503084,0.14226998715142458,0.3133422288072283,8689865832982.3,1.1526378502239187
2023-03-02,1438.66,1454.46,1434.03,1440.05,186215340,9681353307068,1699632282252505,0.002980978847586968,0.0008479111500316883,-0.007382337533430761,0.17584729182633715,-0.2788861180382378,0.04432503517198305,-0.03343710015393231,8765477270067.8,1.104486727736745
2023-03-03,1447.17,1449.84,1437.92,1444.16,177323093,9455134028424,1706953519503125,0.002854067567098495,-0.006726549926406866,-0.013491266539609637,0.1728109651802672,-0.27682801029554627,-0.047752494504480714,-0.023366493450749815,8797843609382.9,1.0747104004372274
2023-03-06,1458.08,1467.87,1451.93,1466.46,199225923,11910278445743,1732160069790075,0.0154415023266119,0.016948447316958104,-0.004034229828850933,0.18076937792365746,-0.26566114833398435,0.12351933202518639,0.2596625716714698,8969402737384.5,1.3278786552978517
2023-03-07,1461.76,1470.69,1460.13,1460.92,212265935,12263367622525,1726599298300110,-0.0037778050543485486,0.021400955037719216,0.012720353258420802,0.16524018643798327,-0.2684353373594127,0.0654533898181513,0.029645753320586943,9217704639747.75,1.3304144688737387
2023-03-08,1444.36,1450.12,1440.11,1443.29,216266441,12004874616276,1705702681891100,-0.012067738137611972,0.00523760769482573,-0.005649367201978728,0.16981990385280937,-0.2772636681388897,0.018846669862500498,-0.0210784683461831,9407261909557.7,1.276128456047253
2023-03-09,1448.71,1450.98,1434.85,1437.33,218160401,11017332990659,1698724979475665,-0.004129454233037011,-0.0018888233047463787,-0.02495064818772008,0.15958209976065907,-0.2802481747438633,0.008757530716474005,-0.08226171927511083,9545589965738.5,1.1541804152706068
2023-03-10,1418.5,1423.72,1412.82,1418.94,172713531,8807917555113,1677501848385220,-0.01279455657364692,-0.017463438954132493,-0.03651092204167827,0.16477562509867186,-0.2894570801910885,-0.20831860315474948,-0.20053995258373725,9481503262404.2,0.9289579206324715
2023-03-13,1422.6,1432.13,1405.61,1430.07,174779169,9728131524090,1689622543787270,0.007843883462302692,-0.024814860275766182,-0.02497443239926378,0.1679982046205173,-0.28388366433314305,0.011959908340939407,0.10447577003520148,9470905083023.4,1.0271596472366382
2023-03-14,1417.6,1418.5,1393.91,1394.0,183331024,9689711578348,1646623460460475,-0.025222541553909905,-0.04580675190975558,-0.04485875009421225,0.1881862471248135,-0.30194593836693406,0.04892948655683327,-0.003949365368556057,9547838742181.4,1.014859157134674
2023-03-15,1414.92,1422.0,1405.84,1412.46,157122200,9172613046325,1668309377568325,0.013242467718794781,-0.021360918457136058,-0.03810243733017349,0.1939813871865859,-0.29270197998978453,-0.14295902258201532,-0.05336573001599709,9619574215317.15,0.9535362835206928
2023-03-16,1399.2,1413.53,1391.3,1409.07,202231450,9841703293206,1665525712843935,-0.0024000679665265867,-0.019661455615620604,-0.023790884086988595,0.18559131289456174,-0.29439954331039875,0.2870966037899163,0.07294434459426702,9604848252073.95,1.0246599461975787
2023-03-17,1426.95,1428.9,1415.76,1426.71,219110706,10802397411278,1684531905774450,0.012518895441674394,0.005475918643494504,-0.031248090281314256,0.1754267839196103,-0.2855662049695039,0.08346503968596375,0.0976146190807432,9632966144373.2,1.1213988764600702
2023-03-20,1423.26,1433.39,1416.02,1416.71,150110821,8171217270027,1673997432395160,-0.007009132900168913,-0.009342200032166237,-0.027399047109060604,0.17317077676866088,-0.29057376638724475,-0.31490877949158724,-0.24357372174661673,9608239545285.4,0.8504385461576546
2023-03-21,1427.3,1428.33,1417.69,1420.62,153357030,7379792528895,1678735084618845,0.002759915579052752,0.019096126255380153,-0.0304060279694508,0.17180202425370333,-0.28861580987290814,0.021625416331578107,-0.09685518264641435,9527909881156.35,0.774544744959254
2023-03-22,1434.53,1438.7,1427.74,1438.0,153073210,8363943957218,1697381551529685,0.012234094972617626,0.01808192798380137,-0.01854392323075138,0.17856185976085784,-0.2799126681288746,-0.0018507139842236509,0.13335760110729833,9518154665651.95,0.878735873813951
2023-03-23,1425.99,1445.03,1425.32,1445.01,195192637,12627154011608,1703686728949245,0.004874826147426958,0.025506184930486064,0.004295156481307849,0.16762222559420678,-0.27640236757503833,0.2751587100054935,0.5097128909754223,9688858681738.55,1.3032653717416185
2023-03-24,1444.11,1447.01,1431.73,1440.75,246979122,11329862273848,1698719097059110,-0.0029480764838997198,0.009840822591837162,-0.009071901178865693,0.1634785610999429,-0.27853558873899587,0.26530962333379415,-0.10273825254427205,9848952894492.55,1.1503621141475415
2023-03-27,1443.1,1443.19,1426.99,1435.06,185546641,10556303442786,1693424862381575,-0.003949331945167445,0.012952544980977088,-0.004826562738380891,0.1614754356134493,-0.28138489118569043,-0.248735522673046,-0.06827610189468558,10022295286359.7,1.053282021849135
2023-03-28,1441.07,1450.12,1437.9,1450.12,272577609,11060235037344,1710735333783890,0.010494334731648847,0.02076558122509886,0.013850144374296436,0.1628670495473358,-0.27384350369057286,0.4690517032857522,0.04773750558509926,10193979610662.2,1.0849771590454975
2023-03-29,1447.14,1455.36,1445.18,1455.22,320967382,11668317191049,1717764414176770,0.0035169503213527964,0.01197496522948538,0.01354673798728201,0.16279519695286035,-0.2712896473675249,0.17752658840000324,0.054979134860322576,10276582056591.5,1.135427822868872
2023-03-30,1463.02,1466.9,1455.7,1460.51,352247180,13525372210057,1723956240047845,0.003635189181017351,0.010726569366301897,0.014207840005555417,0.16293204271353057,-0.2686406473775401,0.09745475632162526,0.15915362846260162,10468783001740.95,1.2919717800825314
2023-03-31,1467.22,1479.66,1465.48,1478.79,367067969,15497729482304,1745516474818290,0.012516175856378986,0.02640291514836024,0.02397933746953229,0.1681098105863161,-0.2594868251059099,0.04207496849229564,0.1458264690697697,10770912774434.95,1.4388501519656047
2023-04-03,1484.69,1484.75,1470.74,1473.64,355176454,13362660903684,1738015490572975,-0.0034825769717132804,0.026883893356375532,0.004896144456719043,0.16013669046197204,-0.2620657192360464,-0.03239594844626714,-0.13776654064441607,10843531897332.0,1.2323162812820996
2023-04-04,1475.6,1484.52,1472.43,1479.45,277668981,14335134510042,1745656436415685,0.003942618278548249,0.020225912338289298,0.012683788297785048,0.15987854883789504,-0.25915632605233907,-0.21822244162615578,0.07277544595103036,10947120241707.85,1.3094890887766104
2023-04-05,1480.7,1491.48,1477.79,1490.0,224970780,11265285417001,1757160482554455,0.007131028422724617,0.023900166297879277,0.032363558259254965,0.15399337285602693,-0.2538733487566225,-0.18978785750648897,-0.2141486074574689,10910140781744.1,1.032551792168545
2023-04-06,1484.6,1485.05,1464.68,1466.25,242844625,12337592883112,1732894592500145,-0.01593959731543626,0.003930133994289653,0.02012064035398975,0.16516190644026457,-0.26576630712375693,0.0794496289695934,0.0951868884291851,10976153776366.75,1.1240360817171335
2023-04-07,1482.34,1495.1,1479.02,1493.25,248551640,13383753786118,1760236202494905,0.018414322250639437,0.009778264662325231,0.052370079073110976,0.16760353081418955,-0.25224589129585673,0.023500684851476494,0.08479457159248716,11204945587917.0,1.1944505826561573
2023-04-10,1493.35,1515.97,1492.45,1510.57,261129309,18180266311588,1779191451974830,0.011598861543612893,0.02506039466898291,0.05629095079261859,0.1696763365269538,-0.24357279492032968,0.05060384634758397,0.3583832011647641,11627552327291.9,1.5635505908595855
2023-04-11,1519.08,1532.95,1511.57,1530.93,305481107,17408822364442,1804415923940290,0.013478355852426738,0.03479671499543757,0.09822812051649943,0.13746920585295444,-0.23337739987380945,0.16984611252504034,-0.04243303887436933,12013507866596.6,1.4491040050714081
2023-04-12,1530.41,1537.96,1523.61,1532.72,276630267,17054723406750,1806246837153230,0.0011692239357776746,0.02867114093959744,0.08514223411636435,0.13419640771261898,-0.23248104638003386,-0.09444394215842622,-0.02034020166781969,12407613384617.85,1.3745369780697176
2023-04-13,1522.52,1536.31,1520.82,1536.31,290024070,16335802915438,1812394247092205,0.002342241244323695,0.047781756180733215,0.09030069478450331,0.1321773952689058,-0.23068333183106493,0.04841770622301422,-0.042153746746045884,12732318365729.45,1.2830187281059322
2023-04-14,1548.19,1549.93,1535.32,1540.68,328478394,14584119416241,1820256759198430,0.00284447800248655,0.03176293319939738,0.07988308766322527,0.12867643217075087,-0.22849502749151218,0.13259011226206163,-0.10722971550676508,12921404465977.6,1.128679119567952
2023-04-17,1541.07,1544.07,1533.79,1542.56,315533323,13788347460874,1824195798347895,0.0012202404133239142,0.021177436331980548,0.08883257688588353,0.1226116842695614,-0.22755360594497698,-0.03940920083772692,-0.05456427862767099,13202260975519.95,1.0443928874335078
2023-04-18,1547.0,1547.08,1531.14,1541.17,322579105,15618574725019,1821303371410355,-0.0009010994710091369,0.006688744749923314,0.08485731581985334,0.12390057889592684,-0.2282496569820428,0.022329755643590188,0.13273724565895062,13614200085326.15,1.1472267652253203
2023-04-19,1540.0,1546.93,1539.13,1541.42,253531699,12365779403185,1823335261084525,0.00016221442151098664,0.005676183516885036,0.07191933240611958,0.12077215390525622,-0.22812446794659935,-0.2140479805720833,-0.20826454264251326,13814291857624.5,0.8951439227310066
2023-04-20,1534.51,1539.77,1527.21,1533.24,255601257,12132013637171,1812478700972600,-0.005306795033151346,-0.0019982946150191028,0.06105840097992399,0.12458895872956542,-0.23222065318631135,0.008162916148800825,-0.018904248441775517,13789534838902.65,0.879798613869447
2023-04-21,1530.59,1533.07,1517.58,1522.99,226794295,11457845709157,1797652333425240,-0.006685189533275904,-0.011481943038138986,0.05708138122505635,0.12762335456022733,-0.23735340363949564,-0.11270273995561764,-0.05556933483394977,13795934010668.1,0.8305233774166283
2023-04-24,1518.55,1520.35,1509.12,1511.7,215827756,10380166984846,1785590279112930,-0.007413049330593058,-0.020005704802406377,0.053405432525469365,0.13061370437983655,-0.24300694048012494,-0.04835456288704265,-0.09405596406746253,13787127187771.1,0.752888317013061
2023-04-25,1516.47,1517.22,1481.36,1491.71,260138373,13118687173566,1763688867027820,-0.01322352318581732,-0.03209250115172246,0.02868038507158044,0.1385800000165533,-0.25301705575418887,0.2053054612679195,0.26382236362073597,13890049794582.2,0.9444665330633251
2023-04-26,1491.87,1498.18,1485.28,1488.14,224713242,10987985995077,1757008960898265,-0.0023932265654852403,-0.03456553048487754,0.022622009043306246,0.13899873213835037,-0.2548047551803222,-0.13617802937515877,-0.16241725641437188,13856033234783.6,0.7930109439614524
2023-04-27,1487.43,1500.93,1474.81,1498.29,208791918,11589265616869,1767985259901770,0.00682059483650721,-0.022794865774438455,0.025867676359627723,0.14020707640550406,-0.24972208034131538,-0.0708517391244794,0.054721549705414096,13759227905124.2,0.8422904029776944
2023-04-28,1510.41,1515.95,1496.36,1504.16,268267568,14392766450057,1774466474824245,0.003917799624905793,-0.0123638369260467,0.01715591801405214,0.13429338874661018,-0.24678264178910148,0.28485609294513026,0.24190495980239723,13703979753511.85,1.0502618005086177
2023-05-02,1507.44,1519.21,1506.17,1516.98,189581771,10223567009766,1788810797481225,0.008523029464950538,0.0034927564993054716,0.029410168019326166,0.1358673647894541,-0.2403629480515579,-0.29331088206681766,-0.2896732504316075,13547025058815.95,0.7546724808863364
2023-05-03,1506.44,1510.09,1500.18,1502.99,174782654,8926177695038,1772280081873740,-0.009222270563883472,0.0075617915010290915,0.01591131839534965,0.1406609593641593,-0.2473685264749772,-0.07806191978236132,-0.12690182531093863,13276577218065.75,0.6723252197028569
2023-05-04,1499.78,1503.55,1493.33,1502.83,163803933,8288346081780,1774170684715210,-0.00010645446742829634,0.00987138306879709,0.008610738255033556,0.1386910752902244,-0.24744864745766115,-0.0628135615791714,-0.07145629798660247,13127730251304.7,0.6313616994800958
2023-05-08,1516.3,1518.63,1510.31,1511.64,160233853,8957231509529,1782118659571715,0.005862273177937638,0.008910157579640865,0.03095652173913055,0.12544760097181853,-0.24303698584863143,-0.02179483687977135,0.08070191822942685,12958712182625.55,0.6912130914936475
2023-05-09,1510.19,1511.67,1500.09,1506.97,147917222,8724608749081,1776741314415235,-0.003089359900505406,0.0018681523242207732,0.009188012723924333,0.10930104828053042,-0.24537551703071636,-0.07686659697311282,-0.02597038607303248,12725754930773.7,0.6855867330890492
2023-05-10,1505.05,1505.6,1490.98,1495.78,158284018,7865640969969,1763561651847500,-0.0074254961943502895,-0.013975134807314604,-0.009791006044076012,0.10438322180475365,-0.2509789782571683,0.07008511828325159,-0.09845344402434997,12210023663692.75,0.6441953911488283
2023-05-11,1502.0,1507.33,1490.88,1491.01,154110841,8758910552381,1758613877169415,-0.0031889716402144774,-0.007970778248690968,-0.026075653361029016,0.09071203588483924,-0.2533675850534307,-0.026365119187206854,0.11356602542914196,11777528073089.7,0.7436968520070104
2023-05-12,1489.26,1491.89,1481.34,1483.84,151510238,7999740871761,1749678623614840,-0.004808820866392671,-0.012636159778551148,-0.03189101727647592,0.09103110124264632,-0.2569580065899508,-0.016874886822530577,-0.08667398486146538,11324778946340.25,0.7063926730637176
2023-05-15,1480.65,1486.59,1472.55,1486.33,131620835,7323186288466,1752220806339645,0.0016780784990295672,-0.01674340451430245,-0.032532496696630275,0.09067912076420545,-0.2557111237969334,-0.13127431692107827,-0.08457206228807113,10874148114991.65,0.673449194458726
2023-05-16,1498.41,1501.5,1488.77,1492.21,143912116,8041384185565,1757457485674795,0.0039560528281068486,-0.009794488277802493,-0.0314601344860711,0.09148992138043198,-0.25276667768330174,0.09338400717485196,0.09807177761272579,10547011353457.85,0.7624324954318574
2023-05-17,1493.06,1503.29,1489.96,1500.59,148481744,7242319371847,1767241010063310,0.005615831551859296,0.0032157135407613335,-0.027208017840472998,0.09455420481736809,-0.24857034121523502,0.031752906753174326,-0.09936906324565276,10219709949006.5,0.7086619295443953
2023-05-18,1511.83,1513.97,1504.84,1513.38,164690051,7200788559083,1781168477112990,0.00852331416309604,0.015003252828619695,-0.018031755095154978,0.10086972716034297,-0.24216567016194446,0.10916026821452207,-0.005734463040313109,9798820640709.7,0.7348627781966901
2023-05-19,1526.14,1533.23,1522.58,1533.13,235639802,9683588255981,1800858234625870,0.01305025836207685,0.03321786715548858,-0.005378157802545691,0.11237158809714713,-0.23227573636190646,0.43080775413689065,0.34479552850725237,9664711083349.5,1.0019532060988374
2023-05-22,1533.74,1549.59,1529.2,1544.06,170189120,7987199833562,1815202229413715,0.007129206264308907,0.038840634314048605,0.007056951292687241,0.11360672065649083,-0.22680247173231582,-0.2777573289592222,-0.17518180013191265,9457470393169.05,0.8445387087154934
2023-05-23,1548.54,1555.36,1544.97,1548.82,138425888,7211082246432,1821657649123175,0.003082781757185682,0.03793701958839568,0.016960058831640312,0.11081101186007368,-0.22441887249747117,-0.1866349153224366,-0.09717017268915384,9245132220032.8,0.7799869244494608
2023-05-24,1541.15,1548.76,1539.95,1544.78,141912167,6359423936271,1817522056157270,-0.0026084373910461034,0.029448416955997425,0.021882648673678506,0.10730793260945373,-0.2264419273102385,0.025185166231333822,-0.11810409048966197,9044095067604.05,0.7031575728400353
2023-05-25,1550.51,1552.08,1536.26,1537.88,156819503,7557193728007,1806915691005595,-0.004466655446082823,0.016188928094728272,0.030951056170435365,0.09567102031858522,-0.22989714468847955,0.10504621495914446,0.1883456432121966,8766020395326.1,0.8621008607322399
2023-05-26,1544.78,1551.04,1540.51,1544.77,165598193,8092430333562,1812252898152485,0.00448019351314799,0.0075923111543052535,0.03805421532920272,0.09502964972181072,-0.22644693487165624,0.055979580550003405,0.07082478295764871,8621242612250.35,0.9386617100953714
2023-05-30,1560.48,1565.85,1556.54,1565.25,180301720,10343528545831,1832330458424785,0.013257637059238547,0.013723559965286292,0.04469094768035564,0.10195726406383554,-0.21619144908812304,0.08879038311728449,0.2781733199398637,8558955758698.45,1.2085035648558986
2023-05-31,1565.54,1570.72,1556.01,1556.21,253098156,14130541568765,1824886461225075,-0.005775435233988158,0.004771374336591805,0.0346040314860121,0.10554397594452757,-0.22071828460976073,0.40374787328706563,0.3661239011575379,8545844514633.85,1.6534985564701008
2023-06-01,1552.98,1559.22,1549.53,1553.72,146798432,7997915853783,1822876829527670,-0.0016000411255550073,0.005787231838837892,0.024219172302864855,0.10297975265192029,-0.22196516740277816,-0.4199940674399856,-0.4339979246469877,8434561956834.7,0.948231324248217
2023-06-02,1564.57,1573.78,1562.83,1573.77,144095105,8219458856982,1846260248243020,0.01290451303967255,0.02333732150752965,0.04709279502857644,0.10318122812274333,-0.21192500676020798,-0.01841523075668816,0.02770009178006183,8399226014931.9,0.9785971757837787
2023-06-05,1583.59,1583.92,1574.29,1578.02,163671069,7409928893622,1853229079163345,0.002700521677246437,0.021524239854476823,0.05003227244598518,0.10278477322765289,-0.20979679315766808,0.13585446917159327,-0.09848944771739399,8355305155524.0,0.8868531736058763
2023-06-07,1581.81,1586.7,1577.15,1578.22,168582745,9654639386916,1854771714868140,0.00012674110594290688,0.008286216259383528,0.044044878410203436,0.10228471050579735,-0.20969664192931325,0.030009433127121676,0.3029327980766596,8390175549393.35,1.150707673525863
2023-06-08,1573.44,1576.74,1565.44,1575.97,206050180,11023561867939,1852661948268495,-0.0014256567525440245,0.012697515116854463,0.045787241949076574,0.10131445543031956,-0.21082334324830498,0.22224952500328543,0.1417890846216554,8505123205336.25,1.2961084280381314
2023-06-09,1583.77,1597.21,1579.48,1594.34,193542332,10947564945450,1893080544096060,0.01165631325469385,0.0261437067167829,0.06589204294749229,0.09974879874894979,-0.20162445292391518,-0.06070292197754934,-0.006894044175506431,8659219404110.3,1.264266954623356
2023-06-12,1598.25,1601.04,1581.98,1585.81,181318837,8942478797158,1883929614143540,-0.005350176248478999,0.007650419057422697,0.06358106250125761,0.10186152824338016,-0.205895902813248,-0.06315670000297402,-0.1831536198490742,8668397816349.15,1.0316184128388657
2023-06-13,1597.06,1601.1,1591.37,1597.13,184296530,10710768735973,1897994798346270,0.007138307867903482,0.012110112672843343,0.07634920207030427,0.09831483739115406,-0.20022734328836533,0.016422413960221816,0.19774046759573838,8803949209559.75,1.2165868385908831
2023-06-14,1597.79,1599.79,1579.55,1583.47,218955017,13827240258812,1880897823376520,-0.00855284165972714,0.0033265324226026127,0.06535560743576463,0.1073982904876768,-0.20706767218499933,0.18805827217690974,0.2909661854962915,9129151908077.05,1.5146248411726284
2023-06-15,1590.41,1593.7,1574.82,1579.47,198429151,10993767720384,1875852304970900,-0.0025260977473523516,0.002220854457889443,0.058477024011365675,0.1092358317048218,-0.20907069675209566,-0.09374467085173022,-0.20491959967371276,9276771084818.0,1.1850855884948988
2023-06-16,1588.29,1590.23,1579.63,1590.23,228223471,11189469299570,1889279765334840,0.006812411758374548,-0.0025778692123386016,0.05973650364190086,0.10971657016413314,-0.20368256066660662,0.15015092212937997,0.01780113825973806,9474128581204.15,1.1810552499539575
2023-06-19,1587.42,1588.18,1577.54,1583.15,199019123,10004920655796,1883888303670100,-0.004452186161750138,-0.0016773762304436168,0.04610210257833458,0.11060375025516232,-0.207227914150367,-0.1279638236682501,-0.10586280832992867,9614335186039.8,1.0406253227288493
2023-06-20,1577.34,1582.37,1574.36,1579.5,251264737,10615141059977,1879441864912110,-0.0023055301140132434,-0.011038550399779634,0.030245315139616258,0.10400392642201312,-0.20905567406784242,0.26251554731250626,0.0609920283403238,9660912826239.6,1.098772057144089
2023-06-21,1574.98,1577.8,1561.52,1563.54,203770047,9924582276066,1861446858432700,-0.010104463437796807,-0.01258628202618306,0.0126160900483141,0.10950249720220781,-0.21704774209055677,-0.1890225049764942,-0.06505413164170393,9757781948364.8,1.0170940823010655
2023-06-22,1558.25,1573.0,1557.95,1570.47,184072989,8493820072495,1868725696183010,0.004432249894470219,-0.005698113924291093,0.013978383543600925,0.11000382572325798,-0.21357750202806236,-0.09666316659386154,-0.14416346842339234,9821918839667.95,0.8647821480860609
2023-06-23,1575.43,1576.32,1557.84,1559.04,158282391,7583130182033,1852778017861950,-0.007278075989990307,-0.019613515026128292,0.009231087921904635,0.11308189978626267,-0.21930114472854012,-0.14011071445142886,-0.10721793994801343,9883104151956.05,0.7672822288867771
2023-06-26,1558.63,1569.42,1555.3,1567.28,158625642,7845188908369,1862025033455700,0.005285303776683126,-0.010024318605312277,0.019117226311545776,0.1127175178878789,-0.21517491412032175,0.002168598779885844,0.034558120465465025,9897503910974.15,0.7926431733631764
2023-06-27,1566.93,1566.99,1556.98,1565.08,178494742,8834490387149,1859000374456110,-0.0014037057832678723,-0.009129471351693619,0.013147588314117886,0.11222198774084559,-0.21627657763222474,0.12525780667920006,0.12610295180077102,9934606913653.5,0.8892642118539619
2023-06-28,1570.78,1571.82,1552.19,1555.56,166436171,8629457145950,1846051804482795,-0.006082756153040103,-0.005103802908783872,-0.006190704360325872,0.10417568297034036,-0.22104377610191395,-0.06755700960647903,-0.02320827033750006,9848903343659.45,0.8761845704888039
2023-06-29,1556.04,1563.87,1546.66,1546.66,176999408,8416160469122,1835512405372405,-0.005721412224536371,-0.01516106643234183,-0.006136703915281316,0.10413812432320087,-0.22550050576370317,0.06346719548120339,-0.024717276326947757,9563184288677.3,0.8800583796222181
2023-06-30,1552.07,1560.17,1540.32,1555.68,167730507,8054259009816,1847525354306860,0.005831921689317676,-0.0021551724137930384,0.0012614885564967704,0.10621632065773602,-0.22098368536490098,-0.05236684746425824,-0.043000779349892104,9566001446478.95,0.8419671536617432
2023-07-03,1566.64,1582.66,1565.67,1582.34,172692726,10928636398101,1877509615265610,0.017137200452535195,0.009609004134551569,0.005445522535059144,0.11378519294046856,-0.20763352662520407,0.02958447505318751,0.35687670147954,9701460323534.9,1.1264939538627063
2023-07-04,1584.9,1586.58,1575.3,1575.95,175010569,10965544025895,1870947345553510,-0.004038322990002063,0.006945331868019711,-0.0013117704465088753,0.11440900318134234,-0.21083335837114037,0.013421775506630151,0.003377148479421832,9879241080148.55,1.1099581371618998
2023-07-05,1575.39,1581.92,1566.99,1567.34,201620861,11165540546736,1863025291870605,-0.005463371299850972,0.00757283550618415,-0.006893842430079511,0.11600983858934638,-0.21514486875181527,0.15204962849986514,0.018238631878975786,9954786138139.55,1.1216253560644274
2023-07-06,1563.14,1566.5,1549.15,1551.88,203899917,10907466544826,1844039996090380,-0.009863845751400313,0.0033750145474764626,-0.01528582396873035,0.12084205669158474,-0.2228865587036425,0.011303671597751919,-0.02311343555914469,9948981371983.9,1.096340030904186
2023-07-07,1545.3,1545.3,1525.58,1532.48,181944436,10035189219585,1822873983783205,-0.012500966569580219,-0.014913092666872352,-0.03879975413023562,0.11836664304020891,-0.23260122785405968,-0.10767773387568369,-0.07997066245000484,9903362585690.65,1.0133113003541672
2023-07-10,1534.0,1541.3,1525.4,1528.08,173320580,10419345191233,1819022001568190,-0.002871163082063144,-0.034290986766434495,-0.036404108941172075,0.11774771327530724,-0.23480455487786567,-0.047398294718943745,0.038280889701438614,9977205905394.4,1.0443149404784307
2023-07-11,1540.68,1558.38,1538.17,1558.38,238856849,11234650066890,1854759996900045,0.019828804774619346,-0.011148830863923265,-0.02426227044761542,0.13751921825934932,-0.21963164378211097,0.37812168064519525,0.07824914720581577,10003399971940.25,1.123083161565411
2023-07-12,1558.2,1568.36,1554.19,1568.35,271819837,12901461189340,1865750239982825,0.00639766937460684,0.0006444038944963815,-0.0095486494849919,0.13714452141872258,-0.2146391050486235,0.13800310997152954,0.14836342142620995,9957111018466.65,1.2957032582455594
2023-07-13,1578.37,1586.53,1576.74,1577.76,326419967,15753687403470,1878792257840705,0.005999936238722192,0.016676547155707766,-0.0010826416456153343,0.1387578116792701,-0.2099269897545294,0.2008688203282234,0.2210777657097236,10195107002620.95,1.5452204081251972
2023-07-14,1589.08,1604.16,1586.85,1604.16,272618639,14390452014374,1908147345601170,0.016732582902342585,0.046773856755063736,0.00875973915722894,0.14930201084610262,-0.19670702761169367,-0.16482241725120939,-0.08653436837877881,10355156138361.15,1.3896895249183072
2023-07-17,1597.41,1604.65,1594.61,1599.76,232455212,11942315344680,1901917314100365,-0.002742868541791399,0.046908538819957046,0.010491741148975109,0.14867535436759768,-0.19891035463549966,-0.14732458186763964,-0.170122291311535,10452025872805.35,1.1425837909330254
2023-07-18,1603.76,1606.22,1590.88,1595.29,209383575,15518489602368,1900122547646460,-0.002794169125368784,0.023684852218329278,0.009996834441278857,0.14881047248444684,-0.20114873458922977,-0.09925196686921345,0.2994540132689676,10697193299924.9,1.4507066636326884
2023-07-19,1605.05,1605.71,1587.87,1596.78,216392347,15419826321385,1904004335346160,0.0009339994609129931,0.018127331271718727,0.021259449710272937,0.14339916092777877,-0.20040260793798637,0.033473361031303384,-0.006357788902854655,10971955502190.85,1.405385422708469
2023-07-20,1587.68,1599.62,1583.9,1592.63,236655512,14625789813774,1900353449781885,-0.0025989804481517664,0.009424754081736264,0.014110425541398408,0.14339820824197913,-0.2024807459263488,0.09364085782571596,-0.05149451693303375,11278553989254.8,1.2967788093853296
2023-07-21,1578.67,1597.08,1572.31,1597.08,208262073,16310164592033,1907618034023280,0.0027941204171715306,-0.0044135248354280066,0.024399630541871886,0.1403538845952127,-0.20025238109545418,-0.1199779323120097,0.1151647056128704,11714905709754.8,1.3922574364770008
2023-07-24,1595.33,1611.05,1588.74,1605.54,243112402,22213135909002,1919412883459055,0.005297167330377883,0.003613041956293417,0.02441171966719402,0.14035842259384132,-0.19601598413604548,0.16733881737554768,0.36191978834183036,12433303059786.45,1.7865836457286135
2023-07-25,1611.88,1615.65,1602.19,1615.2,277256948,23272645271741,1936417733867610,0.006016667289510114,0.012480489440791276,0.03202392209982885,0.14097228772229015,-0.19117867980650782,0.14044756959786864,0.04769742404131372,13155210804016.05,1.769081896022242
2023-07-26,1618.22,1620.83,1583.68,1589.81,441477975,47606590115512,1904052617036960,-0.015719415552253646,-0.004365034632197284,0.0220177942348736,0.15169353124333976,-0.20389287824615177,0.5923062638632233,1.0456028766664822,15104067452494.15,3.1519052907599847
2023-07-27,1593.2,1609.02,1585.88,1599.51,335223582,29778889374220,1907481950303880,0.006101358023914871,0.004319898532615829,0.034170405906921886,0.15040796291802097,-0.19903554367094312,-0.24067880849548606,-0.37447968228842066,16172203897749.05,1.8413624736925815
2023-07-28,1592.94,1604.39,1585.88,1603.3,273953358,20524290079291,1916049014579375,0.0023694756519183624,0.0038946076589776446,0.03061040831019235,0.14965395821300434,-0.19713767789361936,-0.18277420590297255,-0.3107771810637383,16795705451222.8,1.221996309645734
2023-07-31,1616.38,1621.11,1611.06,1616.34,255529543,18929625382625,1935877165590320,0.008133225222977547,0.006726708770880885,0.021487164579041096,0.14033928871874768,-0.19060781780488545,-0.06725164872773703,-0.07769646065736602,17195754900449.0,1.1008313093675652
2023-08-01,1626.54,1640.55,1622.46,1638.09,250278436,19534017971666,1961086757618510,0.01345632725787893,0.014171619613670083,0.039430184967797155,0.1454877879266902,-0.17971637172129917,-0.020549901738759035,0.03192839672335812,17624178597737.55,1.108364731061771
2023-08-02,1627.59,1632.38,1598.46,1600.67,240961498,16640033694002,1917238806285635,-0.022843677697806486,0.006831004962857268,0.021265328518381477,0.16852995681878263,-0.19845466654648514,-0.03722629144126499,-0.14815099903469475,17897903255100.85,0.9297197250890066
2023-08-03,1606.15,1607.34,1583.86,1595.76,245090037,15400130873498,1913930216016290,-0.0030674654988224193,-0.002344467993322996,0.028275382117173953,0.16433690394110126,-0.2009133792025959,0.017133604473192676,-0.07451323977492486,18122536471534.45,0.8497778938222801
2023-08-04,1596.16,1600.86,1590.2,1592.6,186392553,12546375360007,1910641645470425,-0.0019802476562892357,-0.006673735420694826,0.03923052829400708,0.15655336645835685,-0.20249576861060203,-0.2394935539546228,-0.18530722478482387,18248095778555.55,0.6875443614643348
2023-08-07,1583.96,1596.64,1580.25,1580.25,183656676,14860354313446,1891672658907760,-0.007754615094813455,-0.02232822302238391,0.034140882676299666,0.15948933389702363,-0.20868010696151185,-0.014678038129559812,0.18443406059849532,18470146234666.2,0.8045607286830755
2023-08-08,1590.92,1593.31,1567.96,1572.58,189317066,13187532081459,1884992434568680,-0.004853662395190694,-0.03999169764787036,0.009112026591716837,0.14581440246131697,-0.2125209065689191,0.030820496827460797,-0.11256947154169739,18567790335394.65,0.7102370203050177
2023-08-09,1576.11,1595.02,1573.52,1590.13,165488829,11433348768273,1905207188985420,0.011160004578463445,-0.006584742639019869,0.013887206299614263,0.1493097994888234,-0.20373263628078397,-0.12586417856275034,-0.1330183162664903,18494384714341.3,0.618206495910465
2023-08-10,1581.06,1585.28,1577.2,1585.21,240351997,12678613797548,1901461797465640,-0.0030940866470037243,-0.006611269865142599,0.00472188419024433,0.14854177868525598,-0.20619635649831247,0.45237596067587127,0.10891516164805104,18340631034045.2,0.6912855819417033
2023-08-11,1592.17,1595.88,1577.05,1577.66,194284808,11240653453168,1892191666959065,-0.00476277590981633,-0.009380886600527383,-0.01651954917215237,0.13602869724187594,-0.20997706536870675,-0.19166551380889918,-0.11341621153079817,18183141105984.9,0.6181909598374172
2023-08-14,1574.69,1577.14,1558.31,1563.6,178807010,10314022185594,1875055265171290,-0.008911932862594063,-0.010536307546274326,-0.022603390508576293,0.13893047657524576,-0.2170176967220504,-0.0796655083808715,-0.08243571171681696,18101726448030.6,0.5697811319381708
2023-08-16,1550.93,1553.6,1534.44,1537.37,180015796,10960332480625,1839976950256005,-0.016775390125351786,-0.022389957903572455,-0.03630687837321123,0.14963546606730818,-0.23015253032078442,0.006760283056016725,0.06266326399159072,17873818591943.45,0.6132059819363572
2023-08-17,1530.28,1537.3,1512.48,1536.1,176275438,11139923818220,1838441664663175,-0.0008260861080936488,-0.03397835397105908,-0.03800147797442355,0.1493382953972682,-0.2307884906208375,-0.020777943286710232,0.016385573878572535,17659823466785.2,0.6308060688812716
2023-08-18,1521.06,1537.5,1517.52,1527.06,179701509,10645671588996,1826310378519650,-0.005885033526463079,-0.0366828369742811,-0.041170893427852184,0.14999840417099955,-0.2353153261424752,0.01943589554433567,-0.044367648943489324,17460817555546.3,0.6096891829451869
2023-08-21,1532.47,1541.13,1530.21,1532.67,150080771,8665377214952,1834704912636035,0.0036737259832619884,-0.028516917460035707,-0.04032985197986316,0.15040766839608968,-0.23250608418712249,-0.16483299536455198,-0.18601873611158082,17078578186692.25,0.5073828231031623
2023-08-22,1547.16,1551.01,1533.49,1538.04,147383131,9709728440933,1840222916105945,0.003503689639648311,-0.01634689178818105,-0.04204192981800514,0.14938274191782133,-0.22981702370579582,-0.017974587830442368,0.12051999584957307,16453407813288.8,0.5901347946345082
2023-08-23,1534.77,1539.28,1526.63,1532.55,141944311,8516906832612,1831535622805975,-0.0035694780369821544,-0.0031352244417414132,-0.051170133729569134,0.14631596221269094,-0.23256617492413545,-0.0369025950466475,-0.12284809153801446,15715620891332.35,0.5419389339755158
2023-08-24,1552.22,1556.74,1546.87,1555.63,164218869,10630508622660,1857983445670320,0.015059867541026506,0.012714016014582441,-0.02149942445952646,0.15039684429160377,-0.2210087231719896,0.15692462658824002,0.24816542338526348,13866816816689.75,0.7666149169768645
2023-08-25,1534.3,1545.54,1531.7,1540.19,152683666,9245372690043,1842665650505665,-0.009925239292119636,0.008598221418935736,-0.037086357697044714,0.15105675474046168,-0.22874039800098145,-0.0702428598506546,-0.1302981806218042,12840140982480.9,0.7200366960656737
2023-08-28,1549.59,1551.04,1543.56,1551.04,147311788,8356649324860,1859435946675160,0.007044585408293669,0.011985619865985342,-0.032595272250982354,0.15367546158242454,-0.2233071938627328,-0.035183056188865636,-0.09612628879094609,12231758944759.35,0.6831927740401044
2023-08-29,1556.07,1559.62,1551.49,1556.4,181631961,9200280779038,1865337871979845,0.0034557458221580184,0.011937270812202527,-0.037083781877575106,0.1506081137771404,-0.22062314094282365,0.23297642005404207,0.10095331530405383,11745291714580.0,0.7833164984414347
2023-08-30,1572.48,1574.75,1561.75,1561.75,147717249,8623691913804,1871159809250655,0.0034374196864559448,0.019053211966983064,-0.04660305599814418,0.14100027288177028,-0.21794409558433236,-0.18672215954327553,-0.06267079006411469,11199775411686.9,0.7699879325084704
2023-08-31,1563.9,1567.61,1554.27,1561.89,229791290,15883426028223,1870624995220730,8.964302865388518e-05,0.004024093132685813,-0.024227354795179457,0.11848306772346774,-0.2178739897244839,0.5556158238500637,0.8418359777902427,11161945028397.95,1.4229980516668712
2023-09-01,1558.19,1577.67,1558.13,1573.96,197225196,12338558000082,1878254452913750,0.007727816939733234,0.021925866289224105,-0.013661202185792365,0.12235842719436951,-0.2118298630932708,-0.14172031498669946,-0.22318031524446813,11008866384727.15,1.1207837000546723
2023-09-04,1576.61,1584.14,1569.16,1584.14,158001586,10397647288960,1892235075725650,0.006467762840224767,0.021340519909222255,-0.005312068315961205,0.12479910228358232,-0.20673216557001073,-0.19887727732312666,-0.15730450115070993,10901429981174.8,0.953787467049299
2023-09-05,1580.58,1585.38,1575.34,1580.14,137570916,8935448382403,1888265219261465,-0.0025250293534662127,0.01525314829092772,-6.96092390444214e-05,0.12196941565138007,-0.20873519013710695,-0.129306739996901,-0.14062786185385723,10605184684622.65,0.8425547171619989
2023-09-06,1578.29,1582.03,1566.74,1568.8,167977283,9769302189365,1875136383700145,-0.007176579290442686,0.004514166800064112,-0.0024036932938228395,0.12347111684823779,-0.2144137647848251,0.22102322121632167,0.09331974975135515,10434273190017.95,0.936270501208546
2023-09-07,1564.4,1569.42,1554.72,1561.32,152105250,10070731471354,1863598085821225,-0.00476797552269248,-0.0003649424735417961,-0.018118015508166052,0.11699501871130726,-0.21815942072529526,-0.09448916375198191,0.030854740302448613,10366142325172.0,0.9715023347595125
2023-09-08,1560.16,1562.64,1549.23,1562.15,131414292,8956597556689,1866919262409400,0.0005316014654268564,-0.007503367302853947,-0.014546968540445682,0.11679594642394044,-0.2177437931276227,-0.13603053149053046,-0.11063088295364965,10180041513129.05,0.8798193548756954
2023-09-11,1563.33,1567.03,1556.64,1566.55,178103694,10110741834694,1872527193736595,0.002816630925327246,-0.011103816581867876,-0.007042074971793766,0.116402911528249,-0.21554046610381683,0.3552840508397672,0.1288596780976341,10123545932205.35,0.9987352161389799
2023-09-12,1571.87,1573.36,1554.5,1556.07,169143641,11513243673911,1857144583061640,-0.006689859883182825,-0.015232827470983645,-0.004815809669992288,0.11448086510347089,-0.22078839046960919,-0.05030806941039645,0.1387140392017978,10183507006621.2,1.1305774785076714
2023-09-13,1557.07,1564.85,1550.64,1555.27,164711158,10187103943100,1854069065123080,-0.0005141156888828213,-0.00862442631310556,0.011643260893604124,0.09641066380855152,-0.2211889953830284,-0.026205436833419027,-0.11518384986639618,10144845579744.95,1.0041655008962802
2023-09-14,1561.98,1579.57,1558.5,1579.57,176844030,10550831965056,1883010938735405,0.0156242967459026,0.01168882740245425,0.02829893887116719,0.10992731679647731,-0.2090206211379183,0.07366150628362411,0.0357047522031384,10115390987086.75,1.0430473699459697
2023-09-15,1581.56,1600.94,1579.09,1595.74,218495608,12080173201984,1901872019186680,0.01023696322416856,0.021502416541305136,0.04497531203751004,0.11061365401579303,-0.20092339432543138,0.23552719308647285,0.14494982405113888,10187116067736.15,1.1858285624371547
2023-09-18,1585.89,1592.48,1575.93,1577.29,148499093,8417782177716,1882401912384345,-0.01156203391529953,0.006855829689444981,0.02911259436147362,0.12072583501980513,-0.21016234514116316,-0.32035662245439733,-0.30317371804458093,10174736315874.35,0.8273218996921623
2023-09-19,1580.57,1583.51,1565.89,1568.75,151756180,7594495494035,1871800764886010,-0.005414349929309115,0.008148733668793762,0.019966970950040297,0.12285820974500027,-0.21443880259191384,0.021933379754716764,-0.0978032771934213,10068974668529.45,0.7542471546553368
2023-09-20,1567.69,1574.3,1563.53,1569.47,152691200,7534304393056,1873354567296005,0.000458964143426277,0.009130247481144771,0.024090568007569146,0.12169004096135279,-0.2140782581698365,0.0061613306291710135,-0.007925622054325565,10019844546551.65,0.7519382519411387
2023-09-21,1559.69,1564.27,1541.78,1542.1,143461191,8080321736117,1839837231902320,-0.017439008072788975,-0.02372164576435365,-0.00869744090818525,0.12721735656596958,-0.227783953770193,-0.060448860183167086,0.0724708366659883,9892335202224.5,0.8168265198190988
2023-09-22,1527.35,1539.94,1524.11,1537.43,132837353,7167514345411,1833296572309195,-0.0030283379806755883,-0.03654104052038554,-0.00179198670293923,0.1226461961870265,-0.23012248495227794,-0.07405374182345947,-0.11296671351908938,9788442284992.9,0.7322425914897448
2023-09-25,1534.9,1539.78,1526.84,1532.14,148170029,8134871194150,1824501320504020,-0.0034408070611344765,-0.028625046757412953,-0.012185372395295935,0.12021213026916093,-0.23277148494226274,0.11542443186142082,0.13496406175431663,9777353378457.4,0.8320115760645097
2023-09-26,1532.64,1532.87,1509.41,1510.26,139314641,7498815896023,1799113908219025,-0.014280679311290179,-0.03728446215139447,-0.029645335389360095,0.12850412882440526,-0.24372802932427973,-0.059765041957304366,-0.07818873623769285,9692280134306.65,0.7736895541721192
2023-09-27,1501.89,1515.82,1500.36,1512.03,140471741,7311727619868,1802264387399090,0.001171983631957474,-0.03659834211549129,-0.03183608131903315,0.12760457956987295,-0.24284169095333952,0.008305659704495705,-0.024949042455385873,9626681919609.85,0.7595272889378202
2023-10-04,1492.96,1492.96,1472.89,1475.6,240806601,11125726286423,1757649877162950,-0.02409343729952451,-0.04312301407172037,-0.055247168494580445,0.15025642747640885,-0.2610842371981693,0.7142707799143744,0.5216275639414281,9388796932519.85,1.1850002046467714
2023-10-05,1486.31,1487.47,1470.36,1470.82,155637555,8254766962927,1753741197636675,-0.0032393602602330818,-0.04332554978112835,-0.06552898421815045,0.14502165054208543,-0.26347785155584935,-0.35368235607461607,-0.2580469130360957,9184607380662.1,0.8987610053214851
2023-10-06,1474.35,1482.1,1472.19,1474.71,113903857,6156973526252,1759895262849975,0.0026447831821705403,-0.03748351978278752,-0.06907849053745252,0.14219883270485362,-0.2615299101643481,-0.2681467079073556,-0.2541311518661161,8972573692526.7,0.6861992709383009
2023-10-10,1492.82,1500.73,1470.93,1471.17,186701184,9555576321895,1753454429276560,-0.0024004719571983912,-0.025882960549839074,-0.0689622438518106,0.1422112451364092,-0.2633025869062283,0.6391120451698138,0.5519924328328025,9003580089501.3,1.0613085269311215
2023-10-11,1493.81,1509.35,1493.81,1498.46,152170852,8793918465946,1785792419482070,0.0185498616747215,-0.008974689655628532,-0.044836817950025476,0.161472954052399,-0.2496369517972138,-0.1849497215829119,-0.0797082070501377,8954810903330.35,0.9820328492559779
2023-10-12,1508.59,1519.97,1508.59,1519.95,149617897,8751578349108,1811128787098710,0.014341390494240658,0.03005557061534292,-0.026496810391207326,0.17144705458584628,-0.23887570231048882,-0.016776898903082982,-0.0048147042756832015,8888853247218.05,0.9845565120390514
2023-10-13,1507.48,1512.66,1502.67,1504.6,138093794,6631019572055,1793108808190610,-0.010099016415013762,0.022966780435403455,-0.03684025221649656,0.17408442521552342,-0.24656230908672105,-0.07702355955450968,-0.2423058667205027,8772574347986.35,0.7558806923736223
2023-10-16,1495.07,1503.7,1482.41,1493.32,131032282,6807320256789,1779612508522960,-0.007497009171872904,0.012619430260864872,-0.046746034279148474,0.17429215323431352,-0.2522108383659326,-0.051135621634090245,0.026587266530923914,8607403269091.1,0.7908680520679056
2023-10-17,1504.76,1515.77,1502.21,1511.71,124904183,7147430468825,1798237464739380,0.012314842096804446,0.027556298728223183,-0.028507714948556195,0.1809211532099323,-0.2430019329187072,-0.04676785679425166,0.049962422687077845,8389112608836.8,0.851988857712572
2023-10-18,1506.73,1517.84,1505.91,1516.39,169687644,7521321532783,1801132897816845,0.0030958318725151646,0.011965618034515568,-0.024998874793444203,0.1816036702699073,-0.24065839417520452,0.3585425237519868,0.052311255854646355,8255823488320.95,0.9110322602491431
2023-10-19,1496.6,1498.79,1485.78,1487.1,154177195,7749210928016,1766512523874185,-0.019315611419225998,-0.021612553044508154,-0.058541248567648196,0.18101422078736493,-0.25532554156776743,-0.0914058833888931,0.030299116217768818,8115742436468.95,0.9548369713156615
2023-10-20,1471.61,1474.8,1456.34,1464.54,161135765,8877813443843,1738337731494110,-0.015170466007665917,-0.026625016615711816,-0.08221890784212971,0.17892041118174346,-0.26662260012619055,0.045133588012157055,0.14564095961651047,7955624448561.9,1.1159166073315339
2023-10-23,1461.67,1466.22,1451.24,1452.8,124872563,6590911282027,1724609647303035,-0.008016168899449672,-0.027134170840811045,-0.07892651319668542,0.1774270743186287,-0.27250147723061824,-0.22504750574771526,-0.25759745643247633,7864280903777.45,0.8380818745756128
2023-10-24,1462.21,1469.96,1435.38,1469.32,137359703,7948132529842,1745147988458130,0.011371145374449387,-0.028041092537589907,-0.06338167330677291,0.18552569554055087,-0.2642289857685105,0.0999990686504928,0.2059231553481924,7881962755567.8,1.0083950884222914
2023-10-25,1473.74,1474.7,1457.59,1458.31,137389717,7897828000320,1731626489099795,-0.007493262189312011,-0.038301492360144906,-0.07082645733910176,0.18559092802899035,-0.2697423108894431,0.00021850658777267107,-0.006329100494125717,7900138935931.0,0.9997074816494063
2023-10-26,1432.56,1438.2,1415.88,1415.88,153353091,9527352011858,1681602017957165,-0.02909532266801973,-0.04789187008271123,-0.0818494261072562,0.20108354255568772,-0.2909893939849172,0.11619045696120045,0.20632558868995066,7972490449718.05,1.1950283380013254
2023-10-27,1425.57,1430.92,1413.25,1420.89,135605047,8026952196040,1686809480139675,0.003538435460632261,-0.029804580277766335,-0.07580182512374545,0.2029266940702829,-0.2884806057146291,-0.11573320031742951,-0.15748340293825203,8015462342249.5,1.001433461140468
2023-10-30,1414.29,1429.55,1414.03,1424.27,128415423,6437247487538,1692867424156385,0.002378790757905147,-0.019637940528634323,-0.07040479329565186,0.20413235749318057,-0.2867880499554327,-0.05301885260951977,-0.19804586718309614,7930581156918.9,0.8116993395776466
2023-10-31,1431.14,1435.08,1403.67,1405.76,157829278,7934745733843,1668950802193440,-0.012996131351499352,-0.043258105790433654,-0.06919338392064944,0.20328716136110592,-0.2960570461396709,0.2290523545602463,0.2326302117798078,7952377648809.9,0.9977828121669323
2023-11-01,1415.66,1428.74,1413.58,1423.23,116585326,6606402189886,1686856284957600,0.012427441384019966,-0.024055242026729484,-0.05872899347235172,0.21051588304639382,-0.28730883634287774,-0.2613200321425788,-0.16740845749995437,7917111377310.8,0.8344460340445523
2023-11-02,1446.78,1456.63,1444.96,1452.74,154541131,8157922789494,1722321219904340,0.020734526394187824,0.026033279656467956,-0.015492003252914,0.210903957833623,-0.2725315225991247,0.325562455432856,0.2348510664372332,7768721202464.35,1.0500985396291722
2023-11-03,1465.69,1468.84,1456.86,1466.22,131812570,7779088837979,1739069892910840,0.009279017580571924,0.031902539957350706,-0.0031275071048801895,0.21356627528005592,-0.26578132980801006,-0.14707127386041974,-0.04643755050033971,7744937296216.95,1.004409531085388
2023-11-06,1487.87,1546.14,1483.33,1546.14,261938863,17948528180777,1839693940573080,0.05450750910504576,0.08556664115652235,0.048436641780417844,0.28850756777316744,-0.22576089895742568,0.9872070091646039,1.3072789827452351,8334515028943.2,2.1535180053605156
2023-11-07,1533.17,1533.22,1496.79,1516.07,196526075,15703013028323,1803201240609705,-0.0194484328715383,0.07847000910539492,0.03051992631714895,0.2985380663319099,-0.2408186361405723,-0.2497254025264667,-0.12510859552589737,8641886864264.6,1.8170815326519878
2023-11-08,1523.37,1529.04,1494.58,1497.16,150787122,9452674402745,1781740118866100,-0.012473038843852757,0.051945223189505674,-0.0008675573588884378,0.29556885172659986,-0.2502879347815201,-0.23273732505979172,-0.39803435266241405,8674824661104.55,1.0896674886269584
2023-11-09,1499.32,1509.07,1491.62,1501.9,136685048,8435708584910,1786316170551130,0.003165994282508189,0.033839503283450645,-0.011875390637849925,0.2910644339001284,-0.24791435066951095,-0.09352306624699691,-0.1075849833079704,8659031172894.65,0.9742092869830846
2023-11-10,1489.1,1496.03,1482.27,1493.17,104275422,6135779210352,1776998667243020,-0.005812637326053638,0.01838059772748979,-0.00759670344277541,0.2895715895558557,-0.2522859517871986,-0.2371117139308463,-0.27264210841424386,8634269154809.5,0.7106309868663545
2023-11-13,1507.29,1510.98,1485.83,1488.26,111972867,6265071529185,1770094217279250,-0.003288306087049775,-0.03743516111089562,-0.00338842311092058,0.2885533915143278,-0.25474466444330945,0.07381840180900912,0.021071866245588433,8607156718429.3,0.7278909556474648
2023-11-14,1501.16,1510.51,1499.66,1505.28,106692713,6532226631245,1791127086585755,0.011436173786838255,-0.007117085622695529,-0.004253461312024198,0.28807188448028836,-0.2462217949103146,-0.04715565602156102,0.04264198753605508,8576396526550.3,0.7616516576656548
2023-11-15,1536.16,1539.21,1526.79,1538.38,160755952,9404942771559,1829574107814590,0.02198926445578242,0.027532127494723335,0.014501546435943258,0.2984361050002938,-0.22964676661759253,0.5067191327302738,0.4397759450924743,8670577588489.1,1.0846962241644467
2023-11-16,1536.11,1542.61,1530.86,1539.99,129879311,6612744501467,1830929059923820,0.0010465554674397026,0.02536120913509543,0.03556586645148285,0.28875034248183085,-0.22884054922933628,-0.19207152591152576,-0.2968862584188967,8613754267161.65,0.7676959774295941
2023-11-17,1533.37,1536.78,1523.94,1528.49,104649579,6180621999191,1816936698606565,-0.007467580958317899,0.023654372911322774,0.04366558782962571,0.2839639973140381,-0.23459924485973815,-0.19425520358665904,-0.06534692247373786,8478894694929.05,0.72894194604014
2023-11-20,1524.88,1546.64,1523.69,1540.43,108839233,5956458921276,1831568262453255,0.007811631086889648,0.035054358781395845,0.06031800660792963,0.281895996065797,-0.22862021652695563,0.040035077446417544,-0.03626869236532204,8447172076891.5,0.7051423680086715
2023-11-21,1548.72,1556.22,1545.47,1550.7,113212123,6256301422879,1843774091479310,0.006666969612380891,0.030173788265306145,0.055386165028720846,0.28055239941581844,-0.22347745095093585,0.04017751576768269,0.050339053045759474,8362580521543.35,0.74813048517282
2023-11-22,1538.98,1554.56,1536.42,1550.93,101960168,5426519056734,1844105816956950,0.00014832011349708019,0.00815793237041551,0.06351187333283059,0.278118205854097,-0.2233622770383279,-0.09938825191008915,-0.13263145588071013,8239015074364.05,0.658636864692575
2023-11-23,1553.91,1556.51,1546.41,1551.34,101315219,5011400337024,1845631709451920,0.0002643575145233612,0.007370177728426741,0.0956719496002485,0.25107310559067014,-0.2231569670202006,-0.006325499581365968,-0.0764981593854096,8013217490622.35,0.6253917783822422
2023-11-24,1552.88,1555.58,1538.56,1538.56,97419288,4835654743282,1830749142509225,-0.00823803937241352,0.006588201427552676,0.0828142924505062,0.25523826789537635,-0.2295566305120733,-0.038453561453585805,-0.0350691587027282,7853652617984.45,0.6157204779096807
2023-11-27,1540.4,1547.08,1532.13,1536.86,109852743,5313865015574,1829039553279460,-0.0011049292845257686,-0.002317534714333158,0.07905102262913632,0.2558498777034601,-0.23040791595308918,0.1276282680284011,0.09889255905963101,7797483494386.25,0.6814846122341502
2023-11-28,1543.53,1555.84,1540.96,1555.26,180605692,7933375498383,1853264064019580,0.011972463334330996,0.00294060746759528,0.10634816753926701,0.2492030866217491,-0.22119400294444613,0.6440708449128121,0.4929576636086308,7797414982613.25,1.0174366140667024
2023-11-29,1551.91,1554.76,1541.43,1553.61,143293602,8145388732233,1852843769357570,-0.0010609158597276735,0.0017279954607878345,0.09160852427225397,0.24859961661844893,-0.22202025057837338,-0.20659420855905253,0.02672421517085799,7874364309730.6,1.0344185780390536
2023-11-30,1548.25,1562.66,1546.32,1562.66,245729321,11144306312161,1863229699820060,0.005825142732088562,0.007296917503577749,0.07566391783801651,0.2412147579665663,-0.21748840749531795,0.7148659644971449,0.3681736597862615,8023683485863.95,1.3889264614930206
2023-12-01,1554.48,1554.61,1544.46,1547.38,146409260,7923328633981,1845315825387870,-0.00977819871245178,0.005732633111480867,0.055353221208277015,0.24489003233477047,-0.22513996134162584,-0.40418481846535526,-0.2890245106297171,8030895475664.05,0.9866058720339458
2023-12-04,1557.52,1562.91,1550.95,1553.78,148084000,10980946323034,1855469829464425,0.004136023471933203,0.011009460848743657,0.004941337783124444,0.15120106730787494,-0.2219351220342718,0.011438757357287388,0.3859006524025408,7682516382776.9,1.4293423893832113
2023-12-05,1548.72,1549.03,1535.29,1536.74,133424120,7919988488655,1836269715112260,-0.01096680353718027,-0.011907976801306508,0.013633935108537276,0.13902304412072072,-0.23046800669010203,-0.09899705572512896,-0.2787517345347762,7293365155793.5,1.085916901111655
2023-12-06,1543.64,1549.4,1539.82,1539.82,129993822,7415471821826,1838642625960930,0.002004242747634555,-0.008876101466906094,0.02849394854257392,0.13001616226977136,-0.22892567777343797,-0.02570972924535686,-0.06370169193448905,7191505026747.55,1.0311432439031114
2023-12-07,1538.25,1541.61,1529.53,1535.22,120172548,6815401834207,1834236681211750,-0.002987362159213358,-0.017559801876287917,0.02218523203941669,0.1307637146029824,-0.23122915602559868,-0.07555185199493553,-0.08092134958328756,7110489689212.4,0.9584996437793744
2023-12-08,1547.37,1558.46,1545.42,1555.53,109903137,6893032947365,1856793205758640,0.013229374291632512,0.005266967390039845,0.04176349645385313,0.13476331819044932,-0.2210587987861672,-0.08545554846685954,0.011390540872933341,7148352376063.05,0.9642827584223448
2023-12-11,1560.44,1563.27,1552.71,1562.21,140207042,7198105868079,1863722431900150,0.004294356264424426,0.00542547851047126,0.04968889844516422,0.13343703981381724,-0.21771374775911623,0.2757328482807546,0.044258155015872935,7195004093007.75,1.0004311012240097
2023-12-12,1568.35,1574.25,1565.75,1570.86,259894793,8534110289378,1874027048206970,0.005537027672335881,0.02220284498353653,0.04356664540816313,0.12976699187448593,-0.21338220713277056,0.8536500684466333,0.18560499745130143,7295098275914.4,1.169841716533736
2023-12-13,1567.2,1568.56,1555.05,1555.67,198131342,7431373558841,1855384871366510,-0.009669862368384075,0.010293410918159385,0.011239095672070487,0.11322967115690429,-0.22098869292631873,-0.23764789700884847,-0.12921519562613615,7196419815278.5,1.0326486988799175
2023-12-14,1580.59,1583.67,1569.79,1578.31,270278893,13715948808147,1882364252176210,0.014553215013466847,0.02806763851434968,0.024883278462847214,0.1236349806850505,-0.20965157387655364,0.36414002081508134,0.8456815149373469,7551580030612.5,1.8163018537240498
2023-12-15,1588.35,1597.63,1585.89,1589.18,224274360,11645666394119,1896765461703450,0.006887113431455205,0.021632498248185472,0.039705853489391485,0.12066171032813494,-0.20420835461546938,-0.17021134166033458,-0.15093978863484048,7824832250358.9,1.4882959814997758
2023-12-18,1592.37,1594.47,1583.38,1589.57,177253950,8964140895605,1897959321538350,0.00024540958230012677,0.017513650533538927,0.031900183714936636,0.11878289638195244,-0.20401305972017747,-0.2096557537830004,-0.23025951523634203,7975216349075.35,1.1239997140195834
2023-12-19,1588.09,1594.45,1583.98,1593.47,273946609,8818929960846,1900465446012360,0.002453493712136101,0.014393389608240215,0.027581092409879382,0.1173307665668154,-0.2020601107672586,0.5455035501324512,-0.01619909107298778,8103347775973.7,1.0883069818370612
2023-12-20,1605.5,1620.94,1604.11,1619.92,324828780,10794613766986,1932318356653820,0.01659899464690273,0.04130053288936608,0.044482987626778714,0.12897966263119226,-0.18881511081733415,0.18573754639905027,0.22402761048240283,8371752511486.3,1.2894090875447477
2023-12-21,1610.51,1619.52,1603.21,1613.94,222162217,10560980109679,1923924320613950,-0.0036915403229789145,0.022574779352598773,0.04035221163639191,0.13052614087589914,-0.19180963254514316,-0.3160636289678519,-0.021643540227584634,8649231500119.05,1.2210310372122235
2023-12-22,1627.34,1630.13,1613.6,1613.75,178149301,8634780789809,1922716173015800,-0.00011772432680279277,0.015460803684919311,0.04887037229617319,0.1251400835662743,-0.19190477621208024,-0.19811161679215683,-0.18238831054180882,8839187802445.4,0.9768749100930009
2023-12-26,1619.59,1622.49,1610.8,1617.8,178551618,9354677486538,1926411439411010,0.002509682416731218,0.017759519870153673,0.05266582512395401,0.1244462952639397,-0.18987671383789528,0.0022583136601810327,0.08337173974105294,9041228425993.6,1.0346688575684286
2023-12-27,1617.49,1629.93,1614.54,1629.93,223913280,12482120469248,1939122040308340,0.007497836568179039,0.022880882602119845,0.04801126499749242,0.12094023208760873,-0.18380254183817557,0.25405349169112545,0.33431863227894243,9268665674536.85,1.3467009068564473
2023-12-28,1631.21,1653.58,1627.96,1653.58,168495102,9522572742688,1967303273933850,0.014509825575331314,0.02077880389155018,0.06434690816871669,0.12752350039606344,-0.1719596590852187,-0.24749839759392567,-0.2371029612998361,9337524875059.6,1.0198176572597586
2024-01-02,1646.62,1669.5,1644.66,1665.12,178239267,10569715288664,1976819108157330,0.006978797518112145,0.031711216030335665,0.06556768586896689,0.1279092277157436,-0.16618093320914584,0.057830553436502896,0.10996424750654277,9308795323884.75,1.1354546878417178
2024-01-03,1647.53,1647.62,1622.54,1622.54,211912549,11464339133490,1927918307469590,-0.02557173056596518,0.005446940356312879,0.04857242564851538,0.15794141656642505,-0.18750312972588612,0.18892179353497895,0.08464029733946399,9485845848860.2,1.2085732064544916
2024-01-04,1612.07,1621.3,1603.54,1608.26,200820728,8661715964149,1911582659344240,-0.008801015691446756,-0.005896897020645331,0.03506287891464677,0.1626835731143289,-0.19465392743041998,-0.05234150149361849,-0.24446443329244216,9369884330915.95,0.9244207994723749
2024-01-05,1608.71,1612.19,1603.75,1608.11,139123344,8252309091974,1912238454981230,-9.326850136182063e-05,-0.0133870779726738,0.04644246912294858,0.15582235627162597,-0.19472904085168607,-0.30722617438176003,-0.04726625461623801,9386500361081.9,0.8791678234189966
2024-01-08,1612.55,1617.63,1599.53,1600.23,122261809,7023330631456,1902322594223860,-0.004900162302330036,-0.03226333168035411,0.039231858269148434,0.15792018847096662,-0.19867499924886578,-0.12119845969199816,-0.148925403401731,9366893301563.4,0.7498036334292136
2024-01-09,1620.75,1621.89,1589.47,1593.1,152571399,8162958290010,1895522840198490,-0.004455609506133551,-0.043252137984049144,0.0377014369276063,0.1586163464236902,-0.20224539053971502,0.24790725941246294,0.1622631367302929,9434271124353.55,0.8652452513197555
2024-01-10,1594.75,1598.21,1575.84,1577.81,132760278,7685279042992,1878285411962700,-0.00959763982173123,-0.027567887386443446,0.014323092450804431,0.1576843700043519,-0.20990195194744066,-0.12984819651552126,-0.05851790858745343,9473883429134.9,0.8112068404132533
2024-01-11,1576.78,1588.73,1575.84,1577.86,204061315,12820873767591,1878380303765660,3.168949366516571e-05,-0.01890241627597533,0.010017859314688682,0.15714159701908675,-0.20987691414035203,0.5370660416965984,0.6682378994790061,9755021824110.5,1.3142844781651788
2024-01-12,1574.72,1579.47,1561.63,1566.14,131587907,7150484986721,1879741828195140,-0.007427781932490718,-0.026098960891978606,-0.0030047235272396833,0.15841289486922855,-0.21574577612194412,-0.3551550571944516,-0.4422778730731898,9685840558977.65,0.7382410378512095
2024-01-15,1567.21,1575.76,1560.7,1568.37,126788385,6915566629642,1881302964331560,0.0014238829223440774,-0.019909637989539042,0.008163685100310403,0.15436983659864842,-0.214629089925788,-0.03647388357655079,-0.0328534858146351,9660050212517.7,0.7158934454275052
2024-01-16,1561.56,1567.51,1544.71,1548.0,139865295,8200212371642,1858193843892220,-0.012988006656592499,-0.028309585085681932,-0.019204085382465985,0.1519383477066977,-0.22482949253372597,0.10313965273711778,0.18576145828653567,9384263390692.45,0.8738258966361898
2024-01-17,1551.89,1554.33,1508.35,1508.39,177579716,9683938568643,1810406357212330,-0.02558785529715757,-0.043997693004861116,-0.050837538856517206,0.1721729010504545,-0.24466444330939718,0.26964817112064865,0.18093753304878124,9286176999418.65,1.0428337268662067
2024-01-18,1512.08,1522.57,1503.8,1514.12,144197911,8295389137942,1815136090486480,0.0037987523120677213,-0.040396486380287255,-0.047465666815553975,0.17339551403514383,-0.24179511061703174,-0.1879820834942657,-0.14338684832194015,9252739411535.5,0.8965333150526253
2024-01-19,1535.07,1542.51,1527.96,1538.12,296845860,10160456343739,1840598448277920,0.01585079121866162,-0.01789112084487987,-0.034735514317809635,0.18450541347754723,-0.22977696321445384,1.0586002802772918,0.22483179206945603,9319815730680.15,1.0901992740362367
2024-01-22,1550.79,1552.16,1535.34,1535.34,217980275,9623667173713,1835969236573848,-0.00180740124307599,-0.021060081485873905,-0.052212454936046315,0.17139349928730652,-0.23116906528858583,-0.26567857473235434,-0.05283120677515396,9261268401016.5,1.0391305766126726
2024-01-23,1544.98,1546.71,1533.87,1545.41,240509419,8763045711800,1847983356801840,0.00655880782106899,-0.001673126614986975,-0.04246130587258512,0.17438112304172562,-0.22612645094092076,0.1033540488927267,-0.08942760035008102,9171371681122.55,0.9554782006967388
2024-01-24,1543.22,1544.11,1527.06,1537.29,303730675,8263869940231,1839172913210926,-0.005254269093638686,0.01915950119001053,-0.04738032532920222,0.17455612779590346,-0.23019259081212629,0.26286395045509625,-0.05696373018993017,9152826138643.65,0.9028763154738145
2024-01-25,1536.57,1540.77,1528.29,1538.19,261947145,9444399026337,1840372726882508,0.0005854458169896049,0.01589702269304949,-0.04920880207689449,0.17397590253437525,-0.22974191028452962,-0.13756769875153374,0.1428542673885549,9157312215633.6,1.0313505539554804
2024-01-26,1529.65,1557.86,1526.36,1543.6,212449338,8777669270066,1847481915048482,0.0035171207718160957,0.003562790939588556,-0.05296546477456099,0.17150956887277716,-0.22703281955753196,-0.18896104784803058,-0.07059525486076279,8972089655674.5,0.9783305346836858
2024-01-29,1550.72,1567.29,1545.65,1555.98,234648729,11301930990998,1862357764240148,0.008020212490282619,0.013443276407831606,-0.059023452146252375,0.16428700049822118,-0.2208334585223688,0.10449263438043754,0.2875776750373076,9061057568090.0,1.2473081542710427
2024-01-30,1571.06,1573.85,1552.2,1554.74,224784310,9444986081481,1861046127666924,-0.0007969254103523671,0.006037232837887707,-0.0662895166714711,0.16030188390397934,-0.22145439613816864,-0.04203908984309901,-0.16430333108528605,9004821107730.85,1.0488810347794981
2024-01-31,1545.29,1552.85,1542.07,1545.65,194633307,8914849897105,1854379917333330,-0.005846636736689059,0.005438141144481712,-0.04738866222096216,0.13778561644141707,-0.22600626946689495,-0.1341330406913187,-0.05612884760258674,8877346645911.6,1.004224601414058
2024-02-01,1543.6,1572.34,1543.6,1572.19,325749302,12744615145494,1886406762925520,0.01717076957914143,0.022103901338586196,-0.02242796562744831,0.1518755538340237,-0.21271620146421089,0.6736565134763908,0.42959391269534164,9081491604978.85,1.4033614410331972
2024-02-02,1584.28,1622.13,1583.61,1622.08,354643812,14424901813304,1944194143874216,0.03173280583135618,0.050842187095102354,0.00868721667050143,0.1914943853177464,-0.18773347755110226,0.08870167893713554,0.13184287235257042,9390121241045.35,1.536178441472195
2024-02-05,1618.07,1619.16,1584.97,1602.25,330510919,12095720581432,1922743248909490,-0.012225044387453088,0.02973688607822722,0.0012623185417095506,0.1959481403642132,-0.19766347184248212,-0.0680482562600021,-0.16146946870195056,9643740738544.15,1.2542560930830258
2024-02-06,1597.55,1607.45,1584.75,1596.86,218260013,10300261886359,1914776875956610,-0.00336401934779218,0.027091346463074206,0.0023601782687840966,0.1956470237755855,-0.2003625474466445,-0.33962843448448976,-0.14843751415927942,9750605918361.6,1.0563714678451244
2024-02-07,1606.35,1629.1,1602.98,1617.1,313110048,12324560718781,1939061515293770,0.012674874441090722,0.04622650664768857,0.02490160412216924,0.19683932211434366,-0.19022724313713713,0.43457357899085247,0.19652887030987531,9982570002151.05,1.2346079933449297
2024-02-08,1623.14,1631.72,1619.78,1625.85,276067798,13494587193971,1950029629121030,0.005410920784119755,0.034130734834848075,0.030414612196265844,0.19730397282944315,-0.185845626896614,-0.11830425192870209,0.094934537780891,10016255673470.05,1.3472686434826109
2024-02-13,1641.56,1650.81,1640.31,1645.79,252507138,14262971351486,1972288360617062,0.012264354030199653,0.014617034918129823,0.05085752231601259,0.19777157456315886,-0.1758605494296388,-0.0853437458866535,0.0569401750842955,10371879991708.3,1.3751577691689834
2024-02-14,1618.4,1631.96,1614.41,1626.86,186044913,10164877756934,1951963972064068,-0.011502074991341593,0.015359650491496346,0.0372934957949973,0.20397868812996534,-0.1853398631934221,-0.2632092919290068,-0.2873239729339453,10534345548072.9,0.9649273142358151
2024-02-15,1641.48,1642.37,1621.3,1621.3,188858640,10422725029423,1947224083942874,-0.0034176265935605965,0.015305036133411942,0.04735142118863056,0.19743124189367545,-0.18812406734168596,0.015123912579109389,0.025366490247569207,10645471180961.95,0.9790759706402379
2024-02-16,1634.95,1639.17,1626.21,1639.07,184697555,10048656092545,1969927076693628,0.01096034046752603,0.013586049100241082,0.08663541922181928,0.16937061880717605,-0.17922563070236064,-0.022032801888227094,-0.035889744363591713,10663707057157.05,0.9423229688029311
2024-02-19,1641.57,1663.9,1641.57,1662.37,198104244,10371236331231,1996187584591978,0.014215378232778297,0.0224620967493927,0.09791165825694126,0.1730264053279695,-0.16755801259902459,0.07258725758443307,0.0321018289127557,10767499416821.5,0.9631982254885068
2024-02-20,1656.14,1658.04,1638.74,1647.35,180003319,10170224031321,1979301152625106,-0.009035292985316135,0.0009478730579235428,0.07101526538891645,0.1743708021007913,-0.17507936984847128,-0.09137070783804102,-0.019381710481776393,10767987801200.6,0.9444869569955353
2024-02-21,1647.28,1655.43,1637.88,1643.84,189747630,9910761038837,1976562280874584,-0.002130694752177753,0.010437284093284038,0.07066838615550952,0.17450486930724718,-0.17683702390609823,0.05413406293913958,-0.025512023303020492,10782342494456.8,0.9191658532394161
2024-02-22,1656.28,1656.64,1643.65,1651.52,220601779,11156059582673,1984845755801134,0.004671987541366551,0.01863936347375561,0.06866139082832379,0.17419115069799243,-0.17299121673727325,0.1626062417749301,0.12565115221284073,10901993188000.45,1.0233045820421347
2024-02-23,1663.55,1673.85,1653.46,1655.67,255500964,12902646413064,1989315759465540,0.0025128366595621454,0.010127694363267103,0.07700563979470365,0.1712402269305473,-0.17091307874891082,0.15819992548654827,0.15655947491565092,11133932011642.1,1.1588580206500685
2024-02-26,1648.28,1651.61,1633.28,1643.83,255154333,12063533475898,1974383069659734,-0.00715118350879107,-0.011152751794125226,0.06867812168847798,0.17530297716335094,-0.17684203146751598,-0.0013566719850027775,-0.06503417285901858,11264888734120.15,1.0708968158166392
2024-02-27,1648.66,1648.81,1626.8,1630.27,216380895,11703865058127,1957519965508460,-0.008249028184179608,-0.010368167056181044,0.05614796579424719,0.18009439311389497,-0.1836322847499725,-0.1519607272356217,-0.029814516492169485,11411198523523.2,1.025647309000934
2024-02-28,1632.78,1653.8,1629.25,1650.43,217018320,12201920381857,1982604402629724,0.012366049795432765,0.0040089059762509205,0.06070129436111005,0.18241223486296324,-0.173537040931807,0.002945846951968756,0.0425547732528031,11456197993066.15,1.0650933572588566
2024-02-29,1644.43,1649.62,1635.25,1646.14,319269518,13837851966350,1976200530989416,-0.0025993226007767767,-0.0032576051152876095,0.05878796454712698,0.1830227218052983,-0.17568528478001777,0.4711638998956402,0.13407164883041367,11675841287309.6,1.185169584429884
2024-03-04,1661.98,1676.15,1659.84,1673.02,249656194,14133318639570,2004884642439786,0.0163291093102651,0.01047914137479089,0.08240546048587971,0.1858356769301366,-0.16222495968913064,-0.21803936823057435,0.02135206200633566,11936764724432.85,1.1840158506803036
2024-03-05,1665.09,1678.25,1657.66,1657.66,222139817,13092216664181,1987394545840506,-0.00918100202029859,0.008413278745369235,0.05436365833646062,0.1846623036298979,-0.1699165740267804,-0.1102170811752421,-0.07366295220106034,11954144800367.2,1.0952031184847988
2024-03-06,1649.98,1657.42,1645.48,1653.51,219354027,12678951091905,1982009404643736,-0.0025035290711002967,0.01425530740306824,0.019376356283290708,0.15005094112860368,-0.17199471201514283,-0.012540705388264572,-0.031565744967134046,11866847264297.25,1.0684346743090776
2024-03-07,1660.7,1663.38,1645.7,1654.12,207141729,11995522524011,1983613701391676,0.0003689121928502903,0.002235780978290469,0.032373225152129814,0.14175630323394048,-0.1716892507686607,-0.05567391748864492,-0.05390261094471305,11861837361426.2,1.0112701901494228
2024-03-08,1672.62,1679.78,1668.69,1677.97,234473984,14370200063810,2011586657287686,0.014418542790124222,0.019336143948874396,0.05079343211051701,0.14738568613720204,-0.1597462167873489,0.13194953586585156,0.1979636597776957,12065334270298.75,1.1910320710454863
2024-03-11,1666.96,1675.32,1662.9,1664.57,213931693,11326097089553,1996690576815816,-0.00798584003289693,-0.005050746554135621,0.029355018242532838,0.14675244694790102,-0.1664563490871216,-0.08761010773800815,-0.21183441850077567,12015411088837.35,0.9426308434902622
2024-03-12,1671.28,1682.83,1662.68,1679.37,191731708,10740615227102,2014007054610576,0.008891185110869504,0.013096774971948388,0.03291816588246155,0.14849592697601544,-0.15904515818886522,-0.10377137061220754,-0.051693170014500245,11877712490493.9,0.9042663084914747
2024-03-13,1688.55,1693.79,1678.14,1687.83,241152874,12844838457526,2022589616155806,0.005037603386984335,0.020755846653482513,0.025543963689170557,0.14379379438704426,-0.15480876122945653,0.2577620911821221,0.19591272808231452,11806805845795.9,1.0879181571449077
2024-03-14,1691.13,1703.22,1689.63,1703.19,337076896,15102346433566,2042313359704576,0.009100442580117774,0.029665320532972217,0.04691860393641756,0.13794203042402947,-0.14711714689180666,0.3977726676398641,0.17575215005660816,12053679279627.5,1.2529241971031366
2024-03-15,1691.39,1693.42,1670.81,1670.81,257702894,13430276847693,2003980068860506,-0.019011384519636798,-0.004267060793697208,0.03053722321593777,0.15642810905261018,-0.16333163076245139,-0.23547743242538932,-0.11071588068968607,12204056870541.0,1.1004764227305377
2024-03-18,1676.92,1683.94,1669.08,1682.14,186082087,10494111698579,2019710176988726,0.0067811420807872835,0.010555278540403945,0.026277096158187296,0.15377497145326788,-0.15765806367615098,-0.27792007256232054,-0.218622831264894,12226329650842.7,0.8583206897137519
2024-03-19,1671.87,1671.94,1655.9,1665.56,199624691,11118628332996,1998469777170616,-0.00985649232525243,-0.008223321840928444,0.0019189470454832325,0.1507578233092892,-0.1659606005067652,0.07277758014397162,0.05951114799946011,12263699250930.95,0.9066292401252399
2024-03-20,1681.68,1691.37,1676.18,1689.78,205742186,12832625907574,2022695335711366,0.014541655659357833,0.0011553296244291023,0.025756518044131482,0.15490129256837384,-0.1538322867529971,0.030644981687160122,0.15415548782141464,12396819344743.6,1.0351547078900676
2024-03-21,1720.03,1737.37,1716.05,1737.0,239929227,15234315522645,2075220242881826,0.02794446614352175,0.01985098550367259,0.05667218220751424,0.18066641045156048,-0.130186581738425,0.1661644685742767,0.18715496207627225,12662997068934.0,1.203057652127172
2024-03-22,1734.74,1742.78,1724.7,1732.89,203990996,12290615024011,2069701355158606,-0.0023661485319516062,0.037155631101082776,0.04926976361170321,0.1814358927416912,-0.13224468948111645,-0.1497867994214811,-0.1932282743033874,12719724841000.9,0.9662642217222575
2024-03-25,1738.22,1745.82,1724.82,1728.77,200843408,11369649212107,2065982168392116,-0.002377531176243175,0.027720641563722337,0.044151310345660555,0.18224896792059955,-0.13430780478522575,-0.015430033980519453,-0.07493244317756254,12643074980953.05,0.8992787932710609
2024-03-26,1742.46,1761.12,1739.77,1747.06,227400526,15568444781386,2085625869173366,0.010579776372796834,0.04893249117413956,0.06279846456142057,0.18101395155133307,-0.1251489749521778,0.13222797932207953,0.3692986028810723,12818320546227.45,1.2145463772138183
2024-03-27,1737.55,1750.02,1737.04,1743.36,260386310,15628378661797,2081940747914616,-0.0021178436916877708,0.03170826971558416,0.0693688775478909,0.17717805545224186,-0.12700177267674195,0.14505588258841584,0.003849702475269723,13014546226410.95,1.2008393062588456
2024-03-28,1742.58,1747.43,1737.03,1740.35,241521958,14031817484934,2076263369995896,-0.0017265510279000917,0.0019286125503741314,0.0544827711566076,0.17478396467175386,-0.1285090486634819,-0.07244755686272442,-0.10215782528777184,13106041081564.8,1.0706373799385853
2024-03-29,1748.38,1749.4,1737.22,1744.75,217477102,12612756975184,2078325511564036,0.0025282270807596152,0.006844058191806779,0.05990377489156451,0.17366089393814027,-0.1263057216396759,-0.09955556918762642,-0.10113162541300502,13044786332006.5,0.9668810706571346
2024-04-01,1758.4,1761.65,1743.74,1744.13,197879251,11544196676974,2078670950061546,-0.0003553517695944475,0.0088849297477398,0.04250397484787993,0.16659240387468494,-0.12661619044757577,-0.09011454916297346,-0.08472059679833888,12915330233876.7,0.89383674036408
2024-04-02,1743.71,1753.6,1737.86,1748.48,233581640,15271784809124,2080314957113626,0.00249408014310859,0.0008127940654585331,0.05478807475598124,0.16113911373061537,-0.12443790123085863,0.18042512703871116,0.32289714359986865,13024308641123.85,1.172560112780483
2024-04-03,1732.52,1734.32,1718.24,1718.24,229288471,14936857441056,2045252236877396,-0.017295021961932666,-0.014408957415565249,0.03914702662820302,0.17541887773778542,-0.13958076695810673,-0.018379736523812418,-0.0219311214932717,13137203958581.4,1.1369890798794398
2024-04-04,1739.79,1745.54,1733.44,1743.14,229836342,14212044485785,2072030251983596,0.014491572772139083,0.0016031258080271282,0.05381713539525568,0.1807800115016755,-0.12711193902793216,0.0023894398074642,-0.04852513041188655,13248030056670.1,1.0727666245465333
2024-04-05,1723.3,1734.87,1716.44,1723.18,221275469,11963717479586,2049367759080666,-0.011450600640223962,-0.012362802693795638,0.02694327073785585,0.1818305469895739,-0.13710703161774274,-0.03724769079382584,-0.15819870311043527,13127705927458.9,0.9113334458964217
2024-04-08,1727.97,1732.22,1722.86,1725.8,177839943,11924523575173,2052037974977416,0.001520444759108175,-0.010509537706478445,0.03678427461746869,0.17842682165057483,-0.1357950505262947,-0.19629616512077075,-0.0032760640227318394,13157627251739.9,0.9062822154044651
2024-04-09,1735.67,1740.13,1714.99,1716.77,182656314,10359838316848,2041794926727426,-0.005232356008807448,-0.018135752196193233,0.022270256107945308,0.1780959992542074,-0.14031687848651464,0.02708261664253908,-0.13121574614374476,13138588406227.2,0.7885046701012283
2024-04-11,1691.15,1726.93,1689.56,1718.64,211036814,12273940036526,2041775276136446,0.0010892548215544196,0.00023279634975326147,0.018254208065978217,0.17750675633285926,-0.13938046450139707,0.15537650672179892,0.1847617367314638,13110043485177.2,0.9362242047788373
2024-04-12,1722.45,1723.37,1701.43,1704.69,224210180,11948806481937,2023494013298546,-0.008116883116883189,-0.022057895521874316,0.0008807003329047713,0.17756062035135062,-0.1463660126791455,0.062422123184630696,-0.026489746049062957,12952366487595.75,0.9225191777410066
2024-04-15,1690.04,1696.94,1675.51,1694.74,167850474,10057764388279,2013409473966686,-0.005836838369439601,-0.016504369827876397,0.014322394527205295,0.16442237007865235,-0.1513485362897976,-0.2513699690174639,-0.15826200688049363,12783740864625.05,0.7867622235765647
2024-04-16,1677.15,1680.4,1647.74,1654.24,188572777,11443202205082,1965790949221920,-0.023897470998501258,-0.04146482790589867,-0.016586015432722645,0.18437784034932023,-0.17162916003164774,0.12345692273707853,0.13774808827472085,12831195389950.2,0.8918266659741367
2024-04-17,1662.55,1666.0,1636.05,1636.05,151104855,9403926234303,1944311927452410,-0.010995986072154018,-0.04701852898175063,-0.01771776459569152,0.18516517510068478,-0.18073791425051833,-0.19869210495850098,-0.17820850617088146,12745460285015.55,0.7378255491768241
2024-04-18,1642.35,1672.84,1639.45,1667.27,199701567,10255125832315,1983477721131860,0.019082546376944398,-0.02988991295442911,-0.01332126075583806,0.1907809945970106,-0.16510430750433158,0.3216092030927795,0.09051534186934096,12616585281252.6,0.8128289551970477
2024-04-19,1644.06,1650.22,1611.61,1638.34,223214849,12540220264264,1951685328803440,-0.01735171867783869,-0.03892203274495665,-0.056799078871617725,0.16718171961769718,-0.17959118268585572,0.11774210064160395,0.22282461174181045,12481880518333.55,1.0046739548455668
2024-04-22,1651.9,1661.59,1642.87,1656.31,201511406,11417990761762,1977549551711550,0.010968419253634787,-0.022676044703022313,-0.044192072203082744,0.17426187988316721,-0.17059259481817546,-0.09723117927517444,-0.08949041395229951,12438249305221.1,0.9179741040380309
2024-04-23,1659.98,1666.55,1652.58,1653.05,167836357,10094093865863,1974459215022500,-0.0019682305848542914,-0.0007193635748138361,-0.04379992711581071,0.17426240567328868,-0.17222505984035896,-0.1671123717929892,-0.11594832431750002,12374471537908.9,0.8157191872751884
2024-04-24,1679.49,1691.04,1678.19,1688.89,161297918,10314757324117,2014007063605550,0.021681134871903485,0.032297301427218095,-0.033295937174453005,0.1888850122875944,-0.1542779597191759,-0.038957226651434085,0.021860650513688684,12111787165045.45,0.8516296714563588
2024-04-25,1667.79,1677.05,1657.38,1657.38,149705798,9330664564590,1977842555737910,-0.018657224567615427,-0.005931852669333604,-0.04931855726872236,0.19834503832058542,-0.1700567857464771,-0.07186775963221048,-0.09540629300372261,11796901460185.1,0.7909419771014682
2024-04-26,1674.95,1681.75,1669.7,1677.25,194339334,10219118211958,1999818093897840,0.011988801602529131,0.023749649034998876,-0.03625707472634809,0.20487721823387398,-0.16010676120942624,0.29814166582913515,0.09521868900310637,11606266496536.3,0.8804828163309646
2024-04-29,1689.17,1694.84,1682.43,1694.3,182732511,9758665700984,2023270654577420,0.010165449396333237,0.02293652758239695,-0.028915317380713623,0.20875699780381515,-0.15156886899217825,-0.059724517734531246,-0.04505794936741181,11463561932826.3,0.8512769205738513
2024-04-30,1697.94,1709.87,1693.23,1696.15,173095431,10535779257362,2023850955310800,0.0010918963583781416,0.026073016545174132,-0.027509417302609362,0.2089147132835202,-0.15064247012989607,-0.0527387269362265,0.07963317734100062,11413141061845.7,0.9231270515514145
2024-05-02,1688.07,1698.07,1688.07,1691.24,139810742,8473217332010,2016496587199400,-0.0028947911446511876,0.0013914464529956039,-0.0327370058565154,0.20848806626333122,-0.15310118278600693,-0.19229097387325034,-0.19576738226655233,11073212687990.0,0.7651995469390782
2024-05-03,1706.06,1707.57,1686.71,1686.71,142131064,8143217627508,2010178362197350,-0.0026785080769139435,0.01769660548576657,-0.018350172269298803,0.20016604695326293,-0.1553696081082434,0.01659616397715702,-0.03894621034389523,10733530697312.6,0.7586709217263293
2024-05-07,1716.4,1726.8,1715.54,1726.8,201998843,10716711039810,2054888098632750,0.023768164059026153,0.029542405723654852,-0.009373888500063154,0.2119573389475375,-0.13529429438452067,0.4212153016739535,0.31602906001292075,10558764025013.85,1.0149588545043693
2024-05-08,1724.42,1733.13,1720.94,1733.03,177779219,7926495847111,2063007087726920,0.003607829511234728,0.02285899781620726,0.005716175907334087,0.2082388944666155,-0.1321745836212681,-0.11989981546577477,-0.2603611483349717,10356902943390.1,0.7653345686868472
2024-05-09,1730.93,1734.66,1709.81,1710.25,200588783,10093504461494,2038487998948080,-0.013144607998707425,0.008312944020281154,-0.009010314057248836,0.21359873914322827,-0.14358180853088165,0.12830275736558394,0.2733879706973943,10265351987706.15,0.9832594609110378
2024-05-10,1727.33,1732.08,1715.72,1717.83,193888840,9665522797676,2046293086493630,0.0044321005700920235,0.015722192001135227,0.0006174385619506229,0.2134335370538963,-0.13978607697623413,-0.033401384164138403,-0.04240169164740748,10230636211747.55,0.9447626323158039
2024-05-13,1722.54,1725.46,1705.39,1714.79,258019032,10667031162066,2042637043237790,-0.0017696745312399953,0.016647793633760344,-0.0022401433691756623,0.2135019965487808,-0.1413083756472273,0.33075752064946085,0.10361657463896368,10150290768024.55,1.050908925256534
2024-05-14,1718.5,1720.28,1711.6,1715.92,168503017,8325602826271,2044497481080660,0.0006589728188290955,-0.006300671762798138,0.006587708029025752,0.21135297250697238,-0.14074252120702258,-0.3469357058900988,-0.21950140580085364,9969130585241.25,0.8351383057010606
2024-05-16,1745.37,1748.62,1729.99,1733.57,260864480,13233673246457,2064666663157340,0.010286027320620894,0.0003115929903116932,0.022912069107945632,0.2127737872749356,-0.1319041753047101,0.5481294320089236,0.5895153207043271,10127926028150.15,1.3066518465552133
2024-05-17,1732.88,1733.57,1711.7,1712.14,173381991,10423407982066,2040276033931430,-0.012361773680901189,0.0011051015933343233,0.03500096721152923,0.19815113420880473,-0.1426353794229286,-0.3353560783744878,-0.21235715980394043,10076936316999.35,1.0343826391442177
2024-05-20,1723.52,1730.89,1715.77,1722.95,225191090,11390330034071,2053007008428780,0.006313736026259509,0.002980504473667489,0.05311573607163611,0.19278437037934057,-0.1372222055303508,0.29881476560042497,0.09276448294728934,10176256506987.75,1.119304532688379
2024-05-21,1718.26,1720.82,1711.27,1713.99,194889262,10010461822697,2041054009826730,-0.005200383063931113,-0.00046652942925951013,0.028021856088096042,0.18443907157685163,-0.14170898056064662,-0.13456051036477512,-0.12114383053401512,10164023306506.85,0.9848916635490651
2024-05-22,1713.48,1719.85,1702.26,1714.07,192834699,11122155453471,2041167284554040,4.667471805541723e-05,-0.001078138840971632,0.04622361658752161,0.17075142140214708,-0.14166892006930465,-0.010542207297188133,0.11105318120822627,10093120065967.2,1.1019541411157474
2024-05-23,1712.04,1724.49,1703.3,1714.63,193155130,11142341188741,2040917156512980,0.00032670777739540746,-0.010925431335336855,0.0352107999106448,0.16775188213852896,-0.14138849662991115,0.0016616874538746274,0.0018149121682793368,10079337587316.15,1.1054636370908475
2024-05-24,1695.24,1697.23,1686.19,1690.16,170877598,10638819427094,2013775153838360,-0.014271300513813534,-0.01283773523193199,0.022449411693536314,0.17684077590196914,-0.15364199941912282,-0.11533492276389445,-0.045189942860105026,10106573865377.7,1.052663302995254
2024-05-27,1695.2,1717.94,1692.07,1714.84,274087997,15296166492600,2043276026929150,0.01460216784209778,-0.004707043152732293,0.015365121470314769,0.16748853280690815,-0.1412833378401387,0.6040019300833104,0.4377691620223465,10355644323801.85,1.4770849610431913
2024-05-28,1708.81,1720.9,1708.59,1716.56,214491156,11831193579202,2043537533883180,0.0010030090270811698,0.0014994253175339978,0.03570695917653155,0.150888448900534,-0.14042203727628721,-0.21743688761387092,-0.22652557522005856,10480670774532.45,1.1288584322247064
2024-05-29,1715.1,1717.08,1687.85,1687.85,213116021,12929623996772,2010078893001270,-0.016725311087290917,-0.015296924863045236,0.006319868832910913,0.15935589505477116,-0.15479874610662103,-0.00641115011753679,0.09284189377992469,10616196063773.15,1.2179149592850138
2024-05-30,1680.2,1681.46,1660.79,1660.79,170752022,10423016931037,1980461392278730,-0.01603223035222323,-0.03140036042761418,-0.019778079442837715,0.1650145205991317,-0.1683492073030276,-0.1987837366764651,-0.1938654261222753,10649413625275.8,0.9787409239414403
2024-05-31,1675.37,1679.27,1660.32,1660.79,290084790,16934520159017,1982148091990550,0.0,-0.01737705306006543,-0.020847212805471305,0.16488104123761546,-0.1683492073030276,0.6988659144545883,0.6247234626080724,10969350670358.55,1.54380333603315
2024-06-03,1674.48,1696.52,1674.11,1690.67,224240010,13006060687366,2016537772232580,0.017991437809717237,-0.014094609409624148,-0.00033703081762492815,0.17785795625802106,-0.15338661378681806,-0.22698459991645892,-0.2319793790885325,11195992838126.35,1.1616710438645266
2024-06-04,1681.71,1689.57,1678.69,1680.24,220325986,12084584586015,2002450279644000,-0.006169151874700574,-0.021158596262291995,-0.003835869829431293,0.1789942495149065,-0.1586095003455218,-0.01745461927155645,-0.0708497463990857,11393061186051.7,1.0606968916141624
2024-06-05,1694.17,1704.41,1684.76,1698.56,199555741,12041130814533,2022186477077410,0.01090320430414704,0.006345350593950805,-0.016353949501969,0.16114652702489235,-0.1494356478282206,-0.0942705187757562,-0.0035958018393356106,11459282174787.85,1.050775313049303
2024-06-07,1718.27,1726.24,1709.93,1723.02,173949810,11963950139157,2049874080848560,0.014400433308213945,0.0374701196418572,-0.0057760108018902745,0.1693831254881872,-0.1371871526004267,-0.12831467975656985,-0.006409753084224201,11661154889390.15,1.0259661459468603
2024-06-10,1706.72,1717.58,1700.39,1704.67,171367372,10189163873079,2029804364204690,-0.010649905398660398,0.026421161013734595,-0.003262680894606018,0.1670772156712042,-0.146376027801981,-0.014845879969630271,-0.1483445054045548,11665937859969.4,0.873411464674622
2024-06-11,1714.26,1715.67,1704.13,1707.61,197397063,12340568797316,2034750834366450,0.0017246739838208125,0.01001969633340627,-0.005949366351734486,0.16637576862369632,-0.1449038047451653,0.15189408985042974,0.2111463659860522,11799690159951.4,1.0458383762651975
2024-06-12,1711.08,1725.29,1708.83,1722.81,188414124,11482174854251,2052370206324540,0.008901329928965085,0.025335666333380802,0.004676957528326975,0.16936471181646298,-0.13729231139019926,-0.04550695366728941,-0.06955870164199363,11840447344560.65,0.9697416423650381
2024-06-13,1749.84,1756.96,1738.03,1738.18,316502920,18980407687512,2069050264301000,0.008921471317208551,0.02332564054257724,0.012972632756771851,0.17212213393100764,-0.12959568949113154,0.6798258712282101,0.6530324549521174,12373187587622.7,1.5339949833540645
2024-06-14,1742.87,1749.31,1735.13,1741.63,223650279,15227870662642,2173885392432800,0.001984834712170258,0.010800803240821333,0.004649365182830989,0.16847423480814375,-0.12786808080201095,-0.2933705666917702,-0.19770581784388908,12472897458431.95,1.2208767620668306
2024-06-17,1738.57,1744.34,1730.2,1732.46,187682813,11771655602845,2162838692241325,-0.005265182616284836,0.016302275513735864,0.011868188349083653,0.1632094470546896,-0.13246001462207935,-0.16082012578218152,-0.2269664049797856,12540309839470.9,0.9387053233560032
2024-06-18,1747.15,1754.05,1743.24,1749.27,223618791,13157305174899,2177980099334840,0.00970296572503826,0.02439667137109769,0.015276125250297312,0.16520327063553958,-0.12404230387885706,0.1914718637555799,0.11771067883765762,12628658596512.3,1.0418608654550767
2024-06-19,1764.56,1775.34,1764.21,1771.86,226698562,14370975699540,2207031453203315,0.012913958394072944,0.028470928308983456,0.03376332417341987,0.16893380503939415,-0.11273022263618071,0.013772415932612692,0.09224309298201838,12846684290354.45,1.118652515679086
2024-06-20,1775.4,1782.93,1770.48,1779.12,204378773,12766369708466,2213116171250895,0.004097389184247069,0.023553371917752974,0.03795060878493883,0.1690149694299213,-0.10909473304690087,-0.09845580317355518,-0.11165602284926013,12928895003104.2,0.9874292973530083
2024-06-21,1767.76,1770.62,1756.88,1762.18,221928137,14058434567365,2194300325968865,-0.009521561221277786,0.011799291468337136,0.02773193050395717,0.17379248192822186,-0.11757754208855364,0.08586686250435616,0.10120847887102702,13074699672035.4,1.0752395787288058
2024-06-24,1753.61,1759.56,1744.35,1749.8,167349867,10766570744632,2177337916873540,-0.007025389006798499,0.010008889094120343,0.035286600085199016,0.16687811671853073,-0.12377690312371681,-0.24592767162281903,-0.2341557878979409,13081087237912.3,0.8230639050726422
2024-06-25,1748.16,1760.89,1748.16,1756.95,173498771,10766029105484,2184824039922060,0.004086181277860312,0.004390402853761799,0.02455622681999503,0.16020969453544123,-0.12019649671003219,0.03674280780874484,-5.0307489807721595e-05,12854580368556.5,0.8375247419059053
2024-06-26,1752.13,1769.55,1748.58,1769.3,171037402,10854490174482,2197598635205295,0.007029226785053577,-0.001444809409321235,0.030724239176026513,0.161503254423895,-0.11401215835912226,-0.014186665333784987,0.008216684919878148,12805745198320.5,0.8476265930939801
2024-06-27,1751.85,1766.03,1748.66,1766.03,160207141,10036604616080,2192505636338350,-0.0018481885491437033,-0.007357570034623784,0.04631928192671153,0.14715524547523712,-0.11564963094272351,-0.06332100975200738,-0.07534997455014336,12661094229285.9,0.7927122596453557
2024-06-28,1771.63,1773.8,1762.42,1773.8,168908394,10352599720193,2202953465881720,0.00439969875936419,0.006594105028998154,0.06804592994900016,0.13028812081395783,-0.11175875572113891,0.054312516568783886,0.031484263473598784,12657573368743.7,0.817897666369247
2024-07-01,1769.82,1778.85,1765.9,1777.55,173400487,9863261271995,2212398031667310,0.002114105310632608,0.015858955309178135,0.07030389152150485,0.12978685678519478,-0.10988092018948614,0.026594847618999884,-0.04726720451130095,12304010424392.6,0.8016297883201696
2024-07-02,1773.4,1778.99,1758.47,1760.48,179080170,11541393830616,2191279768088900,-0.00960310539787912,0.002009163607387787,0.04129132237515298,0.125633017890736,-0.11842882752956962,0.032754711928807856,0.17013972481756756,12230777081555.1,0.9436353678640141
2024-07-03,1770.0,1774.2,1757.54,1773.31,217598232,12636382547210,2207340537611510,0.0072877851495045665,0.002266433052619643,0.05539089653858964,0.12300290509710252,-0.11200412623060829,0.2150883707559581,0.09487491135510084,12258366979614.85,1.030837351192355
2024-07-04,1789.23,1797.26,1786.16,1797.26,247760064,15689858696212,2233354965194420,0.01350581680586016,0.017683731306942674,0.05810804446119078,0.1256164016402047,-0.10001101663511902,0.13861248652057068,0.24164163577622766,12440803373698.8,1.26116121482814
2024-07-05,1806.17,1833.2,1806.17,1830.18,234822944,15539418326191,2267181417884560,0.01831677108487373,0.0317848686435902,0.06219312602291338,0.13104140854473276,-0.0835261244479163,-0.05221632490375849,-0.009588382721210875,12619576783050.5,1.231373967078054
2024-07-08,1831.37,1837.16,1825.65,1827.89,193305547,11567409375443,2264734830700230,-0.001251243047131978,0.02831987848443096,0.07228378513143308,0.12193609892755036,-0.0846728560125789,-0.17680298310202602,-0.2556085992004833,12688489058168.7,0.9116459274554868
2024-07-09,1837.04,1838.55,1822.87,1833.46,203311204,12038505509817,2272071559100580,0.0030472293190508815,0.04145460329001183,0.07369949812896404,0.12176757160761077,-0.08188364430289741,0.05176083746836291,0.0407261573515425,12673385893793.75,0.9499044383799868
2024-07-10,1829.66,1833.84,1824.82,1831.9,193411874,11924640533892,2270800871164690,-0.0008508503048879623,0.03303990841984761,0.06332096981094848,0.1210438082987669,-0.08266482388406493,-0.04869052863412293,-0.00945839795746628,12695509177775.8,0.9392802105776703
2024-07-11,1846.28,1852.02,1835.22,1842.54,227954498,14182795194400,2287337383805270,0.005808177302254469,0.025193906279558975,0.06003981175712525,0.11955392793251446,-0.07733677853558873,0.17859619104874613,0.189368782571677,12455628553120.2,1.1386655546056033
2024-07-12,1823.98,1827.9,1807.14,1815.67,227152180,14663798209159,2255653651672030,-0.014583129809936257,-0.007928181927460698,0.04251189977205261,0.13481253150604566,-0.09079209606505823,-0.0035196410118654153,0.03391454280810047,12427424930446.05,1.179954680171436
2024-07-15,1823.68,1829.06,1811.52,1822.67,202466156,12124110960248,2258479944011780,0.0038553261330527278,-0.0028557517137245414,0.052070466273391514,0.13204652935868352,-0.0872868030726397,-0.10867614829846672,-0.17319436701772895,12445047698316.2,0.9742116907987728
2024-07-16,1822.39,1830.75,1819.22,1825.98,206688799,12785899331447,2259168804593250,0.001816017161636374,-0.004079718128565668,0.04385257850417612,0.12933910855752775,-0.08562930024336746,0.020856043713300965,0.05458448651359604,12426477406143.6,1.0289238787112511
2024-07-17,1824.64,1826.92,1805.68,1807.01,249679387,13749792072355,2237773403953050,-0.010388941828497589,-0.01358698618920251,0.01983791044439176,0.13013628705059946,-0.09512864425282175,0.20799669942443266,0.07538716799821032,12395418224784.35,1.1092640702402934
2024-07-18,1778.44,1795.68,1775.68,1795.68,299921210,15326903484910,2223794306006710,-0.006270026175837384,-0.02543228369533357,0.009307972480777194,0.13206792792260816,-0.10080221133912204,0.20122535385750528,0.11470074632807736,12523444913606.55,1.2238568213972443
2024-07-19,1778.34,1781.58,1762.3,1775.64,168490066,9843736320755,2204430557240255,-0.011160117615610754,-0.0220469578723006,0.0076382662384093525,0.1338326840702415,-0.11083736442027459,-0.43821890422487964,-0.3577478757893541,12312710001276.05,0.7994776389385299
2024-07-22,1773.27,1776.18,1746.02,1753.59,168154075,10542521423494,2175009259776280,-0.012418057714401631,-0.03790044275705429,0.0021659618242084733,0.13907491350753848,-0.12187903734639305,-0.0019941294343133187,0.07098779162396385,12301507535219.15,0.8570105243857973
2024-07-23,1771.95,1777.56,1756.59,1762.05,185312190,11746187631463,2183528905739080,0.004824388825209969,-0.03501133637827358,0.002902757619738683,0.13937675931217444,-0.11764264038698435,0.1020380564669634,0.11417251714439303,12350515461518.1,0.9510686147523095
2024-07-24,1748.34,1765.2,1743.01,1750.29,169432063,11034432292947,2172458354791660,-0.006674044436877469,-0.03138886890498671,-0.01074436217713215,0.13893448227702904,-0.12353153261424754,-0.0856939146852671,-0.060594582757175885,12359512567441.35,0.892788630031818
2024-07-25,1723.29,1727.63,1712.33,1715.19,198189304,14194259810119,2133163848771690,-0.02005381965274322,-0.04482424485431702,-0.02878773293771897,0.15533295822100804,-0.14110807319051766,0.16972726702855523,0.2863606784004378,12567395327143.3,1.129451206127173
2024-07-26,1725.19,1732.7,1717.04,1727.52,226379366,12628224288378,2147528562694875,0.007188707956552909,-0.027100087855646438,-0.02609087834028634,0.15702369396034885,-0.13493374996244334,0.14223805942625445,-0.11032879084153324,12681176555552.55,0.9958243411451152
2024-07-29,1739.52,1755.61,1735.42,1748.88,175940217,10192773748769,2175014986144420,0.01236454570714085,-0.0026859186012693215,-0.016128941520632267,0.1640174131315728,-0.12423759877414897,-0.22280806723347746,-0.19285771965979348,12697652179391.25,0.8027290088566327
2024-07-30,1733.92,1739.5,1726.41,1733.08,171851650,10194392678056,2156480088743725,-0.009034353414757001,-0.016441077154450756,-0.015563937108061476,0.16362274212015146,-0.13214954581417948,-0.023238387843980024,0.0001588310823827932,12630302121763.25,0.8071376741249967
2024-07-31,1737.51,1756.52,1728.64,1756.52,187827082,11824348355121,2180285532431710,0.013525053661689102,0.003559410154888587,-0.009468169693962136,0.1690849498624382,-0.12041182185099497,0.09296059711966698,0.1598874723134387,12589700412158.8,0.9392080802575219
2024-08-01,1771.25,1775.1,1757.76,1758.74,168791399,10944662811064,2186466960034990,0.0012638626374876782,0.025390773033891367,-0.021432625218387957,0.16110652048628651,-0.1193001432162566,-0.10134684943888972,-0.07439611195791751,12352440617901.4,0.886032416557646
2024-08-02,1718.3,1723.21,1681.37,1686.78,205814984,12911523110916,2108913490309625,-0.04091565552611531,-0.02358293970547376,-0.07835294889027311,0.1993948705164752,-0.1553345551783193,0.219345210830322,0.179709538229327,12221045857137.65,1.0564990314126903
2024-08-05,1642.0,1642.0,1496.53,1530.44,334168440,18891322517235,1920043081106820,-0.0926854717271961,-0.12490279493161338,-0.16272861058378785,0.3720772480043493,-0.23362277038327872,0.6236351382462999,0.4631366380983666,12587241514227.25,1.5008310197180457
2024-08-06,1594.01,1620.12,1562.58,1581.09,260452369,16034635590996,1988260353584635,0.03309505763048537,-0.08769935605973178,-0.1376468534901225,0.398841984038373,-0.20825947180242166,-0.2205955505552828,-0.15121688402877975,12787048018286.2,1.253974769474985
2024-08-07,1577.23,1631.38,1573.56,1614.56,209243070,13551296252307,2024687888950030,0.021168940414524107,-0.080818891899893,-0.11864184726240523,0.4108695895147596,-0.1914991637372433,-0.19661675260093336,-0.15487345032546174,12868380804206.95,1.0530692601105487
2024-08-08,1587.39,1614.23,1579.69,1603.35,205621074,11674662163180,2013761034798560,-0.00694306808046774,-0.08835302546140988,-0.12981536357419654,0.4085104078400962,-0.19711264008653073,-0.01730999263201405,-0.13848373278737214,12742974152645.95,0.9161646271373685
2024-08-09,1637.09,1637.38,1619.26,1627.57,168222592,9981512373437,2040542462966275,0.015105872080331872,-0.03510238442476199,-0.10359812080389064,0.4143679531946976,-0.18498432633276252,-0.18188058875716206,-0.14502773322922535,12508859860859.85,0.797955407964006
2024-08-12,1637.16,1651.39,1635.79,1646.24,139672269,7826750388682,2063564013169130,0.011471088801096263,0.0756645147800632,-0.09679755523490263,0.4174255964272547,-0.1756352091658404,-0.16971753116252064,-0.21587530066979588,12293991832281.55,0.6366321448278929
2024-08-13,1651.78,1659.37,1639.39,1651.03,170105619,9069165715300,2066160248512020,0.0029096608027989745,0.04423530602306003,-0.09581156420114134,0.4176712524432763,-0.17323658724674262,0.2178911405813848,0.15873961285575366,12108155151474.2,0.7490130083273508
2024-08-14,1670.62,1674.8,1660.61,1667.67,150646041,8832956932548,2086087425098560,0.01007855702198035,0.032894410861163514,-0.07711080735579767,0.4202723210033636,-0.16490400504762193,-0.11439703235200005,-0.026045260409511273,11862313394483.85,0.744623467514815
2024-08-16,1704.08,1709.04,1695.32,1707.95,172169052,11217530133736,2130429231727565,0.024153459617310302,0.06523840708516548,-0.04885614363360957,0.43148954602390693,-0.144733547656962,0.1428714014462551,0.2699631866652987,11656844726925.15,0.962312735265795
2024-08-19,1707.99,1708.12,1684.33,1690.88,159694396,8887312910692,2110257704033790,-0.009994437776281506,0.038898480556903925,-0.047734901218715486,0.43118596528275127,-0.15328145499704549,-0.07245585577133806,-0.20772997221875267,11609023556422.0,0.7655521472153121
2024-08-20,1709.02,1713.99,1700.98,1707.21,164154325,8828397771558,2127351414983380,0.009657693035579173,0.037035912139177674,-0.026448599729697264,0.4312853723253256,-0.14510410720187483,0.027927899235737685,-0.006629128480794333,11523317373825.2,0.7661333525024129
2024-08-21,1698.37,1705.63,1694.39,1701.98,152565685,9687894885109,2129669180530390,-0.003063477838110118,0.030859524054680953,-0.03409097358190738,0.4307872406793352,-0.14772306182335326,-0.07059600775063346,0.09735595696877164,11420402736507.5,0.8482971317762544
2024-08-22,1708.94,1709.62,1693.68,1705.1,141023188,8818718153978,2135512095807485,0.0018331590265454611,0.022444488417972197,-0.02581857863554038,0.4304560365434421,-0.14616070266101822,-0.07565591830168106,-0.08971781191257433,11309617029559.05,0.7797539148256935
2024-08-23,1693.51,1708.94,1692.28,1700.94,133819039,8877151631393,2130962835789375,-0.0024397396047152187,-0.004104335607014287,-0.008308117468035614,0.4245853141729853,-0.14824384821079828,-0.051084854215606046,0.006626073811945243,11043761620622.75,0.8038159402876014
2024-08-26,1710.6,1712.11,1688.18,1693.06,148489350,9283730217121,2126553816233920,-0.004632732489094349,0.001289269492808387,-0.0199476706492544,0.4239805426533217,-0.1521898066079781,0.10962798051479061,0.04580056786347808,10876536917059.9,0.8535557124399977
2024-08-27,1690.97,1691.82,1679.96,1684.14,125193624,8368961470319,2118182618254995,-0.00526856697340905,-0.01351327604688346,-0.037017977219706344,0.42141169390097494,-0.15665655139260282,-0.15688482709366025,-0.09853461113238604,10785346303137.4,0.775956676317803
2024-08-28,1685.48,1688.21,1673.64,1687.47,160012263,11307250623886,2119977788348745,0.001977270298193723,-0.008525364575376893,-0.02631730791423359,0.42062491054783574,-0.1549890334404952,0.2781183089643606,0.3510936409479013,10840989200428.9,1.043009121661947
2024-08-29,1661.96,1671.36,1655.97,1664.67,176921789,12407842850796,2098923971810670,-0.013511351312912256,-0.023711219283326423,-0.05229089335732007,0.419200563008625,-0.16640627347294412,0.10567643806150029,0.09733508732751117,10870163925212.65,1.1414586694517828
2024-08-30,1673.92,1681.48,1669.97,1673.02,180674310,11123058363707,2109492642675650,0.005016009178996361,-0.016414453184709688,-0.048739438461625983,0.4198391334082924,-0.16222495968913064,0.021210055704331543,-0.10354616048401821,10879083702844.8,1.0224260303097403
2024-09-02,1677.6,1680.36,1659.49,1676.52,144097439,9625062446712,2116846300123210,0.002092025199937897,-0.009769293468630758,-0.006082595240636035,0.39413791085417016,-0.16047231319292132,-0.2024464407806511,-0.1346748230579059,10714760669634.6,0.898299340832616
2024-09-03,1676.12,1684.41,1660.04,1660.04,142272505,9253268982775,2100272548410130,-0.009829885715649134,-0.014309974230170996,0.0846815294947858,0.19527678911123217,-0.16872477440935818,-0.012664583164451626,-0.03862764174210709,10232857992911.6,0.9042702428964449
2024-09-04,1610.63,1623.43,1600.75,1602.67,181112475,11305285967548,2031333476855585,-0.03455940820703107,-0.05025274523398937,0.013648811895591084,0.2093995360268748,-0.19745315426293697,0.27299702075253407,0.2217613027993499,9996390511739.2,1.1309368070676817
2024-09-05,1613.6,1623.71,1588.84,1598.13,179297142,10410861122328,2025558711764480,-0.0028327728103726413,-0.03997188631981108,-0.010176147061738083,0.1952269681333219,-0.1997265871465913,-0.01002323556121687,-0.07911563208462491,9839368755240.25,1.0580822186162486
2024-09-06,1599.09,1599.62,1569.22,1578.99,144717382,9002911657960,1998607407125755,-0.011976497531489994,-0.05620375130004418,-0.015193189259986806,0.19824531100359188,-0.20931105970014718,-0.19286286225354332,-0.13523852136961023,9705781229979.25,0.9275823805044952
2024-09-09,1548.88,1576.85,1543.92,1571.0,126752420,7830041195221,1992043229442700,-0.005060196708022269,-0.06293989931524824,-0.03475733762603139,0.18967119799232005,-0.2133121012729221,-0.12413824622670411,-0.13027679347514165,9598207671068.45,0.8157815983522452
2024-09-10,1573.93,1576.5,1561.09,1561.72,133241040,8565878784669,1980530276767650,-0.005907065563335423,-0.05922748849425308,-0.05134123821557002,0.18360075317436533,-0.2179591182685856,0.0511912908645058,0.09397620920527361,9635164090867.8,0.8890226158979204
2024-09-11,1560.75,1562.15,1537.9,1550.93,156463986,9714945570246,1974138123162590,-0.006909048997259415,-0.03228362669794782,-0.060628819585349714,0.1830226979488934,-0.2233622770383279,0.17429274043492904,0.13414464697230732,9667453083615.1,1.004912616199958
2024-09-12,1575.73,1589.8,1569.2,1589.64,178769370,11451917039475,2022123811462765,0.024959218017576612,-0.005312458936381881,-0.04678983252082247,0.20364944008175942,-0.20397800679025324,0.14255922126386333,0.17879374173220586,9798401088961.45,1.1687536502640565
2024-09-13,1588.61,1596.24,1581.15,1589.46,128553844,8128929780323,2024322149589345,-0.00011323318487210798,0.00663082096783385,-0.06937556720044502,0.17847996773474012,-0.20406814289577258,-0.2808955807138549,-0.29016864579944057,9643971071290.8,0.8429027545014173
2024-09-19,1599.0,1601.71,1568.02,1589.5,187138676,13195443516682,2030162878784440,2.5165779572899893e-05,0.01177593889242523,-0.05995694549583652,0.1772044409753564,-0.2040481126501017,0.45572213305422427,0.623269467602374,9859377601590.3,1.3383647578883273
2024-09-20,1605.93,1615.42,1596.82,1597.87,210145734,14127305627914,2041220839555075,0.00526580685750222,0.02314755525958545,-0.06404601660018405,0.1736855123932249,-0.19985678374345273,0.12294122461355883,0.07061999167014865,10124322994408.1,1.395382746650501
2024-09-23,1599.56,1605.99,1594.07,1604.46,146112863,9387849754496,2050389738938730,0.004124240395025902,0.03451477500596423,-0.05729797059894948,0.17564897134004742,-0.19655680076916138,-0.3047069753983205,-0.33548193818737504,10109320737877.45,0.9286330899881085
2024-09-24,1611.02,1624.02,1601.85,1624.02,156691941,10845433300214,2077465834638105,0.01219101753861107,0.021627538310560857,-0.047551463257286875,0.18303374204277256,-0.18676201063606046,0.07240346799583275,0.15526276877406753,10210656495189.25,1.0621680697341866
2024-09-25,1636.81,1643.49,1599.68,1599.68,190818922,11706220827464,2046649602331580,-0.014987500153938904,0.00642985668088536,-0.059531788305290045,0.18843714398214093,-0.19895041512684153,0.217796657455408,0.079368661760431,10352109954992.8,1.1308053023353093
2024-09-26,1626.45,1654.1,1625.4,1654.1,171157241,11906927658944,2108970002791320,0.03401930386077212,0.04064171122994642,-0.023011588484755485,0.2294677888848329,-0.1716992658914962,-0.10303842404056762,0.017145313969229248,10483269827083.95,1.1358028416078707
2024-09-27,1655.62,1663.36,1641.87,1641.87,172051398,11152554188327,2090781762149640,-0.007393748866453054,0.027536658176197104,-0.025098863514909864,0.23010732804855796,-0.17782351350539316,0.005224184467895299,-0.06335584562406793,10622449462984.35,1.0499041889716574
2024-09-30,1650.54,1652.41,1600.57,1600.57,167600416,10864081058202,2046466003739305,-0.02515424485495199,-0.0024244917293045898,-0.05149721180228395,0.2448652940540333,-0.1985047421606626,-0.02587007168636901,-0.02586610432495684,10600290984700.15,1.0248851728582347
2024-10-02,1582.31,1603.36,1577.23,1584.65,156554095,9670182276937,2025275866766340,-0.009946456574845164,-0.02424231228679441,-0.048069587365664024,0.24306466278080083,-0.20647677993770586,-0.06590867292358038,-0.10989413415354155,10463407956007.2,0.9241905044317041
2024-10-04,1586.53,1602.89,1581.79,1591.08,152246946,10123311199051,2033358970635180,0.004057678351686356,-0.00537607521504313,-0.04897729853797328,0.2427030691561933,-0.20325691794609868,-0.027512209118515818,0.04685836410702349,10413420597774.4,0.9721408161708743
2024-10-07,1596.45,1618.68,1585.48,1616.92,169942970,10534232614470,2066440971726920,0.016240541016165233,-0.022477480200713273,-0.03554982940853668,0.25122049802911794,-0.19031737924265635,0.11623237421130272,0.04059160163499875,10458879106162.3,1.0072047403495945
2024-10-08,1604.56,1610.09,1596.83,1603.17,150931073,9741195954400,2054169957323540,-0.008503822081488255,-0.02357068464616552,-0.03425821064552659,0.2506941305659248,-0.19720277619204996,-0.11187221807409864,-0.07528186333959164,10483275454743.55,0.9292130113773011
2024-10-10,1615.69,1616.59,1604.71,1606.49,204353505,13713128829531,2055850904056545,0.0020708970352487643,0.0036986823444149497,0.002383522496833379,0.21851954861229053,-0.19554026580136008,0.35395250916953325,0.4077459167975075,10603667597842.7,1.2932439368734
2024-10-11,1615.96,1622.18,1605.07,1606.37,157811703,10282043509499,2053156924466965,-7.469701025220044e-05,0.013706496702741822,0.0051560261055105805,0.2182295566033793,-0.19560035653837304,-0.22775142515906444,-0.2502044108739949,10597226717201.25,0.9702579536973905
2024-10-14,1610.39,1627.08,1610.39,1623.33,141948055,8826947161721,2071531173407095,0.010557966097474392,0.020269251074741756,0.02808124180647109,0.21600086762099913,-0.18710753237388456,-0.100522633609752,-0.14151820564012574,10588428492389.3,0.8336409097974823
2024-10-15,1629.68,1631.65,1618.73,1629.98,158381122,10401495375617,2079884040258630,0.004096517651986931,0.008077084827944558,0.03754296626352649,0.21476948423110373,-0.18377750403108695,0.115768173082752,0.17837970308967033,10717001201409.1,0.970560250963617
2024-10-16,1608.67,1619.83,1604.83,1611.74,160156277,9829127509353,2059183044976490,-0.01119032135363629,0.005345658913278095,0.03202878877135462,0.21811944069546363,-0.19291129605704616,0.01120812239226332,-0.05502745957141264,10780163637643.3,0.9117790638196461
2024-10-17,1618.85,1620.37,1607.43,1613.44,172546263,9775751852873,2057765961704380,0.001054760693412149,0.004326201843771305,0.04030484934845546,0.21578592610144756,-0.19206001061603017,0.07736185076280222,-0.005430355484676519,10783203951774.65,0.9065721001469281
2024-10-18,1617.09,1619.85,1597.64,1601.45,133913924,8703974000089,2043784347604300,-0.007431326854422826,-0.0030628062028049685,0.007429355074104693,0.20027987954015442,-0.19806407675590143,-0.22389554156846614,-0.10963636034490942,10645806799805.35,0.8175964643889785
2024-10-21,1605.2,1616.66,1599.62,1608.39,124201985,7920666135741,2054510226998190,0.004333572699740884,-0.00920330431889993,0.01190970518289225,0.20073685629034743,-0.19458882913198927,-0.07252374293803832,-0.08999427897417778,10635393617576.25,0.7447459323603368
2024-10-22,1606.39,1608.7,1583.23,1584.97,154088105,9174875832150,2023837313698670,-0.014561144995927644,-0.027613835752585913,-0.0028499528153507203,0.20790551569126628,-0.20631653797233818,0.24062513976729116,0.1583464919382902,10434365233349.65,0.8792941043338074
2024-10-23,1586.87,1610.72,1579.92,1604.36,157570689,9614342438861,2048540268112935,0.012233670037918642,-0.004578902304341992,0.004061657080989045,0.21170997095327,-0.19660687638333885,0.02260125140743341,0.04789891599089002,10208717073897.0,0.9417777345837337
2024-10-24,1596.98,1602.6,1586.95,1587.78,148201875,9540960385251,2031783067479750,-0.010334338926425435,-0.0159039071796907,-0.010396021091208296,0.21443735960729426,-0.20490941321395306,-0.059457847518836426,-0.007632560840915237,10216372605434.75,0.9338892338534663
2024-10-25,1598.06,1606.76,1584.21,1588.99,155489432,9813739968048,2033222265578855,0.0007620703120079231,-0.0077804489681226885,-0.02156993140478569,0.20928705734004077,-0.20430349828240646,0.04917317679010469,0.028590369499770674,10164787938826.45,0.9654643094483505
2024-10-28,1592.8,1609.78,1591.48,1608.69,144631239,8854090780433,2059352127875390,0.012397812446900192,0.0001865219256522721,0.00563237647529502,0.20759340213726715,-0.19443860228945709,-0.06983235362259221,-0.09778628644527643,10022181436474.9,0.8834494602352008
2024-10-29,1605.65,1613.79,1596.48,1613.79,164702388,9276226619586,2063892218143610,0.003170281409096809,0.018183309463270625,-0.024369747899159577,0.16596267003790413,-0.19188474596640925,0.1387746460500141,0.047676926928047036,9890646384507.0,0.9378787046837055
2024-10-30,1606.37,1611.53,1593.39,1598.09,152270934,8565588786856,2042835309849515,-0.009728651187577153,-0.003908100426338268,-0.026664717669486637,0.16732337765041994,-0.1997466173922624,-0.07547828632575748,-0.0766085027752067,9761298114433.45,0.8775050906590564
2024-10-31,1585.31,1591.33,1571.4,1575.04,189589172,10998721420100,2014215927339600,-0.014423468014942764,-0.008023781632216065,-0.01595056761028879,0.15052312886083458,-0.2112890464601549,0.24507788203361258,0.28405900560830943,9768030132528.35,1.1259917578953147
2024-11-01,1565.87,1575.6,1561.42,1564.13,137785883,8112417058228,2000746609394510,-0.006926808208045365,-0.01564515824517454,-0.012949231691540719,0.14844642137178293,-0.21675229596691004,-0.27323970273998555,-0.2624218081019237,9690141871592.9,0.8371824856362451
2024-11-04,1568.24,1596.55,1565.57,1596.55,141546144,9117315505561,2044335761050480,0.020727177408527364,-0.0075465130012619674,0.003437916383839834,0.16613686916184353,-0.20051778185059443,0.027290611477229554,0.12387164517309723,9639842086918.4,0.945795109852838
2024-11-05,1583.86,1593.43,1579.8,1586.54,149123555,7820734684239,2033083196257780,-0.006269769189815588,-0.016885716233214998,-0.018788808351681063,0.15627556449385036,-0.2055303508297529,0.05353315029196426,-0.1422108098081245,9504167190406.85,0.8228742747847446
2024-11-06,1596.78,1598.06,1567.19,1581.01,189457634,11243239008741,2019498997083895,-0.003485572377626811,-0.010687758511723322,-0.013822613946119278,0.1540371108318256,-0.20829953229376363,0.2704742319213085,0.4376192854872467,9579269343123.9,1.1737052802269845
2024-11-07,1576.9,1589.69,1565.11,1578.97,207008374,10856353086120,2016392630910130,-0.0012903144192636384,0.002495174725721361,-0.017130514351163084,0.1537110636746037,-0.20932107482298268,0.09263675276341732,-0.0344105397314971,9436430555953.35,1.1504724187548687
2024-11-08,1593.19,1597.58,1572.75,1577.19,175679740,10720078103688,2016905428987620,-0.0011273171751204902,0.008349689603805333,-0.018165179877612125,0.15368886061235193,-0.21021242075534052,-0.15133993564917325,-0.012552556217633515,9458332285662.8,1.1334004536865117
2024-11-11,1573.09,1573.09,1548.52,1552.74,214851394,11125420557051,1991724125169255,-0.015502254008711747,-0.0274404184021797,-0.04348468888026458,0.15580824105854288,-0.2224559084217168,0.22297194884282057,0.03781152053580206,9573255955429.3,1.1621354958906553
2024-11-12,1548.64,1551.11,1518.38,1519.44,216841402,11815451817162,1953736107630625,-0.02144596004482391,-0.042293292321655906,-0.06781678302801264,0.1680701601517603,-0.23913108794279359,0.009262253146004706,0.06202293716201823,9643953777506.55,1.2251667821884658
2024-11-13,1511.07,1519.57,1478.14,1479.18,208906105,11204891277307,1902959133200945,-0.026496604012004377,-0.06440819476157644,-0.08224651618747436,0.18531455930504884,-0.259291530210618,-0.03659493494697108,-0.051674751782928685,9712741965904.25,1.1536280194244646
2024-11-14,1486.48,1494.69,1470.42,1473.42,256072983,13466133777728,1901855873655220,-0.003894049405751776,-0.0668473751876223,-0.08678351844506149,0.18427695999756938,-0.2621758855872367,0.2257802757846641,0.2018085177676503,9897261062147.0,1.3605919550036412
2024-11-15,1473.77,1495.32,1464.35,1485.53,222824944,12166310599476,1899703078275195,0.008218973544542596,-0.05811601645965303,-0.07238440163601745,0.18924201262827842,-0.2561117287103527,-0.1298381368096142,-0.09652534273807767,10070377892116.35,1.208128506180534
2024-11-18,1502.65,1530.2,1499.08,1519.88,215474525,11963998932867,1940787673084825,0.02312306045653756,-0.021162590002189563,-0.05503018546496807,0.21037124414224417,-0.23891075524041294,-0.03298741544842487,-0.016628842815973655,10272544531972.65,1.1646577822690185
2024-11-19,1518.84,1524.94,1512.04,1516.4,183180263,10193925415748,1940407906751475,-0.0022896544464037216,-0.002000737113673434,-0.0432626485043881,0.2056851113064964,-0.24065338661378677,-0.14987508152065776,-0.14794998955209926,10323497011152.55,0.9874488658964522
2024-11-20,1520.3,1527.23,1514.64,1519.32,141480537,8252643464140,1953476533363465,0.0019256132946450233,0.027136656796332925,-0.053005559849410355,0.19929353784473863,-0.23919117867980655,-0.22764311676962712,-0.1904351731482189,10255412062416.5,0.8047110553835138
2024-11-21,1513.87,1532.41,1512.25,1521.44,156141067,9976274656812,1953441012347665,0.0013953610825896412,0.03259084307257942,-0.041781607023642975,0.19763307423916648,-0.23812957565924542,0.10362223886667898,0.20885807076988727,10277177775994.55,0.9707212305030471
2024-11-22,1529.13,1541.42,1527.07,1531.62,147568095,9086048667161,1967465621602185,0.006691029550951688,0.03102596379743261,-0.03610469543546535,0.1998631456857911,-0.23303187813598536,-0.054905299193324986,-0.08923431042900731,10240793210950.2,0.8872407127062714
2024-11-25,1547.4,1558.78,1541.49,1554.78,258245899,14241381201203,1997505365108955,0.015121244172836557,0.022962339132036602,-0.033511739365570836,0.20263672402670482,-0.22143436589249765,0.7500117420367864,0.5673899318495308,10510157731988.7,1.3550111772212472
2024-11-26,1547.03,1552.67,1542.67,1547.88,167590095,9186207390666,1983483396828760,-0.004437926909273249,0.020759694012133956,-0.04084174520848427,0.2020473718633683,-0.2248895832707387,-0.35104450584131053,-0.3549637313345688,10505656770542.7,0.8744058169141443
2024-11-27,1544.99,1548.23,1530.42,1533.72,155449713,9046268583418,1969599013816990,-0.009147995968679767,0.009477924334570842,-0.040279333454311006,0.20176331750093346,-0.23198029023825972,-0.07244092796772983,-0.015233578047692431,10529690760370.8,0.8591200624299662
2024-11-28,1531.73,1538.31,1527.99,1530.21,127232848,7757752429652,1971414709409400,-0.002288553321336373,0.005764275949100783,-0.028462769199512294,0.1963602214192204,-0.2337379442958868,-0.18151763972700286,-0.14243620359977782,10367642310848.4,0.7482658252527205
2024-11-29,1524.83,1525.29,1493.63,1501.0,163304430,9166233434822,1929993849939510,-0.01908888322517832,-0.019991903997074956,-0.04036109530537746,0.20545993229042195,-0.24836503119710762,0.2835084065712339,0.18155786974929056,10420333129678.1,0.8796487905665602
2024-12-02,1515.23,1517.59,1497.15,1500.91,146674529,8174635915193,1931472090882075,-5.996002664887534e-05,-0.03464798878297892,-0.059904168363032695,0.18745257221521416,-0.24841009924986723,-0.10183374082380992,-0.10817938760559787,10373199150159.7,0.7880535018039395
2024-12-03,1510.93,1531.75,1510.93,1530.56,184012076,9851835080999,1968760922499490,0.019754682159489834,-0.011189497893893674,-0.035284329421256366,0.20353606708447466,-0.23356267964626587,0.254560537910437,0.2051711150448714,10474754169997.7,0.9405313882417504
2024-12-04,1498.22,1520.09,1495.52,1507.57,264222677,13152744628594,1938880062722960,-0.015020646038051422,-0.0170500482487026,-0.04645131909349087,0.20891347919964479,-0.245075063345652,0.43589857113508135,0.3350552988814628,10570229450990.35,1.244319689518347
2024-12-05,1512.0,1512.0,1490.18,1495.03,183116205,9802026285336,1922211974283560,-0.008318021717067858,-0.022990308519745706,-0.05316123802225503,0.2099528941511297,-0.2513545453634989,-0.30696257005979843,-0.2547543070192023,10517513110951.15,0.9319718627333905
2024-12-06,1500.56,1504.44,1464.09,1486.39,201355746,10684487940347,1911933194335325,-0.005779148244516752,-0.009733510992671501,-0.05757074290351827,0.21015631053918316,-0.2556810784284269,0.09960637290402552,0.09002849301997662,10515733602784.1,1.016047795040968
2024-12-09,1463.55,1469.86,1444.85,1445.75,189305450,10016755974547,1857993102288020,-0.02734141106977317,-0.036751037703793066,-0.06890400195782942,0.22337573256958979,-0.2760318080301255,-0.05984580147019991,-0.06249545785703925,10460300373658.9,0.9575973554039774
2024-12-10,1462.17,1482.92,1461.94,1481.43,173839271,9401917712417,1904401503960985,0.024679232232405424,-0.03209936232490063,-0.025015795293002685,0.23389782501036316,-0.2581648288916263,-0.08169959713257069,-0.061380976405168486,10339623668421.65,0.9093094694666202
2024-12-11,1475.77,1495.56,1475.09,1494.82,137413031,7428741806332,1920147851301980,0.009038564090102064,-0.008457318731468488,0.01057342581700671,0.2161911942988349,-0.25145970415327146,-0.2095397650396268,-0.2098695145437245,10150816194872.9,0.7318368950552174
2024-12-12,1504.24,1522.91,1498.42,1517.38,218351328,12239148434972,1951772166164335,0.015092118114555797,0.014949532785295316,0.02983534905186569,0.2213824091850986,-0.24016264559484812,0.5890147128768304,0.6475398868405653,10089466927735.1,1.2130619509071987
2024-12-13,1513.83,1530.92,1511.29,1525.12,172583441,9292136052648,1974826547574960,0.005100897599810139,0.026056418571168916,0.026650421061843232,0.22041366197016166,-0.23628679305751688,-0.20960663449686,-0.24078573750304733,9945758200393.7,0.9342813152525842
2024-12-16,1536.86,1539.85,1517.26,1521.9,157366887,8408873831373,1970227167885655,-0.0021113092740242534,0.05267162372471046,0.0013290522936020288,0.20510890728583978,-0.2378992278340294,-0.08816925837050615,-0.09505480938619004,9768001945319.0,0.8608591479041097
2024-12-17,1520.32,1520.91,1500.12,1501.66,175961437,9300747894727,1942157944738770,-0.013299165516788225,0.013655724536427716,-0.009720390398311851,0.21049499914185452,-0.24803453214353666,0.11816049967360676,0.10606343741613444,9723343069267.95,0.9565380783614822
2024-12-18,1504.9,1526.49,1504.3,1520.87,135415486,8761019928640,1964078453943540,0.01279250962268419,0.017426847379617527,0.0010201932443461015,0.21556393184457184,-0.23841500666005677,-0.23042520958725743,-0.058030598420262036,9748761892492.95,0.8986802657870266
2024-12-19,1482.41,1496.33,1480.85,1486.81,138793892,8259678081626,1922767202835965,-0.022395076502265132,-0.020146568427157452,-0.022761331370280913,0.22979584554397367,-0.2554707608488819,0.024948446442824235,-0.05722414183479951,9662932063733.65,0.854779690796517
2024-12-20,1482.8,1484.72,1456.15,1466.65,159592673,8662749504273,1895273848130295,-0.0135592308364888,-0.03833796684851021,-0.042419137906269055,0.23197923135449722,-0.26556600466704716,0.1498537197876113,0.04879989494307879,9641767105589.25,0.8984607706663313
2024-12-23,1479.45,1493.74,1473.14,1488.25,139931636,7315083320053,1924979437971325,0.014727440084546295,-0.022110519745055623,-0.04279061989477606,0.23159620900309874,-0.2547496720047271,-0.12319511059257715,-0.15557025902171684,9295452211531.75,0.7869529263974975
2024-12-24,1494.37,1496.11,1483.84,1491.16,125056309,7036680061027,1925359111533880,0.0019553166470687167,-0.006992261896834218,-0.036643667467762375,0.2318457606631794,-0.2532924716321645,-0.10630424559604235,-0.03805879534725287,9187975845049.8,0.7658574837044383
2024-12-26,1496.67,1496.67,1481.97,1482.35,132118389,7256822266281,1916630439051220,-0.005908152042705117,-0.025327608539848945,-0.03349372766867498,0.2307597799417965,-0.25770413324119423,0.056471201305005714,0.03128495303819023,9098503529192.95,0.7975841568887857
2024-12-27,1477.18,1482.06,1460.99,1470.96,125893397,7005617037822,1896023341622990,-0.007683745404256648,-0.010660407180473563,-0.038720175662164014,0.23176534256670664,-0.2634077456960009,-0.04711677191280317,-0.03461642289714484,9060896759601.45,0.7731703851937661
2024-12-30,1466.13,1487.13,1461.34,1468.46,98900345,5685954431595,1894908878052125,-0.0016995703486158975,0.0012341049330104603,-0.021678880746169193,0.222672828468445,-0.2646596360504362,-0.2144119758719355,-0.188372073309516,8886882809440.1,0.6398142693583277
2025-01-02,1467.62,1474.71,1459.38,1467.98,122722653,7213029252153,1894291559985810,-0.0003268730506789108,-0.013620023517554203,-0.02194002305268139,0.22265987117022043,-0.2648999989984877,0.24087183922361444,0.2685696550912442,8838802476288.1,0.8160640846430758
2025-01-03,1470.58,1508.1,1469.71,1499.45,165520114,9965006663525,1933912703987620,0.0214376217659642,0.005559430242227492,-0.020325893790507976,0.22481172705597294,-0.2491412032168574,0.3487331796844386,0.3815286636402546,8844461055414.4,1.126694617240089
2025-01-06,1507.43,1534.2,1503.7,1533.48,160723716,9548575465927,1972443775051740,0.02269498816232618,0.034492528755017515,0.01718659830057656,0.23316790681515748,-0.23210047171228554,-0.02897773499600176,-0.04178935465465028,8664252597281.05,1.1020656841103018
2025-01-07,1550.23,1555.44,1531.38,1531.38,187250207,10721213641455,1975021964606965,-0.001369434228030264,0.041075216185348484,0.024313893366688433,0.2307952715844599,-0.23315205961001106,0.1650440374337785,0.12280765646272851,8710211965087.0,1.2308786151736222
2025-01-08,1522.16,1552.93,1522.16,1548.73,198994109,10983235098752,1997955057859425,0.011329650380702327,0.05466270787083061,0.041940540504174395,0.2318206804454551,-0.2244639405502309,0.06271769835747087,0.024439533252453627,8725149323007.25,1.2588019633991168
2025-01-09,1553.32,1562.1,1547.04,1551.47,193079609,12241670326464,2000718417125740,0.0017691915311255357,0.05687407185384008,0.07312467577381976,0.20405702615052676,-0.2230918687217699,-0.029721985388019734,0.11457782851748233,8836395040603.1,1.3853692903286592
2025-01-10,1555.9,1560.62,1541.41,1546.15,178473937,9825405133709,1992711242914315,-0.0034290060394335242,0.031144753076127962,0.04368751814125549,0.1894392368994079,-0.22575589139600793,-0.07564585445167338,-0.19738035156293388,8857569411667.7,1.1092665128614643
2025-01-13,1538.95,1544.6,1522.65,1525.72,148524197,8266292418235,1969988355133515,-0.013213465705138594,-0.005060385528340761,0.020671385183500313,0.1951773940870694,-0.2359863393724524,-0.16781016042695351,-0.15868177385632642,8899446942262.85,0.9288546211763966
2025-01-14,1531.75,1534.64,1520.08,1530.13,149082976,8633753496206,1978769752625230,0.002890438612589419,-0.0008162572320390415,0.008402641395036214,0.18825463075922727,-0.23377800478722865,0.0037622085241773018,0.04445294932470567,8719177195324.55,0.990202779780143
2025-01-15,1540.32,1549.64,1526.57,1529.87,197474356,9150702114457,1977102638986700,-0.0001699202028587754,-0.012177719809134069,0.0031145090222408633,0.18746866629662712,-0.23390820138409008,0.32459360081462285,0.059875304348006475,8712105498415.0,1.0503433545566907
2025-01-16,1552.03,1556.94,1548.37,1552.77,193923268,9865879291894,2003828070517480,0.014968592102597045,0.0008379150096360366,0.020283855706682452,0.194327667757851,-0.22244088573746357,-0.017982527311039775,0.07815544299132049,8784955771441.05,1.123042568292366
2025-01-17,1548.13,1554.27,1542.2,1550.33,194300447,10445782660303,2000284600811830,-0.001571385330731534,0.002703489312162466,0.03241079871608732,0.18714791043527312,-0.22366273072339238,0.0019449909435313995,0.058778680668175154,8842207509719.85,1.1813546163466997
2025-01-20,1556.23,1558.45,1544.28,1546.47,185523503,8984430283844,1998734638283835,-0.0024897924957911766,0.013600136329077417,0.01683247088837314,0.18290689213229888,-0.22559564943064025,-0.04517202165777823,-0.1398987920754433,8853378027480.05,1.0148025144704287
2025-01-21,1555.81,1567.92,1541.0,1548.41,229253810,10104420064423,1995971595353740,0.0012544698571586022,0.011946697339441759,0.041430983111493846,0.16090254834942816,-0.22462418251559857,0.23571302984722098,0.124658965031204,8945615126619.9,1.1295388770253247
2025-01-22,1559.97,1571.81,1552.96,1568.49,235680413,11754403203720,2020593799390725,0.012968141512906817,0.025243974978266248,0.0694371526949169,0.15411393891367473,-0.21456899918877503,0.028032698780447785,0.16329320522871793,9100197811592.25,1.291664582142017
2025-01-23,1563.21,1564.17,1549.54,1549.54,211695806,10612370801361,1996757976492355,-0.012081683657530484,-0.002080153532074913,0.04118259700991089,0.15734165839311604,-0.22405832807539383,-0.10176750241862487,-0.09715783800895761,9265062185657.65,1.1454181945793076
2025-01-24,1556.94,1566.62,1552.56,1560.88,181526162,10213885440450,2014200616069795,0.007318300915110321,0.006805002805854388,0.046755546017865246,0.15843929281892466,-0.2183797534276758,-0.1425141318104337,-0.03754913660384873,9423922454628.8,1.0838252850258958
2025-01-31,1558.4,1561.89,1532.04,1546.44,222836035,14161452947842,2000657352185205,-0.00925119163548771,-1.9399018409638202e-05,0.04323540324484787,0.16116688554018688,-0.2256106721148935,0.22756980340938404,0.38649028622922166,9769153988706.85,1.449608938932957
2025-02-03,1514.62,1515.98,1493.33,1503.13,211386097,12137321059537,1946171721711015,-0.028006259538035705,-0.029242900782092573,0.021870071245989164,0.1910212558436713,-0.24729842061512874,-0.051382793631200574,-0.1429325010477437,10025739189792.6,1.2106160782532867
2025-02-04,1522.9,1542.77,1517.82,1524.46,200690587,12247335074539,1970173161877740,0.014190389387478186,-0.028071584772615732,0.038135189245876555,0.1961349634464125,-0.23661729211108773,-0.050597036190133116,0.009064110149377358,10353808221939.8,1.1828821639352756
2025-02-05,1539.82,1547.35,1535.31,1542.64,177585956,10806164445795,1994294161229450,0.011925534287551054,-0.004452934419246879,0.050859003528658464,0.19905241219498623,-0.2275135454536349,-0.11512563367010331,-0.11767218092530607,10533464981621.9,1.0258888660710306
2025-02-06,1551.71,1562.21,1546.58,1562.21,221552345,13062599436211,2017649994470885,0.012686044702587829,0.0008520834401106736,0.041855346960552264,0.1902737733227566,-0.21771374775911623,0.24757807424816858,0.20880998079702984,10688344620256.2,1.2221349423422585
2025-02-07,1559.33,1562.55,1549.76,1551.77,213421404,11086436996173,2006730650623005,-0.006682840335166196,0.003446625798608327,0.011927120014607384,0.17619694524417712,-0.2229416418792377,-0.03669986431423233,-0.1512840112481636,10765237696768.5,1.0298367122447205
2025-02-10,1543.15,1559.02,1535.81,1555.11,211067715,11821860616903,2007327998351405,0.002152380829633316,0.03458117395035676,0.015495827293029674,0.1761045694409917,-0.22126911636571234,-0.01102836433406651,0.06633543499898709,10820270045540.9,1.092566134407603
2025-02-11,1561.63,1570.96,1556.24,1563.59,201414640,12320428248671,2020565809085995,0.005452990463697072,0.025668105427495647,0.009594958449826496,0.1726582796753381,-0.21702270428346804,-0.045734493311779145,0.04217336406886263,10887129703036.85,1.1316507274855325
2025-02-12,1559.58,1567.63,1553.05,1565.82,272268505,14395417051843,2027613004832910,0.001426205079336773,0.015026188871026136,0.009249292606366755,0.17263002706577635,-0.2159060180873119,0.35178110687485287,0.1684185615378937,10994817039305.8,1.309291186963845
2025-02-13,1572.26,1582.7,1569.48,1582.61,334201362,17136072255052,2055129230794800,0.010722816160222637,0.01305842364342813,0.02358115318694809,0.1756226193909631,-0.20749832246692512,0.22746978024505626,0.19038386962593234,11360350395372.95,1.5084105382903938
2025-02-14,1586.92,1597.67,1584.54,1592.06,326524332,15553998136335,2063821542513000,0.0059711489248772676,0.025963899289198844,0.04348111055763826,0.16772982383918053,-0.20276617692716004,-0.022971270835215774,-0.09232419746891407,11724735681277.95,1.326596910936902
2025-02-17,1594.88,1605.28,1592.34,1604.11,234214768,12264483740493,2079980176939730,0.007568810220720312,0.031509025085042275,0.04834883310568361,0.16880988096753918,-0.1967320654187824,-0.2827034770566501,-0.21148995692352002,11906272193492.3,1.0300859531160802
2025-02-18,1606.73,1618.01,1600.88,1616.42,249745225,13804626470688,2093674716968105,0.0076740373166430675,0.03378762974948679,0.056573434344094675,0.1695099644734401,-0.19056775731354347,0.06630861551821532,0.1255774611294882,12138968411303.85,1.1372157833307388
2025-02-19,1621.47,1651.02,1621.47,1645.38,357730479,16606574515440,2129629141197695,0.017916135657811694,0.05081043798137719,0.05964180142583908,0.1726086888183796,-0.1760658594477661,0.43238165614577806,0.20297166683223966,12476003172481.15,1.3310812995038208
2025-02-20,1640.07,1645.08,1627.31,1633.14,301224088,15510936295467,2114480400591505,-0.007439011049119371,0.031928270388788205,0.05341443434623616,0.17587616564179265,-0.1821951146230808,-0.15795799999473903,-0.0659761722054315,12729260854239.35,1.2185260772860382
2025-02-21,1633.17,1635.43,1622.62,1634.22,238503447,12360389341373,2115654917568595,0.0006613027664499338,0.026481414017059723,0.05674212884828034,0.17500502967368609,-0.1816542979899648,-0.2082192078875179,-0.2031177805181711,12898058807115.8,0.958313923530402
2025-02-24,1619.89,1625.82,1613.12,1625.82,250676610,11096624979668,2108529400931045,-0.0051400668208687605,0.01353398457711763,0.0499932188503045,0.17722235038960094,-0.18586064958086712,0.051039778054025264,-0.10224308691271533,12947669052878.05,0.8570365008828679
2025-02-25,1606.94,1623.38,1606.22,1615.33,256084546,11425274283560,2095637608057685,-0.006452128771942789,-0.0006743296915406871,0.0298631167556056,0.17540816020095287,-0.19111358150807722,0.021573357003670912,0.02961705063424014,12931212606870.05,0.8835423738598203
2025-02-26,1614.77,1628.32,1609.09,1623.06,258026223,12324658260259,2103919482136400,0.004785399887329511,-0.013565255442511859,0.04744633891348404,0.16811381224123262,-0.1872427365321636,0.007582171709807017,0.07871880835221057,13016826979814.95,0.9468250810562906
2025-02-27,1620.4,1622.46,1605.5,1611.83,228721571,12159287998572,2090577857826105,-0.006919029487511219,-0.013048483289858859,0.03264184306288742,0.1701440849123969,-0.19286622800428654,-0.11357237903683925,-0.013417837492520013,13114097107721.05,0.9271921580794992
2025-02-28,1586.88,1588.72,1552.94,1553.54,318406775,16647693249299,2014489151020000,-0.03616386343472944,-0.049369117989010114,0.004591190088202524,0.2141635945131176,-0.2220553035082976,0.3921151975648156,0.3691338877123498,13238409122793.9,1.2575297450684608
2025-03-04,1545.38,1562.1,1540.0,1551.68,234626481,13214343542659,2010334257834480,-0.001197265599855779,-0.04560160411361647,0.032299268858980934,0.1864950094744106,-0.22298670993199732,-0.26312346525917985,-0.20623576222997564,13292260246950.0,0.9941381899809795
2025-03-05,1565.21,1574.16,1554.66,1566.62,239294213,12437333850272,2032339152639360,0.009628273870901038,-0.030154829044220066,0.02765569447542071,0.18310074507909904,-0.2155054131738926,0.019894310224940037,-0.05880047615521955,13301760185736.65,0.9350141392271102
2025-03-06,1576.05,1581.56,1568.93,1575.95,227361086,11972209799732,2038685154389850,0.005955496546705685,-0.029025421118134775,0.021592853809054624,0.17975726784603369,-0.21083335837114037,-0.04986801331463875,-0.03739740816958359,13360062453433.5,0.8961192989524667
2025-03-07,1560.28,1574.6,1554.1,1567.0,252299446,12438593560309,2027902354720720,-0.0056791141850947024,-0.027813106841292123,0.0030661690809814512,0.17587755757906537,-0.21531512584001844,0.10968614039783398,0.03895552854306317,13328862159638.4,0.9332074569706892
2025-03-10,1560.76,1575.57,1557.74,1567.88,187315972,10021674366173,2032577068495125,0.0005615826419911318,0.009230531560178834,0.010381693163290961,0.17398046284618038,-0.21487446043525715,-0.25756486996011874,-0.19430807690736696,13275624028138.4,0.7548929033340747
2025-03-11,1534.25,1556.72,1527.56,1550.47,241218512,11527282052304,2006933838042500,-0.011104166135163407,-0.0007797999587544346,-0.002983711763154928,0.17868561597509747,-0.22359262486354392,0.2877626473838546,0.15023514346195532,13260895099908.45,0.869268776010722
2025-03-12,1559.9,1580.77,1553.83,1576.64,260711420,12649182946414,2037962249693300,0.016878752894283755,0.006395935198069802,0.0083461777064322,0.18775780990729568,-0.21048783663331627,0.08081016601246582,0.09732570861192391,13277332834795.6,0.952690054832743
2025-03-13,1592.58,1594.68,1568.14,1577.32,241542240,13734349603427,2035386938763280,0.00043129693525467694,0.000869316919952956,0.007344394630289575,0.18772471508596092,-0.21014732245690992,-0.07352643010421256,0.08578946652998187,13244279462374.8,1.0370024011079215
2025-03-14,1572.51,1583.23,1571.31,1576.94,180088610,10252731586575,2030990864342765,-0.00024091496969536053,0.00634333120612629,-0.0035826893549262273,0.18374595781963393,-0.21033760979078409,-0.2544218766870755,-0.2534971161636417,12900112428950.95,0.7947784674779584
2025-03-17,1592.1,1611.71,1592.1,1611.71,226407974,12624420911100,2069195873776965,0.022049031668928354,0.02795494553154576,0.0123424996545356,0.19903615246321965,-0.1929263187412994,0.25720318458785374,0.23132267771746862,12753633567689.2,0.9898685613081629
2025-03-18,1624.12,1629.62,1606.76,1610.86,236023822,12708379777754,2070016659140385,-0.0005273901632428801,0.03894947983514663,0.0042079408519366535,0.19739229427926883,-0.19335196146180733,0.04247133097882849,0.006650512308265855,12775828369552.25,0.9947206091184666
2025-03-19,1610.43,1631.52,1610.23,1621.0,229080762,11883670100394,2080543515785080,0.0062947742199819245,0.028135782423381217,0.002833422006656594,0.19676713921794933,-0.18827429418421815,-0.02941677641335716,-0.06489495055881578,12679780551037.55,0.9372141775294047
2025-03-20,1634.35,1636.33,1622.51,1628.17,248449040,13618225862054,2084744858997780,0.004423195558297399,0.03223822686582323,-0.010459589881972597,0.18621408341190931,-0.18468387264769803,0.08454781549923429,0.14596128527688523,12530363118368.25,1.0868181339526428
2025-03-21,1628.64,1634.12,1617.91,1632.67,277714406,15485986516297,2087883501662235,0.0027638391568447496,0.035340596344819675,-0.00028778916688099176,0.18465754958713518,-0.18243047000971468,0.11779222813660306,0.13715154038143496,12529115629409.75,1.235999967942394
2025-03-24,1626.99,1636.78,1622.23,1624.65,113997065,6640958080099,2078829321126750,-0.004912199035934983,0.00802873966160167,-0.005856004699489659,0.18547103516950358,-0.18644653426674274,-0.5895169190466842,-0.5711633822546436,12243144066346.05,0.542422603549497
2025-03-25,1638.27,1639.88,1611.73,1613.39,139271630,7861616151882,2064700120586795,-0.006930723540454875,0.0015705896229345484,-0.0076453727964964635,0.1862074551228177,-0.1920850484231189,0.2217124186486732,0.18380752551969182,12081393624956.75,0.6507209677898517
2025-03-26,1621.21,1633.47,1614.68,1630.93,116611133,7057379075400,2087718584076380,0.010871518975573258,0.0061258482418260485,0.009657469371583627,0.18877405443568304,-0.18330178569640154,-0.16270720031064478,-0.10229920425324668,11862998864548.75,0.5949068322420725
2025-03-27,1614.34,1624.97,1606.06,1608.9,116493744,7044099252822,2057768930387395,-0.01350763061566096,-0.01183537345608876,-0.00872426157997852,0.19441210349829033,-0.1943334434996845,-0.001006670606656379,-0.0018816932512935036,11598970914176.9,0.6073038121177039
2025-03-28,1598.3,1599.28,1569.96,1575.34,107793888,6491625743924,2017461919227885,-0.020858971968425788,-0.035114260689545485,-0.022638863900039108,0.2065613416194559,-0.2111388196176227,-0.07468088586799992,-0.07843068206011838,11315587801444.5,0.5736887785091735
2025-03-31,1547.46,1548.25,1526.03,1526.8,142304438,8485788174098,1954957408734630,-0.030812396054185065,-0.060228356876865896,-0.017212302225884102,0.1950531414006858,-0.2354455227393364,0.320153124080653,0.3071899873526267,10907492547684.45,0.7779779025289775
2025-04-01,1547.12,1561.98,1536.51,1555.31,120994510,6845598919938,1989016291036825,0.018673041655750566,-0.035998735581601604,0.002339399876263082,0.20690309094305318,-0.2211689651373574,-0.1497488644732219,-0.1932866129237718,10589055316548.4,0.6464787193282304
2025-04-02,1558.1,1562.46,1541.83,1544.95,121547595,6922411094021,1975186118929180,-0.006661051494557313,-0.05271838766838555,-0.013832326920376281,0.20512766695746848,-0.2263567987661369,0.0045711578153422305,0.011220665274338959,10313309178735.85,0.671211438933077
2025-04-03,1499.17,1531.19,1499.17,1530.91,127265658,7696969691043,1960556469816925,-0.009087672740218156,-0.04847411274784019,-0.028579586915828514,0.20568464256487085,-0.23338741499664495,0.04704381851405626,0.11189144743093915,10099547173301.4,0.762110375739447
2025-04-04,1505.85,1544.05,1494.92,1513.71,170846122,10379241074550,1944036451982025,-0.011235147722596373,-0.03912171340789916,-0.034007657945118064,0.20815953679519583,-0.24200042063515903,0.3424369518444639,0.34848407765310174,9996579549013.45,1.038279245782055
2025-04-07,1445.01,1452.84,1424.67,1425.27,173099671,9748913766530,1832293803008910,-0.05842598648354047,-0.06649855907780977,-0.09095721611347818,0.28933955614317397,-0.2862872938136587,0.013190518892784775,-0.06072961438053204,9982941519031.3,0.9765572349537304
2025-04-08,1460.48,1461.99,1425.91,1429.48,148542564,8667698936789,1837770526651315,0.002953826292562134,-0.08090348547877912,-0.07803440247150861,0.28944864728783043,-0.2841791104567898,-0.1418668612027576,-0.1109061845898186,9839962363255.55,0.8808670822925071
2025-04-09,1424.79,1432.64,1396.88,1402.74,150428168,8722676389391,1804316762485015,-0.0187061029185438,-0.0920482863523091,-0.11029784858940539,0.2830696856429973,-0.2975693296878287,0.012694031590837485,0.0063427967448954625,9643637035404.4,0.9045006938116497
2025-04-10,1468.06,1497.45,1466.05,1497.45,172388615,10765877080077,1927067130194995,0.06751785790666842,-0.021856281558027546,-0.050636522709405773,0.3843146804620884,-0.25014271550040557,0.14598626900780975,0.23424011157527902,9495213409236.9,1.1338214967979554
2025-04-11,1468.44,1490.15,1465.26,1488.76,131536084,7871706715055,1918395432527920,-0.005803198771244467,-0.01648268162329647,-0.05591842429008087,0.3844231317246462,-0.25449428637242233,-0.23697928659615952,-0.2688281078722199,9376162165660.9,0.8395446426773854
2025-04-14,1503.11,1511.18,1499.2,1503.66,107463014,6439447817873,1937232764197395,0.01000832907923388,0.05500010524321719,-0.06704059663338935,0.3764788701998119,-0.2470330198599886,-0.183014951243341,-0.18195023633727858,9066913510999.55,0.7102138792943118
2025-04-15,1509.01,1519.64,1507.34,1515.5,98637218,5735041106229,1951441061108045,0.007874120479363533,0.060175728236841364,-0.05919819226996759,0.3784453909003203,-0.24110406714138355,-0.08212868475846025,-0.1093893034879303,8718246577423.3,0.6578204751721999
2025-04-16,1509.94,1512.26,1489.46,1492.54,106956336,6194065064869,1926174895244805,-0.01515011547344114,0.06401756562156913,-0.07924737816162863,0.37928135178574673,-0.2526014281565163,0.08434055794233775,0.08003847751700333,8433766325647.05,0.7344364102231375
2025-04-17,1495.12,1509.4,1492.61,1507.33,102005795,5895533655849,1946267766506130,0.00990928216329201,0.006597883067881893,-0.07421829415847248,0.3813627799497637,-0.2451952448196778,-0.04628562631390065,-0.04819636311429576,8047631715336.8,0.7325799520141519
2025-04-18,1508.54,1519.55,1504.96,1517.48,92593878,5196650393460,1956799846939000,0.006733761021143314,0.019291222225207516,-0.07055314301114124,0.38249676884904665,-0.24011256998067076,-0.09226845396381644,-0.11854452933122228,7533164909194.95,0.6898362714875642
2025-04-21,1518.68,1528.83,1514.34,1520.3,85761327,4499534780530,1959506758721305,0.0018583440967920861,0.011066331484510972,-0.06422921860092956,0.3828912800237232,-0.2387004376608679,-0.07379052641039618,-0.1341471063374442,7426093744216.5,0.6059086964845108
2025-04-22,1514.35,1523.85,1511.09,1517.4,102930436,5639311862006,1957474116022535,-0.0019075182529763035,0.001253711646321376,-0.059495844154234256,0.3826291870161318,-0.24015263047201274,0.20019640087891832,0.25330998360273727,7314978529722.7,0.7709266457983408
2025-04-23,1539.81,1543.79,1532.14,1542.78,115282002,6900102064858,1990828085825970,0.016725978647686768,0.03366073941066916,-0.05404891687564772,0.38595104395034363,-0.22744343959378666,0.11999916137535838,0.22357164024681464,7307114679195.6,0.9442991341717377
2025-04-24,1542.34,1546.17,1532.01,1541.81,113874869,6689918092466,1988574826777160,-0.00062873514046069,0.022874884729952916,-0.04169929765678426,0.38377845109634107,-0.22792917305130755,-0.01220600766457891,-0.030460994694913368,7289405621177.8,0.9177590657089904
2025-04-25,1555.36,1561.5,1549.52,1555.29,164385771,8608562562238,2007291008600840,0.008742970923784288,0.024916308616917515,-0.012727411225513241,0.378683797188123,-0.2211789802601929,0.4435649625203959,0.2867964066604529,7395252462093.5,1.164066082444605
2025-04-28,1556.95,1560.78,1549.54,1554.04,157952604,7678756120402,2006423341619735,-0.0008037086331166288,0.022192988226008126,0.017841236573225006,0.36127004539998564,-0.22180492543741048,-0.039134573271551565,-0.10800948882158956,7354900859408.7,1.0440325800692487
2025-04-29,1556.51,1570.3,1552.18,1564.05,152183941,8487051111618,2019445388254185,0.006441275642840694,0.030743376828785918,0.005619458500234709,0.3559619900284112,-0.216792356458252,-0.036521480836112064,0.1052637925390556,7436973468992.7,1.1411969058385691
2025-04-30,1562.02,1568.66,1551.3,1560.27,141630044,7884048666832,2010552793329865,-0.0024168025318883624,0.011336677945008367,0.009916178517104024,0.35514459249205627,-0.21868521467415802,-0.06934961028509568,-0.07104970111002917,7485055347633.25,1.053305326503018
2025-05-02,1559.67,1567.45,1549.44,1562.42,129808079,7450076957059,2015003385142315,0.0013779666339801544,0.013367405841186786,0.020582529345291256,0.35324525803063916,-0.21760858896934365,-0.08347074297315049,-0.05504427079435825,7472710710934.05,0.9969711454449947
2025-05-07,1572.67,1576.82,1561.92,1571.81,144592315,8450263833011,2023535623078385,0.006009907707274609,0.010621813295269789,0.03838251712679441,0.3504518923934007,-0.21290648879808516,0.11389303434649856,0.13425188514385966,7376261848857.1,1.1456024753676972
2025-05-08,1577.48,1582.45,1572.89,1573.58,168343453,10386867609541,2028305486553825,0.0011260903035354985,0.012573678927183307,0.10405747682895172,0.26807548546173615,-0.21202015042714506,0.1642627964010397,0.2291767233307731,7408159541007.65,1.402084762354914
2025-05-09,1579.43,1580.75,1568.43,1572.19,123037831,7466239594176,2024760374641440,-0.000883336087138753,0.005204437198299328,0.09983350589025375,0.26882660099719996,-0.21271620146421089,-0.26912612990063833,-0.28118467714773,7348086573877.0,1.0160794268155526
2025-05-12,1582.39,1595.92,1578.01,1595.92,156347841,8565249698937,2047722222041675,0.015093595557788886,0.02284860953552914,0.1377161840398078,0.2559223554078081,-0.20083325821991205,0.2707298213018725,0.1471972725893067,7340215239354.3,1.1668935337229243
2025-05-13,1595.23,1607.8,1594.39,1598.57,152518794,8848429825908,2053202326970630,0.0016604842347986981,0.023137184623852614,0.06752813115629897,0.11708558778822573,-0.19950625444421077,-0.02449056523908122,0.03306151448289296,7244342876645.85,1.221426149559178
2025-05-14,1609.82,1622.85,1605.76,1618.8,163115755,9128109045247,2078241425055125,0.012655060460286416,0.02989547082662658,0.08734785996399697,0.11638521407865932,-0.18937595769612114,0.0694797062190251,0.03160777955430083,7307162993155.45,1.2492001415319751
2025-05-15,1614.28,1621.44,1604.17,1606.53,124670710,7183885313450,2063586170839700,-0.0075796886582654155,0.020939513720306557,0.06841307210406611,0.12142196004657592,-0.1955202355556891,-0.23569179445602906,-0.2129930440313217,7344384867934.3,0.9781466307430261
2025-05-16,1612.84,1614.67,1605.85,1610.26,142874187,8075131194540,2066324412491025,0.0023217742588061974,0.024214630547198412,0.06252721873968992,0.12026727994396498,-0.19365241514687181,0.1460124595424217,0.12406181922494897,7461389372349.85,1.0822557021973056
2025-05-19,1600.93,1602.91,1584.76,1591.96,124520436,6631378274496,2045797682174310,-0.01136462434637886,-0.002481327384831311,0.06661128009969586,0.11320675778418113,-0.2028162525413374,-0.1284609304548484,-0.17879002647290654,7483255032831.2,0.8861622710173886
2025-05-20,1605.45,1608.23,1591.0,1593.61,136932287,7486797756433,2042591622448050,0.0010364582024673386,-0.003102773103461187,0.05724028580337426,0.11064008166067205,-0.20199000490741026,0.09967722085393271,0.12899573007724618,7562818237860.4,0.9899481279284443
2025-05-21,1603.7,1612.56,1601.8,1604.96,128874939,7158933839052,2060875569352930,0.007122194263339265,-0.008549542871262639,0.05764820623665545,0.11083121588532796,-0.19630642269827436,-0.058841842026636115,-0.043792276490878135,7660932410140.0,0.9344729147559695
2025-05-22,1597.14,1598.56,1580.39,1584.91,138663160,7967453612844,2034579903007210,-0.012492523178147752,-0.013457576266860838,0.04249819114648434,0.12348338722506659,-0.20634658334084466,0.07595131432031166,0.1129385732525594,7834328351755.7,1.0169925557254014
2025-05-23,1592.23,1593.61,1584.5,1586.66,132384028,6951071373541,2032096871816230,0.001104163643361522,-0.014656018282761751,0.045643864505074516,0.1226430996968594,-0.20547026009274005,-0.04528334706925763,-0.12756675955596808,7899916327332.45,0.8798917717003409
2025-05-26,1590.56,1617.34,1588.11,1617.34,144234269,7763144188180,2074638364704215,0.019336215698385173,0.0159426116234076,0.04832834234304295,0.12699855905670557,-0.1901070616631113,0.08951412930266778,0.11682699989675349,7943068433498.55,0.977348269522676
2025-05-27,1608.83,1616.31,1606.0,1614.77,154337895,7796413038698,2069770014115985,-0.0015890288993037904,0.013278029128833246,0.04732100583080934,0.12734686682828136,-0.19139400494747072,0.07005010716281301,0.004285486616190104,7998393180810.15,0.9747474101927442
2025-05-28,1622.96,1650.1,1619.35,1636.28,198590901,11312132986448,2096061535418190,0.013320782526303976,0.019514505034393448,0.0520738897568942,0.13137048948416197,-0.18062274033791026,0.2867280650678823,0.450940699306142,8133571702020.65,1.3907952620172623
2025-05-29,1650.7,1667.01,1646.5,1666.1,181597077,10185160958630,2133814523493160,0.01822426479575623,0.051226883545437696,0.07210882602764412,0.14182888278925576,-0.1656901921902073,-0.08557201721945962,-0.09962506886792433,8258891943932.05,1.2332357691292006
2025-05-30,1660.95,1665.01,1647.18,1650.84,234684612,13912799738141,2114906518655420,-0.009159114098793553,0.04044974978886451,0.055490553371055906,0.14824032187607342,-0.1733317309136797,0.29233694659083076,0.3659872234373016,8530179375258.2,1.631009047534815
2025-06-02,1647.28,1665.92,1643.53,1652.62,146686518,7857356184839,2118077829659985,0.001078238957136879,0.021813595162427202,0.05918847378979275,0.14714120605576125,-0.17244038498132186,-0.3749632038081815,-0.4352426303313639,8528844751158.55,0.9212685204255435
2025-06-04,1679.71,1696.92,1676.86,1696.67,202067161,11925629353148,2172367601587075,0.02665464535101858,0.05071929748509074,0.08592439932924556,0.16931306843143257,-0.15038207693617356,0.3775441925753531,0.5177661636567847,8752622370963.0,1.3625207220994149
2025-06-05,1708.63,1739.76,1706.96,1725.29,210301351,12921524323754,2204045371109215,0.016868336211520063,0.05439778033099474,0.09764538970995229,0.1751528237896934,-0.13605043615859946,0.04074976834063593,0.08350879782651588,8976185395500.15,1.4395340285898826
2025-06-09,1745.56,1761.91,1744.3,1754.22,222910639,13280563016546,2236580357645140,0.016768195491772442,0.05288998259408206,0.11479556171278249,0.17963137514565294,-0.12156356097707532,0.05995818828572341,0.027786094256075478,9120870165850.4,1.4560631579067942
2025-06-10,1765.34,1771.29,1748.68,1764.0,244906556,13954508365867,2250850437971995,0.005575127407052793,0.0685469215672021,0.1220017936763369,0.17803904705674098,-0.11666616591052492,0.09867594072080155,0.050746745336123444,9445283604434.95,1.477404909188199
2025-06-11,1775.01,1789.5,1771.93,1788.41,212230370,12801377224987,2281007911964895,0.013837868480725657,0.08216649925572739,0.12061381522883363,0.17722657676894055,-0.10444270848981962,-0.13342307586081936,-0.08263502451297966,9657089980737.45,1.325593657149443
2025-06-12,1789.55,1803.28,1787.04,1792.15,263783947,16188840477083,2289987037290960,0.002091243059477499,0.056274938556112764,0.12109572930806922,0.17710068442350746,-0.10256988051958449,0.2429132880463809,0.2646170949078832,10024110513296.2,1.6149902233828894
2025-06-13,1800.9,1802.3,1761.77,1773.14,258841017,16439607416531,2296731634393675,-0.010607371034790591,0.02773446782859712,0.09534222881146537,0.18424744723278216,-0.11208925477470977,-0.018738555003879775,0.015490111215993974,10389685431860.4,1.582300785172789
2025-06-16,1778.93,1804.4,1767.72,1803.39,201640531,13051401331153,2336536714183770,0.01706013061574385,0.02802955159558107,0.12253739425967769,0.1833528637462134,-0.09694138148604392,-0.22098694659355322,-0.20610018229334104,10683061232745.55,1.2216911470232943
2025-06-17,1811.01,1839.44,1794.01,1807.01,275832652,16070063180520,2338498362958665,0.002007330638408744,0.024382086167800354,0.12218523716666874,0.1834367070272235,-0.09512864425282175,0.3679424996158138,0.23129024790323593,11082807832044.55,1.4499992622858104
2025-06-18,1795.56,1827.99,1795.56,1823.2,195648808,13605159971891,2355520983219865,0.008959551967061552,0.019453033700326028,0.1452549059021584,0.17197769394014953,-0.08702140231749944,-0.29069743345686283,-0.15338478641558395,11431496916914.3,1.1901468434777338
2025-06-19,1835.48,1839.39,1812.53,1826.3,198795763,13067991887504,2359481982765080,0.0017003071522596613,0.019055324610105062,0.14601439498999125,0.17169546705034613,-0.08546905827799978,0.016084713380926985,-0.039482673154657366,11710556623467.85,1.1159155203020719
2025-06-20,1832.31,1854.56,1825.03,1854.37,271386180,17830350997551,2397373175091015,0.015369873514756494,0.04581138545179719,0.15539951151430564,0.17431745644117155,-0.07141283337840143,0.36515072506852175,0.364429298016393,12244127481392.8,1.4562369613226824
2025-06-23,1832.85,1851.8,1819.21,1848.24,260000586,16981185365127,2389260965981540,-0.0033057049024735052,0.02486982848967778,0.16614823554649782,0.1631728488309704,-0.07448246852747653,-0.04195347751311429,-0.04762472889852998,12694814069006.95,1.3376474261710358
2025-06-24,1880.62,1909.87,1879.82,1908.4,299403538,19239983442680,2462711593460490,0.032549885296282,0.056109263368769424,0.20277816293345774,0.18310876934609133,-0.0443569790383479,0.1515494738154166,0.1330176915795127,13309259672463.9,1.4456088404741572
2025-06-25,1924.96,1926.42,1897.71,1914.77,275826268,18649958647371,2466642035732450,0.003337874659400386,0.05022487933304087,0.18390072588324036,0.1803062157571725,-0.041167162415247094,-0.07874746623735618,-0.03066659579343245,13853600395423.45,1.3462174535893234
2025-06-26,1916.19,1919.72,1870.58,1896.79,244202149,16415077787492,2444374948571370,-0.009390161742663605,0.038597163664239265,0.1746502597893198,0.1880760386346708,-0.05017075784434499,-0.11465231077991456,-0.119833019586563,14284533632863.15,1.1491504174646134
2025-06-27,1895.58,1906.44,1873.61,1883.48,180261313,12839692452385,2424741922389605,-0.007017118394761601,0.015698053786461275,0.15107438824651043,0.19440465635684082,-0.05683582209135796,-0.2618356810611032,-0.21781105038877002,14360911606160.0,0.8940722430794376
2025-06-30,1894.48,1902.04,1884.72,1891.25,179212927,12681094118336,2436666757904085,0.004125342451207326,0.02327078734363508,0.13513594622171543,0.19012807710644034,-0.05294494686977336,-0.005815923464398631,-0.012352191038621063,14485708264145.3,0.8754210624083849
2025-07-01,1902.19,1927.76,1898.31,1898.49,205973048,14273507481413,2447430326608770,0.003828155981493664,-0.005192831691469335,0.15001453805335463,0.18139747498988054,-0.04931947240332901,0.14932026080908778,0.12557381470534779,14503743651308.9,0.9841257419166312
2025-07-02,1895.21,1900.99,1864.18,1891.61,201162147,14204510297299,2437063184864860,-0.0036239327044125247,-0.012095447494999467,0.14461279665016757,0.18420523201674424,-0.0527646746587348,-0.02335694425418222,-0.004833933369485233,14821101356931.9,0.9583977570368266
2025-07-03,1908.5,1921.75,1898.91,1921.75,211425207,14635987133350,2472837841069095,0.015933516951168736,0.013159074014519323,0.13265985724978924,0.17246613768701446,-0.03767188454566395,0.05101884302318571,0.030376044440831196,14956619245942.0,0.9785625275792861
2025-07-04,1926.54,1928.05,1880.66,1882.4,194508270,13185683856124,2421014447314490,-0.020476128528684745,-0.0005734066727546283,0.09106295173565027,0.19196594039529263,-0.05737663872447396,-0.08001381311169775,-0.09909159279877311,14969827222560.5,0.8808173708412826
2025-07-07,1873.35,1891.29,1865.41,1885.4,142235996,10042351305199,2425670515961925,0.0015937101572460755,-0.003093192333113004,0.07477967415717535,0.1865163448572706,-0.055874370299151654,-0.26874062475595506,-0.2383898010314498,14807916636993.15,0.6781744894559434
2025-07-08,1892.78,1922.27,1889.14,1921.47,188045974,12241329389685,2467881254757680,0.019131218839503417,0.012104356620261436,0.0892687074829932,0.19438673220766567,-0.03781209626536064,0.32207021631851895,0.21897044005496724,14722257688184.05,0.8314845215289078
2025-07-09,1924.07,1930.18,1913.5,1926.12,188027728,11474654804184,2479526266762405,0.0024200221705257263,0.018243718314028712,0.07700135874883274,0.1911983385412649,-0.03548358020611131,-9.702946365663934e-05,-0.06263001027870618,14655921567143.9,0.7829364227704546
2025-07-10,1933.48,1955.4,1926.43,1955.4,195808265,13366830543101,2519845753604900,0.01520154507507332,0.017510081956550128,0.09109170549340173,0.19527844604963487,-0.020821440374966138,0.041379732036117556,0.164900449835498,14514821070444.8,0.9209090817053647
2025-07-11,1958.3,1980.21,1949.69,1953.81,184249055,12923895443308,2513994143836975,-0.0008131328628414591,0.03793561410964719,0.10189268754864234,0.1882365407390189,-0.021617642640387014,-0.05903330995757505,-0.033136883000406625,14339035471783.65,0.9013085621232779
2025-07-14,1955.07,1972.56,1950.81,1972.38,156382281,10347066160894,2533612839957805,0.009504506579452565,0.046133446483504814,0.09370685209522067,0.18363296086451553,-0.012318601087642267,-0.15124513935770256,-0.1993848753820029,14203818713270.7,0.7284707281730288
2025-07-15,1966.42,1986.88,1960.59,1986.39,170968440,12049684502867,2549036278487280,0.007103093724333043,0.03378663210979105,0.09926895811312608,0.18358731160150532,-0.005303007541387461,0.09327245329028044,0.16455083165582973,14002799779388.05,0.8605196598328848
2025-07-16,1980.92,1982.45,1963.3,1971.28,158040902,10886169319077,2528061684433705,-0.007606764029218893,0.023446098893111555,0.08121983326020188,0.18798218769696473,-0.012869432843593875,-0.07561359277770796,-0.0965598048241979,13866850246747.35,0.7850498941986117
2025-07-17,1978.23,1978.89,1948.94,1975.74,196085692,15284581754285,2535520130115170,0.002262489347023333,0.010401963792574298,0.08182664403438644,0.18790240599223823,-0.010636060451281404,0.24072749217794254,0.4040367466543251,13977679740086.4,1.0934992100620644
2025-07-18,1981.9,1985.27,1962.7,1974.97,161597085,12212991737496,2535286402323580,-0.0003897273932804701,0.010830121659731518,0.06503556463920379,0.18353824098297325,-0.011021642680447474,-0.175885382804983,-0.20096003058296874,13696811777083.65,0.8916667569258524
2025-07-21,1976.6,1990.55,1975.28,1989.54,155924373,10717551787174,2557551296542615,0.007377327250540411,0.008700149058497697,0.07645111024542262,0.18241564626456527,-0.003725625694799173,-0.03510404906128106,-0.1224466520951406,13383630098186.0,0.8007955770255966
2025-07-22,1989.1,1996.64,1951.04,1959.86,157088164,11043125673716,2523629303383380,-0.014918021251143498,-0.013355886809740425,0.02696499685600484,0.1593917624259326,-0.01858806798265389,0.007463817090353153,0.03037763595708709,12973787209737.8,0.8511875133443922
2025-07-23,1971.79,1977.86,1941.79,1969.36,163353224,11083011288337,2536555389596750,0.004847285010153746,-0.0009739864453552904,0.028509951586874527,0.15972747004215657,-0.013830884635800067,0.039882444612440615,0.0036118048276796433,12595439841786.1,0.8799225297054312
2025-07-24,1985.1,2000.0,1965.33,1969.4,179519514,13156772842833,2543591698222640,2.0311167079789527e-05,-0.0032089242511665894,0.038280463309064316,0.1546659045197108,-0.01381085439012908,0.09896523376851141,0.1871117425169715,12432524594553.15,1.0582543185635163
2025-07-25,1966.74,1978.58,1965.97,1971.76,152292921,9686359167325,2548205254851525,0.001198334518127231,-0.0016253411444224763,0.04687068617665169,0.15107350698488603,-0.012629069895542244,-0.1516636960146851,-0.26377392974436487,12274857930300.15,0.7891218963450882
2025-07-28,1990.59,1990.82,1959.4,1981.97,201127161,13415323625612,2561794724292755,0.005178114983567905,-0.0038048996250389377,0.047968274950429546,0.15128496338892014,-0.007516349688028945,0.32065994715539015,0.3849706988840469,12311569405663.95,1.0896517887833428
2025-07-29,1970.99,1994.15,1954.64,1992.47,175559951,12557332288223,2577214714870110,0.005297759300090243,0.0166389435980121,0.04950249935475037,0.15156012465269955,-0.0022584101994010952,-0.12711962856175352,-0.06395606705685108,12225760646004.45,1.027120737254652
2025-07-30,1994.98,2019.49,1993.33,2008.87,201410210,13484581420741,2596008556788510,0.008230989676130562,0.020062355282934652,0.06198952215308662,0.1510874367956097,0.0,0.14724462414551476,0.07384125156802845,12189764202176.55,1.1062216788683452
2025-07-31,2020.72,2028.73,1992.22,2004.01,210995395,16344464117172,2589104671484895,-0.002419270535176432,0.01757388036965568,0.042804735267334415,0.14422776324394168,-0.002419270535176432,0.04759036297117203,0.2120853890230614,12275188051367.65,1.331504173196839
2025-08-01,1976.97,1977.3,1920.55,1921.68,184473606,13528889642236,2486120778899075,-0.04108262932819695,-0.025398628636345122,0.02086697832554174,0.1962465899182982,-0.043402509868732064,-0.12569842578791823,-0.1722647163437968,12292348340673.25,1.1005943915103065
2025-08-04,1920.05,1948.82,1913.73,1942.1,135944502,9344275261527,2509821563766850,0.010626118812705476,-0.020116348885200086,0.030073194017184557,0.1991414964985052,-0.03323759128266135,-0.2630680076801881,-0.3093095214292386,12257444538489.65,0.7623346964520218
2025-08-05,1968.77,1983.76,1958.52,1973.61,151837953,10989775527689,2551672584610870,0.016224705216003388,-0.009465638127550302,0.027135474402410598,0.19598197812153326,-0.01755215618730932,0.1169113187085713,0.17609715254611413,12194866845389.85,0.9011804447740712
2025-08-06,1962.93,1973.51,1957.97,1971.9,148832145,10808166960030,2551435781335805,-0.0008664325778647841,-0.018403381005241637,0.023767989533362455,0.1961051994517988,-0.018403381005241637,-0.019796157288817007,-0.016525229946820374,12161542453182.15,0.88871678914396
2025-08-07,1983.32,1990.85,1971.84,1990.85,152194402,10768023065474,2573829706674100,0.009610020792129248,-0.006566833498834912,0.018129283011148578,0.1917855259391862,-0.008970217087218124,0.022590932892890825,-0.0037142185816019246,12031602079300.8,0.8949783241252082
2025-08-08,1987.13,1995.15,1975.89,1983.84,155410984,11443528436411,2562606829462910,-0.0035211090740135953,0.03234669664043954,0.015369969444316567,0.19235934860793713,-0.012459741048450157,0.021134693245813407,0.0627325338021334,11957583728955.95,0.9570101030277434
2025-08-11,1990.04,1991.5,1977.24,1984.33,151641286,10802275150664,2563226528214320,0.00024699572546182935,0.02174450337263778,0.006058670235958408,0.1896120418837471,-0.01221582282576772,-0.024256316400390387,-0.05603632562371774,11980344178444.45,0.9016665122275801
2025-08-12,1988.09,2009.79,1975.96,1976.37,142197486,10372986423930,2549244716170955,-0.004011429550528356,0.0013984525818171445,-0.005044326642804409,0.18847924588641107,-0.01617824946362878,-0.06227723497412174,-0.03974058434417982,11896509274497.6,0.8719353034226975
2025-08-13,2001.44,2002.72,1978.83,2001.48,176474826,11038298236755,2580092426616140,0.012705110885107507,0.015000760687661652,0.015319995130067765,0.19163470333355728,-0.0036786850318835107,0.2410544726508035,0.06413888784141819,11904115720381.5,0.9272673834861921
2025-08-14,2001.14,2007.99,1990.93,2000.58,167845833,10129635435554,2581554385104490,-0.00044966724623785037,0.004887359670492586,0.012572504479334334,0.191607789862626,-0.004126698093953274,-0.04889645280058241,-0.08231910224851158,11646368404444.95,0.8697677322046524
2025-08-18,1984.41,1985.58,1965.42,1965.47,135647870,8608899648140,2539832229949585,-0.017549910525947454,-0.009259819340269315,-0.004810199648602298,0.20228139773681783,-0.021604185437584245,-0.19183057705102513,-0.15012739570827693,11466163799977.15,0.7508090585760824
2025-08-19,1970.33,1971.57,1943.96,1950.38,134812312,8845998046382,2518519627672125,-0.007677552951711242,-0.017109049402065035,-0.01968294178553831,0.2018970156920746,-0.02911587111161984,-0.006159757613591776,0.027541080501876536,11372586112937.55,0.7778352222208031
2025-08-20,1931.39,1939.76,1907.08,1937.69,173604757,11446030491981,2500895165564670,-0.006506424389093435,-0.019571234131260717,-0.011312032492116653,0.1962894713041644,-0.035432855286802956,0.2877515000261994,0.293921887837451,11392731353850.8,1.0046783459097528
2025-08-21,1944.44,1958.63,1940.27,1940.55,158207606,10660166784692,2508693713538495,0.0014759842905727183,-0.030442472570297974,-0.01462911808912537,0.19543545994708786,-0.034009169334003664,-0.08869083581620985,-0.06865818746853503,11371589128668.55,0.9374386168962958
2025-08-22,1955.94,1967.01,1951.28,1958.82,124526102,8289255122466,2530950573912820,0.009414856612816047,-0.0208739465554989,-0.005372194577028644,0.1986893823046496,-0.024914504173988328,-0.2128943408700591,-0.22240849605004576,11128213242650.2,0.7448864378961076
2025-08-25,1975.56,1985.19,1967.45,1985.19,119238478,8412959775720,2567001712006200,0.01346218641835395,0.010033223605549813,0.0068111737736844535,0.2045126143530864,-0.011787721455345457,-0.04246197315322697,0.014923494502989687,11064543273069.95,0.7603530998153668
2025-08-26,1976.53,1978.7,1964.22,1967.7,177096759,12967811069870,2543942502194155,-0.008810239825910893,0.008880320758006155,-0.007199907163075059,0.20621625532282956,-0.020494108628233754,0.48523162967578304,0.5414088995522608,11042167645282.85,1.174389982695995
2025-08-27,1969.48,1971.74,1957.08,1971.05,122387299,8870455170141,2549630168807690,0.0017024952990800646,0.017216376200527295,-0.010750475540409643,0.20531942177026388,-0.018826504452752024,-0.3089241175780072,-0.3159635714657335,10857823789378.75,0.8169643698600251
2025-08-28,1962.1,1986.04,1954.77,1975.56,120777923,9504636309156,2553309916392955,0.002288120544887251,0.018041276957563523,-0.016581461219491556,0.20305427116263067,-0.016581461219491556,-0.013149861244997285,0.07149364117748203,10658826533799.5,0.8917150756714612
2025-08-29,1984.84,1988.32,1967.98,1969.0,118102594,8669693880820,2543375718752520,-0.003320577456518592,0.005197006360972534,-0.017469972704727055,0.20317730472290277,-0.01984697864968854,-0.02215081145252018,-0.08784580505533746,10275088021981.9,0.8437585996609063
2025-09-01,1952.95,1962.08,1933.23,1938.54,108633464,7959700633099,2508483837414135,-0.015469781615032985,-0.023499010170311196,0.008773573123516787,0.14892810122038738,-0.03500973183929268,-0.0801771551266689,-0.0818936928432642,9996628571525.05,0.7962385094282538
2025-09-02,1946.58,1962.14,1944.67,1960.13,111059059,7807187219288,2533935404938965,0.011137247619342538,-0.0038471311683691,0.009283764996653288,0.14940031417498517,-0.02426239627253124,0.022328248687715657,-0.019160697222305068,9919774169413.1,0.787032757596528
2025-09-03,1962.46,1969.75,1956.07,1969.35,110422541,8066113859229,2542781725658050,0.0047037696479315105,-0.0008624844625960693,-0.002158481158891612,0.1385228280834596,-0.019672751347772577,-0.005731346958378292,0.033165163415232346,9773591085990.1,0.8252968420984306
2025-09-04,1970.13,1982.31,1968.95,1978.94,110265045,7728002174095,2556360061479945,0.004869627034300716,0.0017109072870478137,0.0035701607586591244,0.13957878749564842,-0.01489892327527409,-0.0014263029864527432,-0.04191754431375194,9619582846693.35,0.8033614655911442
2025-09-05,1986.21,1989.35,1977.41,1982.93,142869445,10441778328666,2562372853277905,0.0020162309114981625,0.0070746571863891106,-0.003978200266217868,0.13533785024904477,-0.012912732033431684,0.295691168493152,0.35116141189346917,9603270609852.95,1.0873148068901384
2025-09-08,1988.59,1993.71,1983.83,1992.55,107165250,7473361658542,2573719708060120,0.004851406756668064,0.027861173873120926,0.0043904750383094715,0.13584605452399112,-0.008123970192197572,-0.24990784418599787,-0.28428267453013756,9404762270959.5,0.7946358922456364
2025-09-09,1998.31,2020.48,1992.96,2020.48,142987727,9869298071216,2606221114946770,0.014017214122606703,0.030788774213955206,0.01821773596125653,0.14436349512023783,0.0,0.3342732555562553,0.32059687756920763,9358113416987.1,1.0546247551671029
2025-09-10,2029.46,2061.99,2028.26,2059.09,167645630,12552067277054,2648795341003985,0.01910932055749126,0.04556833472973332,0.04185451104803262,0.15664655721655094,0.0,0.17244768846489889,0.27182978834759775,9467067459643.3,1.3258664661006794
2025-09-11,2073.14,2078.67,2055.62,2076.4,208995778,14713216642037,2671751733493815,0.008406626228091074,0.04924858762772,0.03743230009792753,0.15349773029199182,0.0,0.24665210778235025,0.17217477545979398,9650813379907.4,1.524557160401559
2025-09-12,2099.39,2115.61,2092.91,2115.45,194748728,13815974557891,2715380127540130,0.018806588325948725,0.06683039744216868,0.05741834867888307,0.16444414230244098,0.0,-0.06816908042994052,-0.06098204804396734,9835130336024.25,1.4047576479272124
2025-09-15,2126.64,2135.44,2112.76,2124.4,170418471,12322026883084,2724463404418320,0.00423077832139751,0.06617148879576429,0.08086106630983947,0.1457227428514624,0.0,-0.1249315322870812,-0.10813190691305463,10020786697771.45,1.2296466589618489
2025-09-16,2133.83,2160.45,2131.52,2158.7,188445384,13339590183558,2758838086053725,0.01614573526642804,0.06840948685460879,0.1068099549831314,0.145077576322758,0.0,0.1057802765992426,0.08258083756260404,10245466304630.25,1.3019993221323092
2025-09-17,2145.85,2146.43,2126.67,2132.28,147284751,11419670909142,2728619971333930,-0.012238847454486335,0.03554482805511183,0.10042370038551063,0.15241541829554997,-0.012238847454486335,-0.21842208138141495,-0.14392640613370855,10244148325488.3,1.114750640688099
2025-09-18,2146.42,2169.08,2139.99,2169.08,173602592,12448742313704,2768856378460865,0.017258521394938553,0.04463494509728361,0.11776558192265085,0.1579893891760757,0.0,0.17868680105247292,0.09011392821645847,10333577101938.9,1.2046885788821597
2025-09-19,2170.18,2176.56,2155.54,2162.8,184161663,15176967083542,2758905306503415,-0.002895236690209524,0.02238294452716927,0.10413412156298185,0.16010563003987927,-0.002895236690209524,0.06082323356093666,0.2191566586477316,10677962699992.7,1.4213354653835208
2025-09-22,2176.51,2195.15,2175.01,2186.21,145972355,12211544341966,2782155230135410,0.01082393194007758,0.029095273959706347,0.10125982903399677,0.15852524064259582,0.0,-0.20736839241074834,-0.1953896799836723,10867891928305.0,1.1236350547580907
2025-09-23,2202.44,2205.8,2185.04,2198.43,154688437,11986548325916,2795656137427585,0.005589581970624868,0.01840459535831762,0.11725872846470486,0.1500432458772718,0.0,0.059710497922705885,-0.018424861733235653,10818828791107.3,1.107934006291746
2025-09-24,2200.44,2206.91,2168.01,2189.9,148856445,11969358925761,2781728292928955,-0.003880041666098011,0.027022717466749224,0.11103219096420691,0.15324180965406464,-0.003880041666098011,-0.03770153809233978,-0.0014340575524844912,10973773978888.3,1.090724025188421
2025-09-25,2178.0,2195.4,2175.37,2188.61,147183726,12744276024771,2779564249805960,-0.000589067993972292,0.009003817286591609,0.1078428394986739,0.15433387852760344,-0.004466824051709506,-0.011237128496518922,0.06474173795074245,11135755964669.05,1.1444464179356462
2025-09-26,2167.31,2169.67,2118.03,2132.71,148694073,12119870916105,2710932301774570,-0.02554132531606823,-0.013912520806362183,0.08314372778059931,0.18721667124512686,-0.02989406076154333,0.010261644008115356,-0.048994945452558114,11308264816433.3,1.0717710553163085
2025-09-29,2150.83,2170.73,2148.73,2165.0,123616884,8807691481651,2748121574203585,0.015140361324324392,-0.009701721243613348,0.11681987475110134,0.17604595212123378,-0.015206306318599982,-0.16864955336854615,-0.2732850421742318,11350664358860.9,0.7759626399995937
2025-09-30,2169.46,2173.93,2156.94,2159.07,138875435,9997843636922,2741218387686990,-0.002739030023094613,-0.01790368581214763,0.10149326830363292,0.1771424372295129,-0.01790368581214763,0.12343419851935433,0.1351264582496372,11460197179742.6,0.872397174334356
2025-10-01,2173.17,2184.65,2170.67,2182.32,138730990,10556807847113,2766611659516270,0.010768525337297996,-0.003461345266907112,0.10814228044786356,0.1783553345268208,-0.007327956769148769,-0.0010401047528671992,0.05590847691663692,11584731879136.8,0.9112690701219411
2025-10-02,2234.11,2262.64,2225.72,2243.26,218609151,18824702312801,2843283932876520,0.027924410718868087,0.024970186556764418,0.13356645476871454,0.19570681947230917,0.0,0.5757773443410157,0.7831812973605505,12139566886072.1,1.5506897807366467
2025-10-10,2288.91,2305.09,2271.32,2299.41,226155115,19043889875110,2892742596477895,0.025030535916478636,0.07816346338695834,0.15960220481812248,0.20572524099154502,0.0,0.03451806095710963,0.011643613729814373,12569672463394.3,1.5150665166948518
2025-10-13,2252.48,2277.84,2234.23,2277.84,181421767,14144067232386,2873734957238740,-0.009380667214633154,0.052120092378753036,0.14317833931394452,0.2141940486216107,-0.009380667214633154,-0.19779940860501877,-0.2572910615875791,12903207742086.5,1.096166745130529
2025-10-14,2293.99,2321.51,2236.54,2254.42,228126566,18350953489576,2854199627821245,-0.010281670354370886,0.044162532942424226,0.11578436807095338,0.22060431821592302,-0.019565888640999174,0.2574376811135348,0.297431155273173,13327290513004.5,1.3769455593145141
2025-10-15,2267.92,2316.35,2264.73,2314.02,165497733,13543520583105,2929734141712315,0.02643695495959042,0.060348619817441884,0.12380711867863958,0.22797304847073266,0.0,-0.2745354655450344,-0.2619718321013562,13376863178307.05,1.0124586311885295
2025-10-16,2325.59,2373.72,2325.26,2373.72,199765843,17376996182146,3004169728729340,0.025799258433375716,0.05815643304833129,0.14319013677518777,0.2385713049765089,0.0,0.2070609027617314,0.28304867818660884,13510052155312.5,1.2862271723586884
2025-10-17,2364.0,2410.32,2356.98,2379.39,216918397,18380217431702,3008897901692450,0.00238865578079972,0.034782835596957495,0.12476777990498489,0.23471799024354614,0.0,0.08586329746071764,0.057732719685279044,13738264299003.05,1.337884978165386
2025-10-20,2398.67,2424.22,2365.85,2424.22,179696424,14651132292558,3064010727880060,0.018840963440209357,0.06426263477680605,0.14113161363208415,0.23894894282075357,0.0,-0.17159435766990294,-0.2028858011609871,13854719569476.75,1.0574831355544592
2025-10-21,2448.5,2474.52,2419.32,2424.18,235804144,18845436560916,3070936110318755,-1.650015262644189e-05,0.07530096432785371,0.1229814240051883,0.2373841159150893,-1.650015262644189e-05,0.3122361522341701,0.28627850630278484,14130011888344.65,1.3337169642766498
2025-10-22,2422.94,2456.86,2400.27,2456.86,166483371,15224584354118,3117701335293095,0.013480847131813745,0.061728074951815426,0.15222203462959838,0.22868310051886456,0.0,-0.29397605921632997,-0.19213416442192544,14320257560593.45,1.0631501765731561
2025-10-23,2423.2,2467.36,2414.89,2429.17,171534083,15573874161818,3085285364122710,-0.011270483462631153,0.02335995820905601,0.11990797941984632,0.23440389904188583,-0.011270483462631153,0.03033763654389232,0.0229424856255942,14476514152999.15,1.0758027793998672
2025-10-24,2461.68,2496.37,2457.65,2490.06,207078015,17777545938571,3165015261059615,0.025066174866312352,0.0465119211226408,0.1513131126317735,0.24157965160592265,0.0,0.2072120675865916,0.14149798270206104,14606543095750.6,1.2170946829810074
2025-10-27,2529.65,2562.19,2528.12,2561.97,233211604,20196297678476,3250728518651625,0.02887882219705551,0.05682240060720556,0.1718773585337181,0.25340374331209786,0.0,0.1262016588289201,0.13605655967718033,15005780762576.1,1.345901156229396
2025-10-28,2538.55,2545.36,2514.61,2536.91,216393087,19496076348437,3225306017510190,-0.00978153530291137,0.04650232243480268,0.15396442006340894,0.26116443038105125,-0.00978153530291137,-0.07211698179478243,-0.03467077685160358,15381257163702.15,1.2675216427981784
2025-10-29,2570.39,2588.66,2538.87,2586.71,248782213,21501672526925,3280643730210780,0.019630180022153,0.05285201435979259,0.18120005479702272,0.26113285326069574,0.0,0.149677267647649,0.10287178520660589,15857872843760.35,1.3558989114599524
2025-10-30,2601.17,2632.52,2584.62,2600.52,261731003,23303256959808,3285898563620890,0.005338828086642877,0.07053849668816925,0.18820621307587904,0.25924043839254807,0.0,0.05204869690583536,0.08378810674504522,16385821890512.2,1.4221597864005326
2025-10-31,2600.62,2628.56,2582.99,2621.22,249151293,23517554161413,3305667739674835,0.007959946472243962,0.052673429555914364,0.2290559897970188,0.22548131324481158,0.0,-0.04806350740191068,0.009196019336464634,16955706052777.6,1.386999402337508
2025-11-03,2628.13,2707.69,2627.62,2707.61,226266394,22880692172520,3401577854424180,0.03295793561776583,0.056846879549721674,0.25062817551963046,0.23885905853641412,0.0,-0.09185141575805511,-0.02708028158548681,17659356087321.05,1.295669675574849
2025-11-04,2703.22,2710.77,2638.07,2640.4,224820113,22053566531192,3327029196036005,-0.024822629551523256,0.0407937214958356,0.22293394841297398,0.2673064387378455,-0.024822629551523256,-0.006391939052159956,-0.036149502606454775,18262142232034.55,1.2076111472019269
2025-11-05,2594.31,2594.31,2467.06,2563.95,308618508,28359894413288,3229431153447520,-0.028953946371761963,-0.008798821669224743,0.17487352908830944,0.3013052908482117,-0.05305786283844438,0.3727353121648862,0.2859550120011878,19152296560343.3,1.4807568546118866
2025-11-06,2623.36,2635.48,2548.52,2576.43,317077918,22999757932387,3245659597051355,0.0048674896156322145,-0.009263531909002864,0.14852045683514148,0.29233038887803575,-0.048448631819206,0.027410572537665212,-0.1890041056848757,19361049341322.6,1.1879396373056208
2025-11-07,2531.87,2584.97,2483.4,2526.83,238553586,19234381196463,3184291732502530,-0.019251444828697006,-0.036009949565469435,0.09890363180120132,0.298516947792971,-0.0667673704854097,-0.24764995460831807,-0.16371375503138674,19370573907390.25,0.9929690926258364
2025-11-10,2553.77,2617.2,2544.83,2602.49,246425505,17977413116194,3276677279702820,0.029942655422011022,-0.03882390743127717,0.14252537491658757,0.3061139100707615,-0.03882390743127717,0.03299853559946064,-0.065350065979775,19562241201580.65,0.9189853519821342
2025-11-11,2638.09,2682.94,2598.62,2626.93,249614257,21330396207286,3302513243126395,0.009391006305499827,-0.005101499772761753,0.16523540422813832,0.2993936528783813,-0.029797496685268654,0.012940024207315659,0.1865108772558408,19711213337466.15,1.0821452663566977
2025-11-12,2619.96,2660.23,2611.98,2656.37,213675122,16730686775432,3341208875154975,0.011206998283167069,0.03604594473371159,0.14794599873812664,0.2916294898578064,-0.018924438896296136,-0.14397869509512828,-0.21564106860250631,19870571647082.5,0.8419831634732303
2025-11-13,2641.13,2682.04,2638.58,2668.0,215223240,19234609565235,3361593976043060,0.004378155151579133,0.03554142747910882,0.12397418398126159,0.2831858778070567,-0.014629137874361597,0.007245195348478672,0.14966049053526365,19963452316236.95,0.9634911467487436
2025-11-14,2593.32,2613.38,2558.23,2558.27,193522329,19283338134080,3233252998388040,-0.04112818590704648,0.012442467439439886,0.07517893241545104,0.32899419217219167,-0.055155653879251476,-0.10082977563203677,0.002533379670626168,20008608351355.85,0.9637520908730914
2025-11-17,2605.72,2617.4,2586.45,2616.57,156956840,14414624989210,3296228343524515,0.022788837769273762,0.0054102033052962906,0.07934510894225788,0.3316699283657634,-0.033623749358290156,-0.18894713178033318,-0.2524829005754653,19996782986188.45,0.7208471982301362
2025-11-18,2585.32,2604.71,2523.69,2526.64,169949248,14812666317523,3187032844997180,-0.03436942256465536,-0.03817764462699802,0.04226583834533737,0.3585592998098488,-0.06683754307304235,0.0827769468345565,0.027613713753285474,19795144474018.8,0.7482979645318921
2025-11-19,2532.1,2532.25,2458.44,2509.04,161411274,14874999190403,3164847742087530,-0.00696577272583343,-0.05546290614635763,0.021238491407731708,0.35745852775072934,-0.0733377406642759,-0.05023837469407333,0.0042080791900551695,19777665215833.05,0.7521109811533663
2025-11-20,2582.14,2601.47,2559.07,2563.43,160985443,15218481103407,3227946701413395,0.02167761374868471,-0.03919415292353834,0.055269907005273344,0.3612123108695042,-0.05324991413091262,-0.002638173836605695,0.023091222299064462,19759895562912.5,0.7701701183062265
2025-11-21,2497.16,2500.7,2445.42,2456.31,144434719,14397382319587,3102970174653705,-0.04178776092969183,-0.039855058301117574,-0.013553890267704372,0.384125134533773,-0.09281248037937528,-0.10280882352822418,-0.053954056140082085,19590887381963.3,0.7349020000412133
2025-11-24,2501.0,2503.5,2448.31,2454.79,211154252,21264908321694,3090664276285795,-0.0006188144004625196,-0.06182903572233889,-0.041834994164646644,0.3682448188902607,-0.09337386108043633,0.461935561352115,0.4769982382675242,19644317914124.2,1.0824966493952228
2025-11-25,2523.13,2527.62,2454.2,2471.11,143448939,13764995395824,3110526920040215,0.006648226528542134,-0.02197780451508713,-0.02593706516983252,0.3681853989105097,-0.08734640513220149,-0.3206438532907213,-0.3526896430688464,19357763866493.55,0.7110839604593947
2025-11-26,2491.83,2538.02,2474.13,2537.55,159112229,16099290214141,3195519464319895,0.026886702736826695,0.011362911711252144,-0.019004836259186364,0.3744405569716149,-0.06280815922529459,0.10919069955616756,0.1695819541665211,19087644750854.35,0.8434403733032807
2025-11-27,2558.04,2582.15,2541.12,2554.52,122408407,12894009773258,3207220407178540,0.006687552954621534,-0.0034758117054102255,-0.017688769938320026,0.37475917370849754,-0.05654063916147456,-0.23067882481867563,-0.1990945189662836,18567182391526.85,0.6944516136784541
2025-11-28,2560.77,2560.77,2520.0,2522.66,173724922,14320644836954,3166941787800620,-0.01247201039725665,0.027012062809661508,-0.03760081183571007,0.37556817710769197,-0.06830747411924176,0.41922377929483234,0.11064324355134447,18107336925303.9,0.7908752621122199
2025-12-01,2551.66,2559.03,2504.48,2524.45,183493887,14310826365404,3165869303687485,0.0007095684713753769,0.028377172792784622,-0.0676463744778607,0.3529205853421746,-0.0676463744778607,0.05623237522593327,-0.0006856165809422388,17678843634948.1,0.8094888252257575
2025-12-02,2535.81,2574.81,2532.94,2573.9,180325995,13636139338050,3222572855166655,0.019588425201529258,0.04159669136541866,-0.025185577942735904,0.3521384186802772,-0.04938303522294574,-0.017264291752672967,-0.04714521790195403,17257972275291.0,0.7901356613936309
2025-12-03,2583.85,2607.6,2566.67,2594.93,157197997,13799741367234,3252732581924655,0.008170480593651552,0.022612362317983692,0.012082918933676634,0.3374564659798726,-0.04161603776023881,-0.12825659439727477,0.011997679484506918,16529964622988.3,0.8348318754441031
2025-12-04,2580.33,2588.9,2557.33,2588.89,154809254,13836276297608,3245794215807230,-0.0023276157738358894,0.013454582465590281,0.0048361492452735355,0.3372776096590703,-0.04384678738813941,-0.015195759778033335,0.0026475083410437694,16071790541249.35,0.8609044687395752
2025-12-05,2583.22,2632.01,2567.79,2632.01,177980133,17701694070658,3297415416731105,0.016655786843010167,0.04334710186866264,0.041625277521637916,0.3335100933374883,-0.02792130328961706,0.1496737333286291,0.27936835676794414,15995156184959.1,1.1066909172980524
2025-12-08,2637.47,2669.63,2618.79,2669.63,169810963,17292676467002,3345063554252315,0.01429325876421439,0.057509556537067574,0.025798370022555472,0.32065599221681573,-0.014027130938355281,-0.04589933641638533,-0.023106127697347323,15960919352499.5,1.0834386218669756
2025-12-09,2653.17,2666.35,2642.49,2656.62,158827648,14377094592086,3336268801752010,-0.004873334507029092,0.03213800069932771,0.011302166407174852,0.31997984021478415,-0.01883210654414791,-0.06467965793233266,-0.16860211780863033,15613254271739.5,0.9208262634977392
2025-12-10,2667.24,2681.01,2648.31,2656.71,128118719,12870704705995,3331621449248275,3.387763398610133e-05,0.023807963991321568,0.0001279942176730664,0.31758936547022687,-0.018798866897374422,-0.19334750206714635,-0.10477707275572945,15420255168267.65,0.8346622390841362
2025-12-11,2674.01,2681.25,2631.11,2632.47,212112761,19170504288072,3307826205459670,-0.009124066985105705,0.0168334691701848,-0.013317091454272956,0.31884668408029254,-0.027751411761664513,0.6555953935193499,0.4894681158478167,15417049904409.5,1.2434612592509646
2025-12-12,2638.16,2667.88,2635.81,2663.73,192230459,17202316599285,3378348879015770,0.011874779199763097,0.012051625943670263,0.0412231703455852,0.2826749799872404,-0.016206174449052924,-0.0937345867653856,-0.10266749685930887,15312998827669.75,1.1233799984495105
2025-12-15,2586.0,2628.31,2583.3,2607.08,165736705,15478832572904,3326417940185855,-0.021267170471481744,-0.023430213175608672,-0.0036268855792125354,0.28331832331929313,-0.03712868544583603,-0.13782287228477152,-0.1001890656083283,15366209206854.45,1.0073292875642557
2025-12-16,2607.33,2610.71,2546.47,2547.48,194376942,17630802754598,3248961426418125,-0.022860825137701934,-0.04108227748040738,0.008248108159452983,0.26731001154456474,-0.059140718197967956,0.1728056377131426,0.13902664632868156,15507116028708.2,1.1369491736540978
2025-12-17,2561.06,2596.45,2545.98,2592.67,165269732,13828663331354,3293330765135735,0.017739099031199412,-0.02410500205140942,0.03333147339221387,0.27243684230879534,-0.04245072222365853,-0.149746208066181,-0.21565322215702443,15454799235755.75,0.8947811692927352
2025-12-18,2550.67,2582.08,2544.74,2560.38,143275271,13360927556825,3241345362890480,-0.012454342434633059,-0.027384927463560693,-0.0011898120877105178,0.2662462026811748,-0.0543763688271206,-0.1330822089068312,-0.03382364320552178,15361921558426.65,0.8697432483305435
2025-12-19,2602.46,2602.46,2563.07,2574.73,195089728,17201129656303,3264820704965660,0.005604636811723296,-0.03341179473895628,0.04821052717287322,0.21577634710194601,-0.04907649181381368,0.3616427080427578,0.2874203219159255,15502108925262.45,1.1095993286611348
2025-12-22,2628.0,2636.06,2619.49,2636.06,162806973,13690480598135,3334203011367930,0.02381997335642949,0.011115884437761903,0.07384338375176691,0.22825170806491238,-0.02642551918481617,-0.1654764468173332,-0.20409409895248332,15123387539084.5,0.9052522500500413
2025-12-23,2648.34,2661.04,2638.64,2643.47,169242496,13716787243163,3343619484305145,0.0028110134063714654,0.03768037433071103,0.06975003136242397,0.22799316023791333,-0.02368878826714349,0.039528546483079685,0.001921528235581782,15120977131451.45,0.9071362997191662
2025-12-24,2655.02,2657.36,2638.43,2640.25,126543529,11387063166853,3335442158383430,-0.0012180959118127666,0.018351737783828925,0.040472108923961914,0.21090137884648066,-0.024878028962812215,-0.25229459508798546,-0.16984473368362762,14885365779087.05,0.764983765656002
2025-12-26,2657.1,2673.71,2652.93,2665.69,165948861,16649628429431,3353900169234405,0.009635451188334532,0.041130613424569695,0.043518938978751365,0.21201415133585386,-0.015482288808211009,0.31139744806706005,0.46215298760236845,15073146711895.7,1.104588759578061
2025-12-29,2686.24,2734.48,2685.37,2734.48,146145580,15121622263562,3428656187653020,0.025805701338114995,0.06204534067649803,0.0839669238026528,0.22021951260783731,0.0,-0.11933363616156423,-0.09177419017760147,15113195583226.1,1.0005575710503776
2025-12-30,2716.56,2743.82,2712.04,2733.85,127951133,13686956301524,3422025690487405,-0.00023039115297973645,0.03709703117531471,0.08294876111628269,0.22043836038507658,-0.00023039115297973645,-0.1244953627745704,-0.09487513555308547,15082002080032.1,0.9075026133065531
2026-01-02,2742.13,2816.64,2741.02,2813.82,176803841,18449479577403,3503953473247190,0.02925178777182369,0.06444181322277176,0.09321263452348583,0.23182754620122611,0.0,0.3818075452290055,0.34796072778786535,15322669091999.75,1.2040643484910742
2026-01-05,2871.97,2920.19,2866.8,2920.19,218310485,23612617565291,3625151863296850,0.03780270237612915,0.10602783827289075,0.1253444216221633,0.26007716561904237,0.0,0.23476098576387838,0.27985277125170693,15813312901902.6,1.493211303145087
2026-01-06,2907.52,2965.95,2870.95,2965.95,235800913,26324928811863,3679745968041740,0.015670213239549424,0.11263875394363176,0.14564543105346295,0.26023566581782,0.0,0.08011721470913313,0.1148670298442016,16437745527615.35,1.6014926601483896
2026-01-07,2997.84,3029.49,2939.04,2984.95,257108637,30041101275390,3699708276186890,0.006406041909000404,0.09159693982036798,0.13409523520047406,0.25769561423780946,0.0,0.09036319549789029,0.1411655275531971,17054715887851.95,1.7614542202246966
2026-01-08,2969.02,3038.39,2966.58,2983.5,244267450,28054390171317,3703386122938415,-0.0004857702809091258,0.09131810450463629,0.11757059967111538,0.2570580044400401,-0.0004857702809091258,-0.04994459598803758,-0.06613309831289493,17592801573067.7,1.5946516565198257
2026-01-09,2964.09,3008.53,2942.69,3001.22,213703902,24117890842226,3732071812369480,0.005939332998156521,0.06659985357983089,0.12971369635100238,0.25400812406508855,0.0,-0.12512329415974166,-0.14031669571330418,18079841385574.7,1.3339658422816065
2026-01-12,3037.15,3044.51,2980.98,3020.33,229482169,23996874960223,3761603944884560,0.006367410586361588,0.034292289200360315,0.13686853288465795,0.25294917351284224,0.0,0.0738323767246889,-0.005017680973624872,18636149898286.1,1.2876519609036792
2026-01-13,3044.04,3054.98,3020.09,3053.27,250300120,26487309735273,3816050265869695,0.010906093042813314,0.02944081997336445,0.15984987483238178,0.24639019389632258,0.0,0.09071707440589871,0.10378162903203525,19001990170646.15,1.3939229258306851
2026-01-14,3047.59,3072.89,3038.92,3072.89,250603014,24319021996754,3837021286868880,0.0064258974804061175,0.02946113000217765,0.15360415657743087,0.2458820399133462,0.0,0.0012101232712153909,-0.08186138041914859,19357825440519.6,1.2562889396579469
2026-01-15,3059.01,3118.65,3055.38,3118.62,239710330,24070531710136,3897210139836710,0.014881756262020485,0.045289089994972276,0.1962118538748332,0.2225889629299489,0.0,-0.043465893829992,-0.010217939136333953,19787410397381.2,1.21645688984758
2026-01-16,3131.42,3162.79,3116.36,3155.22,299585224,27838698571987,3934223925481550,0.01173596013621414,0.051312466263719436,0.2385651702859295,0.18789456881758454,0.0,0.2497801992930384,0.1565468892514843,20297805188250.65,1.3715127479941223
2026-01-19,3143.47,3205.82,3142.46,3195.19,242302780,25339968786370,3986048493989055,0.012667896374896292,0.05789433604937222,0.2323936328186773,0.1862733000233127,0.0,-0.19120583864309681,-0.08975742092093975,20873370461001.45,1.2139854861347703
2026-01-20,3192.79,3211.5,3134.31,3172.76,323914469,28656463611310,3970138578792800,-0.007019926827512513,0.039135091230058316,0.2391754348963826,0.1781886381323468,-0.007019926827512513,0.33681697337521266,0.1308799885627283,21638147263725.7,1.3243492274105113
2026-01-21,3120.01,3192.68,3119.32,3188.67,278615436,33586091854144,3980905272676620,0.005014561454380395,0.03767788628945401,0.2384483033172411,0.17843067877899707,-0.002040567227614032,-0.13984874815826764,0.17202500314408642,22457395373617.75,1.4955470701468745
2026-01-22,3246.53,3270.18,3209.93,3225.39,327560067,34799546376866,4019698810588320,0.011515773033898169,0.03423629682359497,0.22356471400499234,0.17175156351552434,0.0,0.17567092370287773,0.03612967319900551,23512848662554.3,1.4800225560200402
2026-01-23,3245.61,3269.69,3209.56,3254.75,330038078,32334782484517,4057643816791460,0.00910277516827418,0.03154455156851199,0.2312415121034097,0.16960294175284552,0.0,0.007565058288988569,-0.07082747187726335,24443748424622.0,1.322824221670782
2026-01-26,3263.02,3283.05,3237.26,3245.45,300731501,31258768599289,4054809366285120,-0.0028573623166142648,0.015729893996913935,0.22922071773506292,0.17119854993496078,-0.0028573623166142648,-0.08879756292848129,-0.03327728849709233,25437333696243.8,1.2288539739487248
2026-01-27,3231.5,3355.77,3212.36,3355.77,301850400,33119521313362,4168630603080220,0.0339922044708747,0.057681639960160735,0.25887481290022474,0.1904537428814914,0.0,0.003720591279195551,0.05952738375354061,26260828340440.35,1.2611758046626278
2026-01-28,3395.31,3436.7,3383.55,3428.13,336388501,38270213051937,4255788657096730,0.021562860386736826,0.07509714081419516,0.2536679734355345,0.18683057747439863,0.0,0.11442125304455453,0.15551830263008548,27418257879859.1,1.395793023015132
2026-01-29,3486.75,3495.57,3360.79,3464.28,367890116,42368265871672,4304356815175190,0.010545107682614185,0.07406546185112517,0.2671799842712659,0.1817553753863467,0.0,0.09364652747152014,0.10708204875090388,28852323358366.5,1.4684524828530383
2026-01-30,3457.5,3548.52,3454.96,3469.74,334431042,40731330315110,4299953111249150,0.0015760850739545695,0.06605422843536357,0.23310659530460365,0.173204189482982,0.0,-0.09094855377957478,-0.038635887565473315,29966415895251.85,1.359232630872077
2026-02-02,3395.96,3450.84,3266.4,3276.53,277756114,34962044300635,4067429449245950,-0.05568428758350763,0.00957648400067801,0.12202630650745339,0.2695019514562539,-0.05568428758350763,-0.16946670877519798,-0.14164246465416286,30533887232019.05,1.1450243473740351
2026-02-03,3396.7,3513.68,3384.21,3513.68,299315410,31722024111042,4344557276504710,0.07237840031985043,0.047056264285096905,0.1846727018324652,0.35753013303373293,0.0,0.077619519115248,-0.09267250397981308,30803741996978.0,1.0298107325452242
2026-02-04,3486.17,3563.08,3473.57,3557.94,359881942,30935528605240,4406327274995680,0.01259648004371483,0.03786612526362765,0.19195966431598532,0.3576674246791755,0.0,0.20235019640318552,-0.024793358174399427,30848463363470.5,1.0028223526320796
2026-02-05,3468.81,3507.61,3393.79,3407.89,340637091,32374620266841,4227638413157050,-0.042173280044070505,-0.01627755262276731,0.14224568459862574,0.4004704742135974,-0.042173280044070505,-0.053475456126109266,0.046519058392855195,31064474868246.7,1.0421750376966294
2026-02-06,3305.45,3388.41,3232.57,3363.21,305481686,30491466532537,4161870459875780,-0.013110751814172317,-0.030702588666585928,0.12061428352469994,0.40678237609189344,-0.054731108450395416,-0.1032048650274553,-0.058167592971979376,31383153652762.25,0.971587077255164
2026-02-09,3512.08,3525.81,3484.5,3511.69,273231959,27089943465925,4338965366050410,0.04414829879787474,0.07177105047107757,0.1626842100035426,0.4287237693240642,-0.01299909498192775,-0.10557008317677019,-0.11155655838928846,31537807078047.35,0.8589672515557243
2026-02-10,3544.38,3559.05,3500.88,3506.04,390778786,23232025489913,4333823634325310,-0.0016089119483782,-0.002174358507319951,0.1482901937922294,0.42986392180154215,-0.014587092531071377,0.4302089236932931,-0.14241144433781006,31375042865779.35,0.7404619521732061
2026-02-11,3497.16,3554.63,3470.61,3538.9,288830855,24612685910328,4374281898592280,0.009372397348575534,-0.005351411209857382,0.1516520278955642,0.4299131032484452,-0.005351411209857382,-0.2608839953763509,0.05942918842846745,31389726061458.05,0.7841000543342984
2026-02-12,3588.09,3658.79,3570.12,3658.79,373503099,31918402677576,4511429742380560,0.03387775862556164,0.07362326835666644,0.17320802149668757,0.439460976098904,0.0,0.293155120148088,0.29682728629720034,31782119609830.05,1.0042880421261708
2026-02-13,3654.41,3701.61,3631.83,3647.17,441074720,28453973200566,4492679508976310,-0.0031759133484020596,0.08443124277104319,0.15591622771153846,0.44113591494530485,-0.0031759133484020596,0.18091314685450577,-0.10854018955791622,31812883341259.0,0.8944166706091448
2026-02-19,3741.16,3774.4,3727.32,3771.16,516551941,29790376589972,4645871340549050,0.03399622172807959,0.07388750145941114,0.1802615806884722,0.4507543167149913,0.0,0.17112116740673788,0.046967197866743415,32035403731439.1,0.9299204355191608
2026-02-20,3780.7,3852.81,3766.26,3850.33,435311698,29327382987523,4745467313492590,0.02099354044909263,0.0981991078253528,0.21355854208953717,0.4487584791830829,0.0,-0.15727410266376296,-0.015541717005512878,32068949700249.75,0.9145102431369806
2026-02-23,3917.86,3939.26,3836.41,3873.83,425872872,29888011462270,4755766850341690,0.006103372957642517,0.094642403006584,0.21487328572727815,0.44861134867401586,0.0,-0.021682913745175725,0.019116212141584876,31884045680656.05,0.937397084473598
2026-02-24,3880.41,3965.64,3830.77,3965.33,334354329,29613032433419,4855901809337860,0.023620034952488878,0.08378179671421426,0.22941101696228983,0.45114777168240533,0.0,-0.21489639048903775,-0.00920031194441051,31624719983483.7,0.9363887632486447
2026-02-25,4002.47,4077.31,3973.31,4036.02,419523430,34308059471890,4946814026524010,0.01782701565821765,0.10661691119415884,0.24003994162378062,0.45178443177963173,0.0,0.2547270772737624,0.15854597292685746,31723383832852.35,1.0814754079405926
2026-02-26,4067.04,4218.7,4055.53,4213.72,491549092,39689828598856,5139203843959160,0.04402852314904293,0.11735381155930802,0.2983469164522641,0.46295311782926785,0.0,0.17168448017313365,0.15686603118359121,32144936832830.7,1.234714779663821
2026-02-27,4128.27,4250.39,4106.23,4171.71,437909197,53335362670439,5093658824414470,-0.009969812896917785,0.08346817026073095,0.24314538839074196,0.4634981617732836,-0.009969812896917785,-0.10912418692861714,0.3438043083908988,33155728900684.55,1.6086318847099093
2026-03-03,4116.85,4122.61,3849.41,3849.78,513922472,53550496516122,4724983603143770,-0.0771697936817276,-0.0062083261268562895,0.1229970858748064,0.5575811762601216,-0.08637023817434475,0.17358227577942364,0.004033606127557876,33919743073893.8,1.5787412186307783
2026-03-04,3711.72,3787.45,3361.7,3383.99,548196195,62176952137040,4144231662727740,-0.12099132937466561,-0.1466057049476337,-0.023176533074693806,0.7172632766291623,-0.19691151761388992,0.06669045404186957,0.16109011460464995,34910177387162.2,1.7810551761878137
2026-03-05,3473.64,3824.54,3471.21,3728.98,402554366,44770019147732,4562860071605220,0.10194770079107807,-0.07607494511920154,0.07471453192458233,0.8037718703569101,-0.11503849330282989,-0.26567464409343444,-0.2799579649858449,35112111828793.3,1.2750591410175118
2026-03-06,3661.71,3745.96,3583.89,3727.16,307812064,32413529432980,4571110141562820,-0.0004880691234601109,-0.1154704156896994,0.13753269464952234,0.7718839492731475,-0.1154704156896994,-0.23535281194788982,-0.27599920549459867,34984686085410.55,0.9265062248621181
2026-03-09,3498.96,3542.91,3385.63,3493.93,280981122,33051924010113,4300426833627960,-0.06257579497526267,-0.1624705456515434,-0.0056208875025614,0.7703401924400594,-0.17082055760705517,-0.08716663554811155,0.019695312059520687,35051181080364.1,0.9429617773601615
2026-03-10,3692.1,3747.99,3625.91,3697.19,254309865,29451097831747,4525083492914110,0.05817517809458117,-0.03963603114983194,0.039137815702344536,0.7961070323451424,-0.12258289587348004,-0.09492188233200949,-0.10894452550672218,34976959541689.45,0.8420142350178805
2026-03-11,3781.39,3832.14,3701.46,3737.71,272112546,26619204610717,4576982421315190,0.010959674780035566,0.10452749564862795,0.09678129282341863,0.7781325284711813,-0.1129666897658127,0.07000389465819579,-0.09615577786636331,34689188758883.25,0.7673631342531849
2026-03-12,3704.63,3749.98,3674.78,3712.18,232857911,22601117199714,4554895938082410,-0.0068303854499145444,-0.004505253447323443,0.10376099024443897,0.7764258599663272,-0.11902546918162582,-0.1442588207601424,-0.15094693736210663,34294671292242.1,0.6590270834532438
2026-03-13,3592.25,3689.12,3578.64,3651.67,282114253,23126366823029,4478563367141570,-0.016300394916194727,-0.020254027194968716,0.03986114947503916,0.7667382645977833,-0.1333857019450747,0.21152960527933273,0.023239984938516534,34096492460097.3,0.6782623417964032
2026-03-16,3671.58,3713.39,3628.33,3706.55,199882832,20354585497247,4525268176612180,0.015028740274997565,0.06085410984192596,0.057189878039041186,0.767659945584092,-0.120361580741008,-0.2914826887530564,-0.11985373002999711,33952620460464.0,0.5994996916644127
2026-03-17,3821.84,3826.15,3759.42,3765.06,189939045,19940888152719,4594582084574520,0.015785568790384508,0.018357184780874114,0.06390686371471355,0.7686008851214636,-0.10647598796313007,-0.04974807941484438,-0.020324528081593907,33719030572583.55,0.5913837917076016
2026-03-18,3855.25,3978.23,3852.21,3971.21,356296750,25677796287685,4827302487653100,0.05475344350422051,0.062471406288877374,0.08538888539653833,0.7827191237726032,-0.057552471450404874,0.8758478542418702,0.287695718015637,33407000253089.0,0.7686351990047561
2026-03-19,3850.84,3929.45,3837.58,3857.92,255529457,21344919623384,4693157620088790,-0.028527829049584397,0.03925994967916435,0.05778452882646001,0.7914783557001845,-0.0844384534330711,-0.28281844557942226,-0.16874020713292426,33051547574229.9,0.6458069648764801
2026-03-20,3890.91,3901.14,3851.25,3863.41,413965504,32185948259346,4704794237563530,0.0014230466157929555,0.057984429042054586,0.02446196926144739,0.7835205199364113,-0.08313556667267885,0.6200304609108138,0.5078973745155417,33171326157698.6,0.970294286888982
2026-03-23,3720.67,3720.67,3602.19,3608.68,275355356,25553846363966,4396618579778280,-0.06593398060262823,-0.026404608058706924,-0.06276085426443967,0.8162210534736462,-0.1435880884349222,-0.3348350204561973,-0.2060558179594476,32982649326520.75,0.7747663358085252
2026-03-24,3772.38,3776.91,3601.7,3710.21,262170169,24314697330704,4520558624112620,0.028134941308179284,-0.01456816093236224,-0.04223726905930303,0.8228263440012235,-0.11949298956741317,-0.04788425833271248,-0.04849168362416667,32703983619942.45,0.7434781527922862
2026-03-25,3795.48,3844.39,3758.73,3765.42,243340987,24557469138548,4596680286740270,0.014880559321440057,-0.05182047788961042,-0.05041446739615618,0.8199582722079984,-0.10639055276572729,-0.0718204594817956,0.009984570424302008,32451205455198.9,0.7567505981388353
2026-03-26,3727.26,3735.02,3628.56,3636.25,232079757,25124848670443,4447787937276630,-0.03430427415799564,-0.057458423191771746,-0.09905054979905947,0.824703140077401,-0.13704517623382673,-0.04627757180914205,0.02310415331050475,31992044915126.55,0.7853467553292729
2026-03-27,3526.65,3642.14,3475.0,3622.28,245799420,23880562293185,4432150947448820,-0.0038418700584392784,-0.06241377435995654,-0.1403605365330397,0.805077571494208,-0.1403605365330397,0.059116155486150346,-0.04952413419794188,31201581599843.0,0.7653638395466839
2026-03-30,3447.53,3524.86,3428.1,3511.37,186991321,19951938980007,4300044825293100,-0.03061883675475119,-0.02696553864570983,-0.15829000577700758,0.8096521957041287,-0.1666816969328765,-0.23925239123835196,-0.1645113404343559,29532410415321.4,0.675594666991894
2026-03-31,3414.31,3474.69,3342.33,3347.92,229650918,28489799957035,4106546589316480,-0.04654878295366194,-0.09764676392980454,-0.13036069593587174,0.7814207905809805,-0.20547164975366183,0.22813677539611588,0.42792136571705797,28279375587367.05,1.0074409128666175
2026-04-01,3543.48,3677.03,3509.64,3651.05,281732715,28562378049766,4454109007693430,0.09054278477382982,-0.030373769725555166,0.07891867292752064,0.7266546276162139,-0.13353284034060164,0.2267868008261129,0.0025475114897419715,26598646883003.35,1.0738282355264275
2026-04-02,3702.31,3720.8,3425.12,3471.86,286697559,31744243316970,4247313946073490,-0.049079032059270666,-0.04520866277071156,-0.06895183133189231,0.6528108541432422,-0.1760582098478305,0.01762253276123782,0.11140057251745783,25947358091465.25,1.2234094586844082
2026-04-03,3571.34,3603.09,3528.56,3572.22,208634483,19540158027206,4358614277986880,0.0289066955464794,-0.01382002495665724,-0.04157052554760199,0.6624401991673975,-0.15224077537188052,-0.2722837134445222,-0.38445034483590534,25303689521176.55,0.772225647601822
2026-04-06,3607.97,3665.63,3595.55,3626.12,185433732,19518142953323,4414222154868730,0.015088656353752006,0.032679552425406655,0.03783418671810823,0.6233673162215458,-0.13944922776074353,-0.11120285902115234,-0.0011266579242782404,24627000468337.05,0.7925505576051574
2026-04-07,3704.51,3732.57,3611.6,3663.07,211009874,22620173617056,4449164625239080,0.010189955103526716,0.09413307366962176,-0.009228630392270842,0.5889310790833123,-0.1306802540273203,0.13792604896718585,0.158930625272671,24285454257602.5,0.9314288864897313
2026-04-08,3888.32,3970.0,3862.1,3932.18,344272906,35664448002586,4757095612218510,0.07346569953618132,0.07699976719026025,0.05202918364453102,0.6433757333715068,-0.06681507076882198,0.6315487966217164,0.5766655290255771,24737716427195.95,1.4417033240536912
2026-04-09,3895.66,3920.98,3841.7,3858.14,305047030,31724538641171,4679311294969670,-0.018829249932607373,0.11126024666893253,0.039319214046732665,0.6472821365596866,-0.08438624303465825,-0.11393831845716029,-0.11047162039713387,25193887499268.8,1.2592156983352307
2026-04-10,3930.28,3961.29,3908.56,3914.59,248811320,22475147132187,4741129308333150,0.01463140269663632,0.09584236133272883,0.07199993427664597,0.6445391673528829,-0.07098952944191828,-0.18435095073700603,-0.2915532236292465,25161326514726.7,0.8932417422043507
2026-04-13,3823.61,3895.36,3819.78,3880.71,181502901,19389574910094,4698368807553260,-0.008654801652280386,0.07021003165918405,0.04698709042101146,0.6447722382158422,-0.0790299307974901,-0.2705199224858419,-0.13728818787905084,25113075985369.05,0.7720907992868107
2026-04-14,3990.42,4036.35,3972.07,3992.15,226199895,25283600205381,4809228622645630,0.028716394680354806,0.08983721304807157,0.06031510786016692,0.6497680124708042,-0.0525829908014771,0.24626049365458913,0.3039790878663686,25380211588002.15,0.9961934366746249
2026-04-15,4117.35,4147.01,4061.86,4081.93,348207748,31068379002324,4915122173929020,0.02248913492729465,0.03808320066731441,0.027880671130461554,0.6258095025862002,-0.031276401849197444,0.5393806791996965,0.2287956916717837,25649740723734.1,1.2112550897473966
2026-04-16,4119.64,4176.81,4100.42,4172.49,257925585,25113792160767,5021419778469710,0.022185583780221618,0.08147708481288918,0.08153875663569998,0.6187344182842998,-0.009784703302545106,-0.25927672063173046,-0.19166068629173028,25838184350603.25,0.9719642765913102
2026-04-17,4173.25,4177.11,4125.0,4145.68,238749948,23102607557683,4992493431778610,-0.006425419833240964,0.05903300217902774,0.07306239824403837,0.6199021045668486,-0.016147252309123505,-0.07434561794247752,-0.08008287200154074,25384017315520.1,0.9101241647655898
2026-04-20,4160.35,4210.55,4134.53,4166.62,208356227,23689145363776,5016170174710990,0.005051041083730334,0.07367466262616884,0.1546105501180488,0.5617957223258452,-0.011177771660195845,-0.12730357118234847,0.025388381143925942,25290782265510.6,0.9366711205323698
2026-04-21,4225.95,4280.59,4225.38,4280.04,350561228,31870146983892,5152231270564760,0.027221104876374635,0.07211402377165177,0.15358429846289012,0.5613661895934594,0.0,0.6825090041585367,0.34534811174006674,25668554748170.0,1.2416027040308584
2026-04-22,4278.06,4294.29,4221.47,4288.83,258924873,30184934155215,5170916253815480,0.0020537191241203345,0.05068680746607601,0.13900441385024775,0.561052600582135,0.0,-0.2613990016032235,-0.0528774727499296,25949927999003.35,1.163199148620925
2026-04-23,4336.26,4394.1,4214.61,4334.25,332347136,38565256127776,5213982543585550,0.010590300851281098,0.03876821753916726,0.19195599862495705,0.5393083385034585,0.0,0.28356589364823215,0.27763260736194595,26621948371870.0,1.4486263585623154
2026-04-24,4345.86,4360.6,4274.95,4327.39,288280635,30962414208194,5218141036046570,-0.0015827421122454055,0.043831168831168776,0.19465916494583535,0.5386342419779064,-0.0015827421122454055,-0.1325917880032521,-0.19714226438408577,26976040967620.45,1.1477745843194125
2026-04-27,4364.8,4462.54,4363.47,4430.87,270582843,33362800175266,5332405576004570,0.023912797321248958,0.06342071031195551,0.26186360309508827,0.5192364389235448,0.0,-0.06139084576388565,0.07752580115140861,27646584027383.4,1.2067603050785878
2026-04-28,4453.79,4496.05,4428.61,4443.81,340047520,35023223282779,5349848956372710,0.0029204196918439784,0.03826366108727974,0.3273345838610242,0.472603300906021,0.0,0.2567224005403772,0.049768697435174536,27973255193670.6,1.2520253020357661
2026-04-29,4424.54,4489.83,4410.14,4476.44,248984857,29343830267843,5388618917870100,0.007342798184440724,0.04374386487690107,0.2260692129661328,0.3783160749262657,0.0,-0.2677939336243358,-0.16216077455465305,28012327804574.45,1.0475327317514511
2026-04-30,4512.8,4523.07,4408.1,4408.96,262037028,33161530063438,5309889259332400,-0.01507447882692492,0.01723712291630619,0.26991295731970766,0.3224012598915071,-0.01507447882692492,0.052421545459690355,0.13010229955489816,28083192141897.85,1.180831933060903
2026-05-04,4540.24,4655.06,4509.02,4654.25,408418854,40653995927363,5582202320845990,0.055634435331688215,0.07553282694649655,0.3029012770769999,0.35324419332585755,0.0,0.5586303093011724,0.22593848503346847,29138884036905.7,1.3951802641402773
2026-05-06,4767.47,5021.47,4767.47,4990.88,531930040,57135895891254,5940817227189080,0.07232744265993452,0.1263882713778559,0.37636923212690165,0.41037096200613776,0.0,0.3024130369848206,0.40541894069501594,31019771683802.25,1.8419186470379127
2026-05-07,5076.2,5102.8,4907.11,5072.45,362006193,48916752487537,6023427798499810,0.01634381111146732,0.14146419401369537,0.38475377210918693,0.4097150403964674,0.0,-0.3194477360218272,-0.14385253395449316,32334600627326.3,1.5128299573366912
2026-05-08,4968.6,5089.7,4950.68,5078.9,269778840,40340889674513,6031123987871830,0.0012715748799889681,0.13458462528259063,0.29162449328362383,0.35335431341818696,0.0,-0.2547673348781633,-0.17531545691241368,32568422710922.65,1.2386503955865096
2026-05-11,5287.02,5390.83,5247.95,5330.6,408020807,51451102254775,6292350663387530,0.04955797515210003,0.20903795906517653,0.38165022523806824,0.3547592642450285,0.0,0.5124270198507785,0.27540821905277246,33554750891602.85,1.5333477641060584
2026-05-12,5424.56,5457.11,5051.29,5207.15,406879133,65561780824821,6146694111044360,-0.023158743856226405,0.11879465005102863,0.3301903903090744,0.38176820993565763,-0.023158743856226405,-0.0027980778931208095,0.2742541549483799,35709082576234.55,1.835997345629213
2026-05-13,5104.53,5370.41,5031.72,5360.69,292589294,49068114861158,6306221751613505,0.02948637930537812,0.07409715320745036,0.3813683578520424,0.37484975794730385,0.0,-0.28089383241976185,-0.251574404419147,37193009573787.75,1.319283258425513
2026-05-14,5377.86,5470.71,5359.84,5460.34,358063471,49717931190847,6416277693450660,0.01858902492029957,0.07646995041843696,0.3677692471475271,0.37220210538780957,0.0,0.22377502643688674,0.013243148458580656,38414726123061.05,1.2942414591627256
2026-05-15,5434.14,5502.84,5022.24,5107.38,426816355,58121321545249,6016402465407060,-0.06464066340191266,0.005607513437949185,0.2512169488452767,0.46826889843405545,-0.06464066340191266,0.19201311937234733,0.1690213199367605,39767373250207.3,1.4615328294268475
2026-05-18,5074.39,5234.04,4873.45,5140.0,277672574,44276599714345,6032062705884660,0.006386836303545085,-0.03575582486024098,0.2318783268503939,0.46692414034335494,-0.0586666764340682,-0.3494331443789215,-0.23820383746996387,40725513627886.2,1.0871956120407833
2026-05-19,5069.49,5092.92,4876.98,4971.55,257944699,38303655953375,5835137907707620,-0.03277237354085605,-0.045245479773004305,0.19921219196850704,0.4887395954204335,-0.08951640374042646,-0.0710472579837863,-0.13490068793685728,41485566047670.8,0.923300791156146
2026-05-20,5009.25,5010.48,4817.49,4935.62,239078775,40340433805694,5783281557261965,-0.007227122326035174,-0.0792938968677539,0.18456206709515155,0.49217747945181795,-0.09609658006644284,-0.0731394134988601,0.053174502580073835,42318130469766.7,0.9532659727138554
2026-05-21,5132.88,5371.0,5132.01,5365.36,260998113,42280313261275,6274399136230480,0.08706910175418692,-0.017394521220290393,0.25357706937318336,0.5624596722607488,-0.017394521220290393,0.09168249251737226,0.04808771925767408,42838638783635.85,0.9869667772316302
2026-05-22,5400.48,5415.13,5337.61,5383.44,214968033,32764876618012,6310118958578965,0.003369764563794453,0.05405119650388257,0.2552234525499961,0.5621718376406011,-0.014083372097708269,-0.17636173484518636,-0.22505596362215918,42967635906775.7,0.762547808985814
2026-05-26,5542.09,5597.92,5501.83,5532.14,249668621,41110014421715,6473345667595365,0.027621743717771707,0.07629182879377439,0.27637768933494855,0.5648427690485684,0.0,0.1614220845571026,0.25469767217482464,43094873821472.65,0.9539420997499554
2026-05-27,5681.5,5865.64,5661.5,5686.75,340093419,56539136959662,6618218653028220,0.027947593517156033,0.1438585551789684,0.31412930195799316,0.5645481805941661,0.0,0.3621792664124981,0.3753129925879344,44373709959046.05,1.2741584377741646
2026-05-28,5638.77,5712.15,5407.74,5655.69,286771916,52036796025180,6580146541005070,-0.0054618191409856465,0.14589251198430997,0.2764287826092844,0.5675666296917479,-0.0054618191409856465,-0.15678487151202414,-0.07963228971277381,45307409751541.75,1.1485272786623884
2026-05-29,5800.76,5861.64,5722.85,5860.64,485856208,78693462003012,6808645598061750,0.03623784189020274,0.09231067440022667,0.3188322633055869,0.5721182435187032,0.0,0.6942252043955379,0.5122657045397867,47490921687553.4,1.6570211570274973
2026-06-01,5865.96,6147.18,5865.06,6094.89,393853077,71968689164745,7056614710059845,0.0399700374020584,0.13215527618028644,0.361548462617616,0.5783607851010175,0.0,-0.18936288038538351,-0.08545529281720521,49622164632398.5,1.4503335293389512
2026-06-02,6173.42,6221.68,5892.21,6118.19,372702075,68486641652478,7062852073477190,0.003822874571977497,0.10593549693247084,0.38767192263028005,0.5686270091511257,0.0,-0.053702772011096966,-0.04838281136809608,51388420211850.5,1.3327251814735597
2026-06-04,5984.98,6100.26,5958.53,6009.19,242789609,48418123213909,6937920217626410,-0.017815726546576705,0.05670022420538956,0.2911188698501368,0.5623791526404247,-0.017815726546576705,-0.34856920504131883,-0.29302821622357766,51776626576177.8,0.9351347589760892
2026-06-05,5770.52,5829.65,5573.95,5652.44,248381989,48969662143982,6547733962525470,-0.05936740226220172,-0.0005746425281442091,0.13255377809123825,0.5736763798720304,-0.07612545540429438,0.023033852326027615,0.011391167056110874,51368314888814.2,0.953304819322494
2026-06-08,5581.72,5581.72,5136.42,5166.42,244058690,47979512925665,5994069089946760,-0.08598410597901074,-0.11845463976630544,0.018525564569389585,0.6597732164782345,-0.15556398215812184,-0.017405847410296715,-0.020219645694220523,51321452910720.6,0.9348822023634195
2026-06-09,5320.29,5645.74,5259.91,5626.42,264397277,47567752105658,6485594761954955,0.08903650883977687,-0.07686274895855383,0.10780287070034866,0.7288703686951689,-0.08037834719091752,0.08333481999759984,-0.00858201334067199,51682796032277.85,0.9203788447503913
2026-06-10,5477.93,5551.07,5216.7,5346.49,228437526,40171106481697,6192204366176435,-0.04975277352206209,-0.12613207500911217,0.0029809027126401766,0.7356123950449331,-0.12613207500911217,-0.13600651038474953,-0.15549706043563905,51118796243623.95,0.7858382715087416
2026-06-11,5190.67,5420.63,5106.36,5375.96,281874188,49255524124357,6227606881857930,0.005512027517118767,-0.1053769310006839,0.03241888557080186,0.7300560658246443,-0.12131529096023486,0.2339224335672414,0.22614307740811412,50303483408600.75,0.9791672621211641
2026-06-12,5742.57,5865.87,5606.69,5633.8,412039404,60665131906483,6553171526943830,0.04796166638144639,-0.003297690908704798,0.050946799758986305,0.7419289235174417,-0.07917210809079145,0.46178480166477676,0.23164118106468212,50883334260867.0,1.1922397143918873
2026-06-15,5925.03,5968.35,5865.26,5921.71,399052853,45088926982156,6885905386196820,0.05110405055202527,0.14619214078607623,0.08449473842288202,0.7594552223964045,-0.032114072952948436,-0.031517740473190226,-0.2567571261254019,50651884050432.45,0.890172751269477
2026-06-16,6030.9,6070.7,5905.59,6048.06,370803126,42526805627201,7021032635195230,0.02133674225857063,0.07493930421120365,0.18418053874980922,0.7146620003922498,-0.011462540391847797,-0.07079194344213846,-0.05682373758792181,49872158254530.05,0.8527163675203119
2026-06-17,5967.44,6163.44,5957.31,6158.19,296856857,38577515262384,7135762805094940,0.018209144750547912,0.15181923093468797,0.1980914396887159,0.7152218499655141,0.0,-0.19942191371924944,-0.09286590672803685,49587204031932.0,0.7779731891627074
2026-06-18,6174.09,6355.78,6167.16,6324.09,260053611,51046904978628,7288921002847330,0.02693973391532256,0.17636477949984752,0.2720559986322173,0.699038133319962,0.0,-0.12397640523425735,0.323229467513233,50224366483194.65,1.0163772796558534
2026-06-19,6490.13,6563.75,6161.69,6315.85,318320052,68929114202982,7275799724829935,-0.0013029542590317078,0.12106393553196781,0.27964673131237827,0.6970751297739,-0.0013029542590317078,0.22405549677216374,0.35030937197545686,51653800503059.05,1.3344441944576735
2026-06-22,6241.07,6482.48,6212.62,6391.28,223121121,44506019213892,7331884558446250,0.011942968879881555,0.0792963518983536,0.19121177330132566,0.6403624472329374,0.0,-0.29906671100945914,-0.35432190405303965,51765085800689.9,0.8597690610472986
2026-06-23,6360.82,6429.28,5719.42,5722.92,271926372,62150245828802,6592089323186855,-0.10457373170945405,-0.05375938730766561,0.06306005082252253,0.758036810455306,-0.10457373170945405,0.21873882123423005,0.39644584994477716,53234354261229.4,1.1674837929623587
2026-06-24,5840.75,6012.13,5636.75,5928.91,242742492,56550179772213,6811748915743630,0.03599386327259513,-0.03723171906030831,0.07172088920381614,0.7620441858452514,-0.07234388103791412,-0.10732272778603469,-0.09010529213375673,54006362528754.3,1.047102176935251
2026-06-25,6093.68,6357.64,6081.15,6274.66,236296153,52120043204423,7172173385982030,0.058315946776051675,-0.007816144299021777,0.10338242405591935,0.7817603416094803,-0.018246736178042622,-0.026556285827369686,-0.07833992014941094,53785407840992.35,0.9690368688568333
2026-06-26,6186.75,6223.85,5698.95,5900.42,285897998,55631826044433,6753347590651890,-0.059643072293956934,-0.06577578631538117,0.043271466434688044,0.8153305170930497,-0.07680151706700378,0.20991389140389427,0.06737874000288602,53965159341955.0,1.0308841245500087
2026-06-29,5844.03,5964.21,5683.03,5861.48,250310066,45380991537054,6751999024873190,-0.0065995302029348,-0.08289419333842363,0.00014332905621206038,0.8065779193483182,-0.08289419333842363,-0.1244777236950082,-0.18426205350857405,52299535818657.1,0.8677130843839151
2026-06-30,5881.07,6076.39,5746.49,5936.39,207710825,44070010535411,6817267950942935,0.012780048724895465,0.03730088835769152,-0.02600539140164959,0.7949591559695156,-0.07117353644340407,-0.17018588856909977,-0.02888832873060021,50904601887190.4,0.8657372595325364
2026-07-01,6013.47,6044.09,5682.76,5791.75,275795132,44792539204747,6675758418086235,-0.02436497602078036,-0.023134100534499602,-0.053355649301509045,0.7993967166581226,-0.09380437095542671,0.32778410561895366,0.016395019210522666,49719896764803.85,0.9008976711402814
2026-07-02,5511.34,5653.26,5265.99,5291.31,264035989,51010051583642,6137958750482305,-0.08640566322786714,-0.15671765482113764,-0.11946368811769958,0.8532136684299255,-0.1721048052972174,-0.042637239151849804,0.13880687474480302,49849493183290.5,1.0232812477367477
2026-07-03,5358.67,5657.91,5096.16,5620.59,223818218,46403720056238,6484760966726350,0.06223033615494078,-0.047425437511227964,-0.005634734734026314,0.8594937149576106,-0.12058460902980306,-0.1523192772027756,-0.09030242833318691,49721196078903.3,0.9332784348670787
2026-07-06,5689.47,5789.53,5419.06,5587.54,181771984,32201030019733,6446143315106515,-0.005880165605390175,-0.046735636733384656,0.08151098826653658,0.7965294485972496,-0.12575571716463674,-0.1878588542778944,-0.30606791910847564,48932271933606.7,0.658073470682593
2026-07-07,5494.97,5524.56,5110.99,5302.72,246486691,41455563653530,6130304649319720,-0.05097413172881082,-0.10674332380453444,-0.0575321429967901,0.7549008829930632,-0.17031956040104634,0.356021349252589,0.28739868346216757,48626662511000.3,0.8525274306899419
2026-07-08,5152.53,5407.69,4970.71,5008.44,247193734,43004175255185,5793829002400995,-0.05549604731156854,-0.1352458238010965,-0.06322839844458705,0.759991805696584,-0.21636354533051283,0.0028684834752397137,0.037355941282036564,48768315949674.7,0.8818056235438215
2026-07-09,5192.13,5236.62,4890.99,5057.97,243171283,39844921281984,5834676332571135,0.009889306850037194,-0.044098720354694754,-0.05915036570212573,0.7607352554640622,-0.20861392397141099,-0.01627246344359201,-0.07346388936548875,48297785807556.05,0.8249844297365363
2026-07-10,5248.52,5349.35,5138.55,5180.5,226468213,32704152145693,5986820666209670,0.024225133798737364,-0.07829960911576905,-0.0804607902303951,0.744583999440443,-0.18944249039316063,-0.06868849723509496,-0.17921403547908932,46899736819516.55,0.6973205899117905
2026-07-13,5132.57,5219.62,4662.01,4680.39,238947929,41621778399229,5448721388670785,-0.0965370138017565,-0.16235230530788136,-0.20962188286829309,0.7853164358202623,-0.26769129188519347,0.055105817433195314,0.2726756594639441,46726379390370.2,0.8907554777892077
2026-07-14,4655.45,4818.0,4423.28,4731.25,245221358,47363026182660,5486222170714030,0.010866615816203185,-0.10776922032466363,-0.2177243612001204,0.7805525046508215,-0.2597335744952497,0.02625437695256183,0.13793855054346627,46968190418143.15,1.0084064504295727
2026-07-15,4893.83,5147.68,4892.39,5043.4,216308774,35953766057380,5837069922684435,0.0659762219286657,0.006980217393040666,-0.1810255935591465,0.8216120430381236,-0.21089359251980822,-0.11790402041570947,-0.24088959352552997,46837002957892.95,0.767635924307601
2026-07-16,4798.55,4820.79,4629.06,4684.74,178275659,29786607072984,5457002612376350,-0.07111472419399611,-0.07379047325310362,-0.25922306608539736,0.8388512005541501,-0.26701067704747716,-0.17582788851644082,-0.17153026402167704,45773988062610.75,0.6507321807363862
2026-07-20,4557.45,4694.07,4440.53,4473.33,179736950,29987243449822,5207513393642830,-0.04512737099604247,-0.13650612875205093,-0.29172953759193143,0.8447795771339931,-0.3000885581604936,0.008196806048547556,0.006735791570567029,43826894524952.75,0.6842201295542131
2026-07-21,4500.31,4709.81,4410.83,4643.19,165351477,25316877039887,5390867206250570,0.037971712348518816,-0.007948055610750515,-0.27351172222152687,0.8609832143598216,-0.27351172222152687,-0.08003625854338803,-0.1557451060064916,42867437416252.5,0.590585268581707
2026-07-22,4864.4,4942.93,4666.41,4670.82,204265987,29417740440610,5428632693945175,0.005950650307224192,-0.012772523117569379,-0.18383971818582123,0.7942958348588308,-0.2691886445281696,0.23534419350847413,0.16198140845974196,41230812146842.9,0.7134892307199571
2026-07-23,4794.48,4887.8,4730.59,4875.64,227076637,27594571545049,5672898868166965,0.04385097263435567,-0.03326327477495328,-0.17764985469504502,0.8006496828661287,-0.2371418557784981,0.11167130825358607,-0.06197515064903447,39783031735484.7,0.6936266629583151
2026-07-24,4806.46,4806.46,4539.53,4568.6,226230692,31289469317660,5338192091444110,-0.06297429670771426,-0.02479113035088376,-0.27189680397025484,0.7819311226827965,-0.28518231089859924,-0.0037253722407382117,0.13389944346767502,38741503041146.55,0.8076472738919835
2026-07-27,4659.5,4660.32,4480.7,4628.77,171952555,24976833796173,5396597648046930,0.013170336645799585,0.03474816300161199,-0.21551855630616124,0.7688687757877917,-0.2757679212927613,-0.23992384287097523,-0.20174952337475738,37208753428733.55,0.6712623104671186
2026-07-28,4370.04,4381.89,4077.87,4098.36,208245555,35999818907600,4805430876349230,-0.11458983704094194,-0.1173395876541774,-0.3007977507387213,0.8518800237674409,-0.35875755717164637,0.211064034494864,0.4413283605673015,36739694797260.85,0.9798616756686827
2026-07-29,4149.37,4251.1,3550.39,3843.89,333919464,50001064154832,4540417698004605,-0.06209068993451039,-0.17704171858474527,-0.3524869491391234,0.8593726182019495,-0.3985727428621497,0.60348903485599,0.38892543551868175,37036247478231.9,1.3500575128249748
2026-07-30,3857.86,4058.5,3739.51,3776.16,266187405,38884277558451,4475228795878720,-0.017620171232787585,-0.2255047542476476,-0.34801053222255796,0.8592591445944897,-0.4091699941169844,-0.20283950563600572,-0.22233100003546014,36740834395917.1,1.058339534138944
2026-07-31,3816.64,4549.82,3799.92,4521.54,327478758,49730437316547,5290757513219500,0.19739100038133972,-0.01030074858818908,-0.14547815191323143,1.118582634129098,-0.29254546820042304,0.230256397743537,0.27893432613713887,36676853682562.35,1.355907945293324
2026-08-03,4346.26,4379.35,4251.83,4277.32,203536901,27756125264984,5027207132717970,-0.054012570938220206,-0.0759272981807263,-0.2389909244403169,1.1011363616433587,-0.330756906284813,-0.3784729664816916,-0.4418684660199319,35744473942999.65,0.776515142151641
2026-08-04,4347.23,4378.7,4146.54,4346.3,236529863,29895463003363,5118090610975590,0.016126920595139094,0.060497369679579194,-0.22214427100298162,1.1053507927683768,-0.319964076053623,0.1620981838570883,0.07707623877450587,35629195592181.15,0.8390720729581551
2026-08-05,4526.94,4572.94,4469.27,4511.16,227260309,26484864898294,5305323780754780,0.037931113820951046,0.1735923764727918,-0.14927433468106943,1.1069623298350337,-0.2941695560200773,-0.03918978298313225,-0.11408413727144262,34880660654419.35,0.759299405498456
2026-08-06,4420.65,4472.49,4244.45,4280.81,212823115,27625899312982,5064942409301250,-0.05106225449773438,0.1336410533451975,-0.145280766066879,1.104431839072744,-0.330210849782829,-0.0635271247475071,0.04308250840884975,34111746857309.2,0.8098646905578375
2026-08-07,4331.63,4373.32,4181.0,4246.09,198985388,25522552218366,5032317222049740,-0.008110614579951103,-0.06091950972456284,-0.16051498921504082,1.10293319144275,-0.33564325143007345,-0.06501984993500354,-0.07613678276267344,33395628404128.3,0.7642482994933238
2026-08-10,4282.15,4353.03,4229.25,4276.57,190846339,21083242868403,5080506319580935,0.007178368805182966,-0.00017534343934988428,-0.17448701862754568,1.0982870996818328,-0.3308742536706263,-0.04090274709015318,-0.1739367329717315,32814582940263.8,0.642496139804162
2026-08-11,4232.15,4358.27,4212.93,4315.41,200208777,23409818492493,5116838176468715,0.009082044722756866,-0.0071071946253135065,-0.07798068109708811,1.047327126725826,-0.3247972237173148,0.04905746711756409,0.11035188650114103,31903984944927.0,0.7337584484478437
2026-08-12,4377.09,4556.1,4359.45,4490.13,195464610,27565646113280,5303065499133250,0.0404874623732161,-0.004661772138429998,-0.0509632760898282,1.0574055015467754,-0.2974599767182786,-0.023696098997697757,0.1775249826101677,30914115941458.0,0.8916847619217386
2026-08-13,4630.94,4718.49,4618.82,4665.76,277097548,34676744584389,5492086671238440,0.039114680421279635,0.08992457035000379,-0.07487805845263107,1.0391219938889815,-0.2699803482244557,0.4176353867843392,0.2579695916390352,30850264867808.45,1.1240339340027319
2026-08-14,4800.59,4810.15,4685.69,4778.72,216909124,28313962656242,5621421996253610,0.0242104180240732,0.12544011078427442,0.0200608785119345,1.0096077056764077,-0.2523062672891815,-0.21721023673583717,-0.18348844461632186,30776632646971.35,0.9199824743993981
2026-08-18,4893.66,4965.03,4646.07,4703.72,222072432,31211765186012,5529826301534750,-0.015694579301570255,0.09988144704751711,0.05150301900373999,0.9963782962206336,-0.2640410058704985,0.023804014809446272,0.10234535394964084,30837858733780.85,1.012124916177191
2026-08-19,4454.18,4521.5,4369.03,4414.55,169086694,23923425985861,5213055478953075,-0.06147687362343002,0.0229734834001869,-0.049242008188335906,1.0141986107464018,-0.30928546394462453,-0.23859664850250295,-0.2335125603026571,30768186181079.55,0.777537741258611
2026-08-20,4572.53,4741.35,4508.74,4704.15,174161624,28591187848405,5521784069979240,0.06560125041057407,0.047664544233685824,0.007135792002260777,1.0410990627536034,-0.2639737267026324,0.030013775063814307,0.19511260073296754,30726858551469.3,0.9304949870001541
2026-08-21,4636.95,4786.94,4625.1,4754.8,178030168,26946394000890,5559716634957080,0.010767088634503708,0.019083707691780027,-0.024784438555758848,1.030163159683438,-0.25604886658071613,0.022212379002621185,-0.05752799975418854,30694449674261.35,0.877891419681837
2026-08-24,4727.66,4734.17,4556.91,4582.71,168072470,25717442139845,5388381907975930,-0.0361928998065113,-0.04101725985201066,0.003088473492973698,1.0124518351078107,-0.2829746154135009,-0.05593264395504027,-0.045607284633498946,30415848315370.6,0.8455276957325149
2026-08-25,4462.71,4618.71,4372.7,4613.69,167383582,23250552471488,5426273621425970,0.006760192113399954,-0.01914016990807288,-0.0032578849240728625,1.0117701629038462,-0.2781273860635116,-0.004098755733166759,-0.09592282369851068,30329534249136.35,0.766597742006212
2026-08-26,4602.13,4718.84,4581.34,4656.71,191927022,22296590417510,5480348723747840,0.009324423617538269,0.05485496823005742,0.1362374217979876,0.9137494764388486,-0.27139634001326807,0.1466299126039734,-0.04102965102217837,29644372824631.85,0.7521356767913641
2026-08-27,4792.19,4797.33,4680.48,4732.97,198346702,23470630147531,5567151531004400,0.016376368723841628,0.006126505319770992,0.23129694137969614,0.8757085571857784,-0.2594644578237848,0.03344854691696297,0.052655572355986724,28317851124266.8,0.8288280789575164
2026-08-28,4687.01,4729.79,4633.17,4637.11,173277545,21328730481085,5465675343552030,-0.020253667358973493,-0.024751829729957153,0.22799616541671952,0.8769314105742981,-0.27446301836251896,-0.126390591561235,-0.09125872006769775,27440073770398.5,0.7772840065792306
2026-08-31,4510.46,4660.95,4461.63,4660.67,252159420,27898224048449,5488686848123000,0.005080750726206729,0.017011768145922312,0.03077048970041174,0.5363020303955375,-0.2707767458161745,0.4552342601575987,0.30801146712365446,26348463106993.6,1.0588178875998293
2026-09-01,4633.08,4692.02,4593.8,4669.93,157627501,19198301624737,5495219447137090,0.001986838802146451,0.012189809024880427,0.09178878363087173,0.4937979241475398,-0.26932789675933455,-0.3748895004596695,-0.3118450267158017,25920571924981.25,0.7406588743605004
2026-09-02,4519.42,4576.65,4480.04,4482.86,157240000,19108929653371,5275355142106980,-0.04005841629317797,-0.03733322452976462,0.03141982835975421,0.516548762564042,-0.29859746404476106,-0.002458333714241867,-0.0046552019607215556,25381245257481.65,0.7528759704072536
2026-09-03,4546.91,4561.79,4386.01,4483.81,272025271,22332675774213,5283293841370950,0.00021191828430966453,-0.05264347756271426,-0.006062742177178282,0.49884948701172005,-0.2984488240227309,0.7300004515390486,0.16870364689805117,25173635801277.6,0.8871454227156008
2026-09-04,4539.77,4616.3,4523.12,4568.39,160363326,18634308651838,5376277474235680,0.0188634219558812,-0.014819575123298678,0.06717887502598807,0.46415173418705324,-0.28521516816662695,-0.4104837193600296,-0.1656034037195585,24724056268220.4,0.7536914028055345
2026-09-07,4733.9,4794.42,4704.49,4794.42,165421757,22300525830991,5624449010378265,0.04947694920967782,0.02869759068975064,0.12913763014914892,0.4891190964379056,-0.24984979534615914,0.03154356501685429,0.1967455432692633,24562954948851.65,0.9078926325203223
2026-09-08,4827.71,4930.32,4766.22,4769.66,210842847,26969652720335,5589393412903830,-0.005164336874950548,0.021355780493497623,0.11530034583790294,0.49086530455577476,-0.2537238237098046,0.2745774849918925,0.20937295042860926,24857275441448.25,1.0849802418556487
2026-09-09,4780.32,4886.97,4779.2,4836.25,234751798,23701727718981,5671442115030655,0.013961162850182118,0.07883137104437798,0.12069305118169549,0.49158649409937244,-0.24330494048140594,0.1133970221906555,-0.12117045166436269,24871870902772.65,0.952953149830751
2026-09-10,4829.27,4854.73,4727.79,4827.18,270564876,32808621668923,5659165440181580,-0.0018754200051692704,0.0765799621304204,0.07506464178097305,0.47508400237139475,-0.24472406153383974,0.15255720426899555,0.38422911856543474,25134019680554.8,1.3053471782830557
2026-09-11,4660.31,4758.84,4660.25,4730.64,156070691,19545629580800,5552973349882845,-0.019999254222962448,0.035515794404593404,0.013905558794280015,0.4634138934124887,-0.25982901703571104,-0.4231672148013772,-0.40425325458539385,24377463930375.35,0.8017909343081959
2026-09-14,4570.78,4629.62,4542.42,4561.83,153495378,21052860001102,5367739921293070,-0.035684389427223406,-0.048512645950917976,-0.045386630729567834,0.4724705669955551,-0.2862415666345396,-0.016500939308329188,0.07711342395348453,24014408797618.35,0.8766761729811952
2026-09-15,4549.17,4594.38,4494.66,4528.86,164758265,17275767647421,5326095854055495,-0.007227362703125739,-0.050485778860547725,-0.037174831835228406,0.47014183098550466,-0.2914001577148866,0.07337606608584668,-0.17940994019260514,23317608920688.8,0.740889329870049
